EmpID,EmpName,EngDt,TermDt,DepID,GenderID,RaceID,MgrID,DOB,PayRate,Level
1,"Nash, Kay K",2015-01-01,2017-05-29,8,1,1,1,1987-02-12,,1
2,"Simpson, Raymond X",2015-01-01,,7,0,4,2,1982-11-15,,1
3,"Devlin, Kay M",2015-10-06,2019-06-24,10,1,5,3,1986-02-22,,1
4,"Massie, Elisabeth V",2015-01-01,,4,1,2,4,1977-05-25,,1
5,"Mead, Catherine N",2015-05-22,2020-07-15,8,1,1,1,1995-04-04,,2
6,"Wright, Linda K",2015-07-11,2022-06-18,10,1,2,3,1989-02-13,,2
7,"Gibbs, David A",2015-12-04,2018-10-08,3,0,4,7,1983-05-06,,1
8,"Shute, Sarah F",2015-01-01,,9,1,2,8,1986-04-11,,1
9,"Woolley, Paulin P",2015-01-01,2015-02-22,4,0,4,4,1995-01-06,,2
10,"Woodbridge, Irene A",2015-05-09,2022-06-15,1,1,5,10,1985-06-21,,1
11,"Richardson, Bhavna C",2015-05-11,2021-09-29,9,1,2,8,1978-07-31,,2
12,"Lamb, Daniel U",2015-12-24,,6,0,5,12,1975-02-03,,1
13,"Seabrook, Sonia S",2015-01-01,,1,1,2,10,1990-12-17,,2
14,"Powell, David V",2015-07-26,,6,0,5,12,1978-05-02,,2
15,"Nielson, Paulin V",2016-03-13,,4,0,2,4,1974-11-19,,2
16,"Goddard, Joanna R",2015-01-01,,7,1,5,2,1972-08-27,,2
17,"Webb, Steven C",2015-10-08,,3,0,2,7,1987-10-26,,2
18,"Channing, Francis C",2015-03-21,,7,0,5,2,1968-01-31,,2
19,"Richards, Iris K",2015-01-01,,9,1,5,8,1968-10-03,,2
20,"Ewart, Amanda B",2015-01-01,,7,1,4,2,1981-02-12,,2
21,"Gorton, Adele W",2015-09-29,,4,1,3,4,1985-09-07,,2
22,"Andrews, Sally X",2016-05-03,2022-09-27,10,1,3,3,1983-06-19,,2
23,"Bennett, Andrew Y",2015-01-01,,1,0,5,10,1962-11-21,,2
24,"Cousins, Phyllis C",2015-02-05,,1,1,4,10,1974-03-13,,2
25,"Richards, Graham F",2015-12-19,,7,0,1,2,1985-10-30,,2
26,"Kenney, Frances L",2015-01-01,,8,1,1,1,1967-01-25,,2
27,"John, Adam Q",2015-09-04,,2,0,4,27,1955-01-03,,1
28,"Wynn, Adam Y",2015-09-27,2021-10-30,1,0,4,10,1979-05-05,,2
29,"Gadd, Morag H",2015-04-21,,8,1,5,1,1988-10-17,,2
30,"Fleet, Sarah V",2015-02-02,,5,1,3,30,1978-03-28,,1
31,"Rawson, Nishma P",2015-01-01,2018-07-28,8,1,5,1,1953-11-17,,2
32,"Primrose, Adam S",2015-03-27,,3,0,5,7,1969-09-28,,2
33,"Parke, Robert F",2015-10-17,,9,0,2,8,1962-07-02,,2
34,"Gorton, Daniel H",2015-01-01,,5,0,5,30,1954-11-20,,2
35,"Wilson, John Z",2015-01-01,,1,0,5,10,1964-02-12,,2
36,"Coombs, Antony P",2015-06-04,,10,0,1,3,1974-02-04,,2
37,"Stevenson, Frank D",2017-05-09,,6,0,1,12,1975-02-03,,2
38,"McCarthy, Philip X",2016-01-01,,2,0,1,27,1974-07-27,,2
39,"Wilson, Bruno A",2015-01-01,,7,0,3,2,1972-10-14,,2
40,"Dingley, Jayne T",2015-05-11,2015-08-27,6,1,5,12,1964-07-05,,2
41,"Standen, Selina H",2016-03-21,2021-11-20,1,1,2,35,1988-11-15,,3
42,"Stevenson, Dimitrios X",2015-01-01,2020-08-29,1,0,2,35,1988-09-03,,3
43,"Parrett, Matthew U",2015-07-21,2019-07-30,8,0,5,1,1986-10-31,,2
44,"Scholes, Liam J",2015-01-01,2023-07-01,6,0,3,12,1972-06-11,,2
45,"Massie, Sally T",2015-01-01,,10,1,5,3,1977-03-01,,2
46,"Gibbs, Ann J",2015-01-01,,5,1,3,30,1974-04-04,,2
47,"Woodbridge, Rajesh M",2015-01-01,,10,0,5,3,1976-02-24,,2
48,"Simpson, Herbert N",2016-06-21,,3,0,4,7,1969-12-18,,2
49,"Rasul, Irene S",2015-01-01,2018-08-28,6,1,2,12,1975-02-17,,2
50,"MacMillan, Olu N",2016-07-10,,9,0,4,8,1965-09-17,,2
51,"Rutherford, Kenneth G",2015-05-03,2021-09-23,6,0,1,49,1974-07-12,,3
52,"Gorton, Jonathan K",2015-02-21,2018-07-14,2,0,5,27,1981-10-06,,2
53,"Jarvis, Ripduman I",2015-01-01,2017-07-21,3,1,5,7,1979-11-19,,2
54,"Mongan, Adam M",2015-01-01,,6,0,5,49,1991-12-05,,3
55,"Polizzi, Edward G",2015-01-01,,1,0,4,35,1979-05-08,,3
56,"Woolley, Christopher F",2015-07-24,,6,0,3,49,1988-02-22,,3
57,"Jones, Joseph S",2015-02-08,,6,0,2,49,1965-04-27,,3
58,"Hyslop, Antony K",2015-01-01,,1,0,3,35,1991-03-12,,3
59,"Mills, Gabriele Q",2015-01-15,,8,1,2,43,1965-10-31,,3
60,"Shelley, Angela B",2015-01-01,,10,1,3,47,1981-05-28,,3
61,"Pryde, Jonathan C",2015-09-06,2018-04-29,8,0,1,43,1993-11-01,,3
62,"Robinson, Nuala L",2015-01-01,,8,1,5,43,1964-07-31,,3
63,"Housley, Davide O",2015-01-01,2016-08-25,1,0,4,35,1956-02-14,,3
64,"Rutherford, Ian C",2015-01-01,,8,0,5,43,1969-12-05,,3
65,"Dingley, Amanda P",2015-03-27,,3,1,5,7,1963-09-17,,2
66,"Rasul, Christopher U",2016-08-08,,10,0,3,47,1978-11-09,,3
67,"Gibbs, Peter E",2015-04-14,,5,0,1,30,1968-08-31,,2
68,"Ranson, Samantha N",2016-05-31,,4,1,4,4,1979-09-02,,2
69,"Richards, Nishma K",2015-08-03,,6,1,5,49,1980-01-10,,3
70,"Coombs, Jane O",2016-02-21,2022-05-17,2,1,2,27,1970-11-27,,2
71,"Ewart, Douglas Q",2015-09-09,2019-06-07,3,0,2,65,1987-06-24,,3
72,"Massie, Venetia L",2015-09-13,2021-09-20,1,1,5,35,1981-12-30,,3
73,"Haigh, Morag P",2015-10-26,2018-09-18,1,1,1,72,1979-05-01,,4
74,"Shelley, Edward Y",2015-10-14,,8,0,3,43,1970-12-03,,3
75,"Colley, Graham D",2015-01-01,,10,0,4,47,1990-10-15,,3
76,"Dawber, Frank B",2015-01-01,2018-09-17,4,0,3,4,1979-03-02,,2
77,"Roberts, Francis K",2015-01-01,,1,0,4,72,1958-11-08,,4
78,"Shearer, Sylvia B",2015-01-01,,2,1,3,27,1979-02-10,,2
79,"Sheldrick, Andrew U",2015-01-12,,10,0,5,47,1974-04-30,,3
80,"Lewis, Antony M",2015-01-20,,7,0,5,39,1973-06-14,,3
81,"Barrett, Raymond Y",2015-01-01,2022-10-04,1,0,2,72,1991-07-16,,4
82,"Wilson, Nicola C",2015-01-01,2016-04-29,8,1,2,43,1971-09-12,,3
83,"Housley, Arthur T",2015-01-01,,6,0,2,49,1974-12-09,,3
84,"John, Robert X",2015-09-14,,4,0,3,76,1962-05-01,,3
85,"Wynn, Adrian J",2015-01-01,,5,0,2,30,1971-06-29,,2
86,"Dawber, Katie F",2016-12-05,,10,1,5,47,1976-05-09,,3
87,"MacMillan, Bevis F",2015-04-09,,3,0,3,65,1958-11-29,,3
88,"Shelley, Sally M",2015-10-05,,10,1,1,47,1979-10-21,,3
89,"Morris, Sharmin W",2015-05-13,,7,1,3,39,1970-08-17,,3
90,"Hardy, Antony N",2015-01-01,,2,0,2,27,1951-08-08,,2
91,"Geraghty, Jonathan H",2015-06-11,,6,0,1,83,1965-09-17,,4
92,"Pryde, Antony I",2015-01-01,,7,0,5,39,1965-04-16,,3
93,"Pryde, Mark P",2015-01-01,,1,0,3,72,1985-04-10,,4
94,"Hyslop, Robert F",2015-01-01,,8,0,4,82,1945-01-11,,4
95,"Lamb, Nazma E",2015-01-01,2016-10-29,7,1,3,39,1986-04-05,,3
96,"Swart, Karen R",2015-10-04,,1,1,3,72,1979-07-27,,4
97,"Gibbs, Frank R",2015-10-23,2022-07-05,10,0,2,88,1995-10-28,,4
98,"Dingley, Gill L",2015-05-03,,3,1,5,65,1974-12-05,,3
99,"Brant, Dimitrios Z",2015-01-01,,1,0,2,72,1966-07-03,,4
100,"Henry, Katie P",2015-01-01,,5,1,4,30,1964-01-09,,2
101,"Coppin, Morag H",2016-01-03,,10,1,1,88,1983-02-01,,4
102,"Primrose, Elisabeth J",2015-10-29,,10,1,1,88,1975-06-21,,4
103,"Webb, Adrian X",2015-11-12,2018-07-29,2,0,1,90,1966-08-27,,3
104,"Swart, Martin H",2015-09-25,,3,0,4,65,1979-11-13,,3
105,"Gibbs, Tracey O",2015-01-01,,4,1,5,76,1966-10-07,,3
106,"Scholes, Roy D",2015-01-01,2021-04-05,3,0,1,65,1957-05-22,,3
107,"Barrett, Julie C",2015-01-01,,4,1,3,76,1985-02-07,,3
108,"Marsden, Jane X",2015-01-25,,10,1,2,88,1968-05-24,,4
109,"Marsden, Amanda R",2015-01-01,,6,1,3,83,1971-02-25,,4
110,"Johnson, Noella X",2015-01-01,,7,1,2,39,1965-09-24,,3
111,"Field, Davide S",2015-01-01,,2,0,4,90,1967-06-26,,3
112,"Colley, Antony P",2015-01-01,,9,0,4,8,1990-09-25,,2
113,"Shelley, Colette V",2015-10-16,,10,1,2,88,1968-04-14,,4
114,"Kenney, Douglas V",2015-01-01,,5,0,2,100,1989-08-15,,3
115,"Johnson, Stuart X",2015-05-09,,9,0,3,112,1971-08-23,,3
116,"Marsden, Bevis O",2016-01-18,,5,0,5,100,1983-03-22,,3
117,"Cousins, William C",2015-02-15,2017-06-04,10,0,5,88,1986-03-05,,4
118,"Richards, Kevin B",2015-01-01,,1,0,4,99,1970-07-04,,5
119,"MacMillan, Sandra U",2015-01-01,,9,1,2,112,1968-08-27,,3
120,"Ranson, Rebecca W",2015-08-14,2020-04-12,1,1,1,99,1982-03-24,,5
121,"Gore, Selina R",2015-01-01,2021-09-24,1,1,5,99,1969-09-30,,5
122,"Gorton, Martin U",2015-01-01,,1,0,4,99,1972-06-30,,5
123,"King, Sally P",2015-01-01,,6,1,5,83,1995-01-06,,4
124,"Mongan, Giulio T",2015-01-01,2020-06-14,2,0,4,90,1989-01-18,,3
125,"Fleet, Anastasia S",2015-01-01,,6,1,4,83,1976-06-24,,4
126,"Wilson, Irene C",2015-05-06,2017-04-22,7,1,2,39,1966-05-01,,3
127,"Colley, Selina K",2016-03-10,,5,1,3,100,1977-03-01,,3
128,"Barrett, Noella I",2015-01-01,,1,1,4,99,1970-04-23,,5
129,"Shearer, Herbert J",2015-01-01,,10,0,5,117,1979-07-10,,5
130,"Parkes, Joanna F",2015-01-01,,3,1,4,65,1980-06-01,,3
131,"Jarvis, Eunice L",2015-01-01,,9,1,4,112,1993-08-18,,3
132,"Wilson, Graham U",2015-01-01,2019-11-28,4,0,2,76,1994-02-26,,3
133,"Andrews, Bhavna U",2015-01-01,2016-05-21,6,1,1,83,1979-08-16,,4
134,"Green, Adam H",2015-04-12,,5,0,3,100,1995-04-17,,3
135,"Field, Gabriele V",2015-01-01,,4,1,1,76,1969-11-16,,3
136,"Gore, Sarah G",2015-06-08,,3,1,5,130,1989-01-02,,4
137,"Primrose, Syed E",2015-10-02,,9,0,4,112,1978-04-24,,3
138,"Robinson, Elsie L",2015-01-01,2017-06-15,5,1,2,100,1961-10-31,,3
139,"Leyland, Elizabeth S",2015-01-01,,1,1,2,99,1976-11-05,,5
140,"Swart, Christopher X",2015-02-05,2020-06-02,3,0,3,130,1965-08-05,,4
141,"Rutherford, Gabriele Q",2015-01-01,2020-06-04,2,1,2,90,1974-05-12,,3
142,"Polizzi, Paul W",2015-01-13,2018-09-07,9,0,4,112,1954-11-15,,3
143,"Collingwood, Irene H",2015-07-13,,6,1,4,83,1984-03-28,,4
144,"Rasul, Jean W",2015-01-01,,8,1,2,82,1982-08-21,,4
145,"Devlin, Graham I",2015-03-05,,1,0,3,139,1970-10-05,,6
146,"Swart, Andrew R",2015-01-01,2023-06-27,9,0,5,112,1983-12-20,,3
147,"Wright, Laura R",2015-01-01,2017-01-15,4,1,5,76,1957-07-20,,3
148,"Parkes, George I",2015-12-25,,2,0,4,90,1983-03-08,,3
149,"Robinson, Colin L",2015-01-01,,8,0,4,82,1966-06-28,,4
150,"Hulme, Brigitte B",2015-04-03,,1,1,5,139,1975-05-11,,6
151,"Barrett, Kenneth A",2015-01-01,2021-06-15,7,0,2,126,1969-10-28,,4
152,"Murray, Thomas K",2015-03-12,2024-02-10,9,0,3,146,1965-05-10,,4
153,"Lovett, John C",2015-01-01,2019-08-04,7,0,2,126,1962-09-11,,4
154,"Goddard, Arthur E",2016-12-21,,7,0,4,126,1965-03-11,,4
155,"Dawber, Phyllis N",2015-01-01,2022-08-19,9,1,4,146,1978-02-20,,4
156,"Leyland, Simone I",2015-01-01,,4,1,2,147,1947-02-21,,4
157,"Geraghty, Davide M",2015-01-01,2023-04-26,4,0,1,147,1962-01-01,,4
158,"Mistry, Colin D",2015-01-01,2017-12-22,3,0,2,130,1980-01-21,,4
159,"Gibbs, Paul I",2016-02-13,2021-02-07,6,0,3,143,1957-12-12,,5
160,"Devlin, Selina E",2015-01-20,,9,1,2,146,1970-05-01,,4
161,"Turner, Bhavna S",2015-01-01,2022-12-03,2,1,4,90,1966-04-10,,3
162,"Crompton, Kay E",2015-06-16,,2,1,1,161,1968-12-04,,4
163,"Fleet, Sally O",2015-01-01,,1,1,1,139,1976-10-03,,6
164,"Murray, Simone D",2015-01-01,2018-10-12,10,1,2,117,1964-02-07,,5
165,"Jones, Venetia Z",2015-01-01,2017-04-09,5,1,2,100,1973-01-29,,3
166,"Turner, Noella J",2015-01-01,,8,1,3,82,1984-12-18,,4
167,"Wright, Andrew J",2015-01-01,2019-01-24,8,0,1,82,1968-06-29,,4
168,"Powell, Elsie J",2015-01-01,,10,1,5,117,1974-11-10,,5
169,"Parrett, Samantha K",2016-01-15,,7,1,4,126,1985-05-15,,4
170,"Roberts, Daniel X",2015-06-22,,6,0,1,143,1974-11-24,,5
171,"Kralj, Janet Z",2016-03-30,,1,1,2,139,1964-12-24,,6
172,"Green, Francis A",2015-01-01,,4,0,2,147,1972-12-08,,4
173,"Mistry, Amanda F",2015-10-27,2018-08-22,2,1,2,161,1973-12-24,,4
174,"Norman, Elisabeth Z",2015-01-01,2023-08-23,9,1,3,146,1966-06-14,,4
175,"MacMillan, Gary M",2015-01-01,2020-08-04,4,0,4,147,1967-03-31,,4
176,"Jackson, Ann G",2015-05-11,,5,1,2,165,1990-11-27,,4
177,"Andrews, Rosalie M",2015-08-27,2021-06-03,4,1,4,147,1969-03-27,,4
178,"John, Brigitte R",2015-01-01,2017-07-06,1,1,1,139,1956-02-14,,6
179,"Choi, Antony C",2015-01-01,,1,0,2,139,1976-05-22,,6
180,"Seabrook, Bevis G",2015-07-23,2022-05-19,8,0,1,82,1962-05-06,,4
181,"Watt, Jean K",2015-01-01,,8,1,2,180,1971-05-04,,5
182,"Woolley, Colin F",2015-09-02,,7,0,3,126,1951-12-31,,4
183,"Channing, Gillian X",2015-01-01,2015-06-30,7,1,3,126,1965-06-12,,4
184,"MacMillan, Kathleen C",2015-01-01,2018-06-11,6,1,4,143,1988-03-26,,5
185,"Fleet, Elisabeth E",2015-01-01,2023-04-10,7,1,5,183,1981-08-30,,5
186,"Gore, Lynnette S",2015-04-14,,1,1,2,179,1965-08-05,,7
187,"Jackson, Clare C",2015-01-01,,5,1,4,165,1961-10-31,,4
188,"Jarvis, Andrew A",2015-01-01,,4,0,3,147,1972-11-05,,4
189,"Robinson, Jean W",2015-01-01,,5,1,4,165,1974-02-04,,4
190,"Ewart, Saleha I",2015-01-01,2016-07-05,7,1,1,183,1975-10-15,,5
191,"Turner, Robert V",2015-01-01,,10,0,3,117,1971-06-01,,5
192,"Henry, Davide D",2015-08-12,2021-06-06,5,0,4,165,1979-05-03,,4
193,"Marsden, Hannah R",2015-08-09,,7,1,3,183,1976-07-10,,5
194,"Parkes, Steven F",2015-01-01,,8,0,1,180,1963-12-28,,5
195,"Mongan, Samantha H",2016-11-06,2021-11-03,5,1,3,165,1996-11-11,,4
196,"Goddard, Josie Q",2016-01-26,,4,1,1,188,1979-06-02,,5
197,"Housley, Harry U",2015-02-16,,6,0,4,143,1995-02-21,,5
198,"McCarthy, Liam O",2016-04-28,,9,0,1,146,1953-01-07,,4
199,"Gore, Elisabeth O",2015-01-01,2019-06-15,5,1,2,165,1957-04-27,,4
200,"Colley, Lesley Q",2015-01-01,,6,1,2,143,1972-07-22,,5
201,"Dawber, Michael I",2015-01-01,2015-06-06,7,0,4,183,1986-08-02,,5
202,"Robinson, Leslie N",2015-09-19,2019-07-27,3,0,3,130,1966-11-08,,4
203,"Watt, Amanda W",2016-05-19,2022-06-17,3,1,2,130,1976-10-08,,4
204,"Ranson, Rajesh H",2015-01-01,,3,0,4,130,1995-01-06,,4
205,"Simpson, Eileen L",2015-06-25,2023-07-21,4,1,2,188,1967-05-01,,5
206,"Goddard, Simone F",2015-01-01,,6,1,5,143,1980-03-10,,5
207,"King, Philip J",2015-01-01,2016-04-17,4,0,5,188,1973-12-10,,5
208,"Bennett, Lynnette U",2015-10-26,,10,1,5,117,1974-02-07,,5
209,"Jarvis, Ripduman H",2015-01-01,,10,1,5,117,1954-03-24,,5
210,"Turner, Dimitrios V",2015-01-01,2018-04-16,1,0,5,179,1976-11-04,,7
211,"Primrose, Adele D",2015-03-12,2016-04-19,2,1,5,161,1987-10-28,,4
212,"Woolley, Darren H",2015-01-01,,1,0,2,179,1981-10-05,,7
213,"Nash, Joanne B",2016-01-04,,10,1,1,209,1972-01-06,,6
214,"Nash, Paul M",2015-10-20,2016-10-11,2,0,5,161,1985-11-17,,4
215,"Nielson, Nuala K",2016-07-20,2019-08-16,10,1,4,209,1987-07-31,,6
216,"King, Kevin X",2016-07-20,,10,0,3,209,1996-07-25,,6
217,"Lewis, Kay W",2016-08-14,2020-10-16,8,1,3,180,1968-09-07,,5
218,"Gorton, Dimitrios J",2015-01-01,,3,0,3,204,1976-01-15,,5
219,"Coppin, Alison I",2015-01-01,,4,1,4,188,1972-04-20,,5
220,"Haigh, Richard W",2015-12-27,,1,0,1,179,1965-10-10,,7
221,"Sheldrick, Joseph X",2015-01-01,,8,0,2,180,1979-01-30,,5
222,"Shelley, Jill Q",2015-09-04,,8,1,2,180,1980-10-31,,5
223,"Colley, Brenda A",2015-01-01,,6,1,4,206,1975-04-27,,6
224,"MacMillan, Amanda G",2015-12-14,,9,1,3,146,1970-09-21,,4
225,"Norman, Anna H",2015-01-01,,4,1,2,188,1980-07-10,,5
226,"Devlin, Stuart L",2015-01-01,2017-06-22,1,0,4,179,1970-12-13,,7
227,"Kralj, Ian R",2015-01-01,,2,0,1,161,1968-05-19,,4
228,"Webb, Andrew G",2015-03-04,2018-07-06,6,0,3,206,1973-12-22,,6
229,"Roberts, Angela F",2015-01-01,,10,1,5,209,1972-06-12,,6
230,"Ewart, Ann Y",2015-01-01,,7,1,2,183,1975-03-22,,5
231,"Colley, Selina K",2016-05-29,,4,1,3,188,1980-03-25,,5
232,"Marsden, David A",2015-07-24,2021-06-13,8,0,2,180,1979-02-27,,5
233,"Dawber, Rajesh V",2015-01-01,2016-02-23,10,0,5,209,1981-12-22,,6
234,"Scholes, Sonia G",2015-08-17,2019-03-19,9,1,3,224,1968-02-18,,5
235,"Watt, Christopher K",2015-01-01,,8,0,2,232,1981-01-30,,6
236,"Crompton, Sally S",2016-05-19,2023-10-15,9,1,4,224,1988-12-16,,5
237,"Powell, Daniel H",2016-10-28,,8,0,3,232,1985-10-28,,6
238,"Turner, Julie P",2016-10-24,,1,1,5,179,1977-07-10,,7
239,"Standen, Herbert V",2016-05-19,,7,0,1,183,1976-12-30,,5
240,"Rasul, Dimitrios M",2015-12-26,,2,0,5,161,1969-04-10,,4
241,"Goddard, Gary S",2015-01-01,,9,0,2,224,1977-09-18,,5
242,"King, David C",2015-08-25,,8,0,2,232,1974-03-30,,6
243,"Sheldrick, Nazma V",2015-01-01,2022-08-11,5,1,3,199,1960-01-11,,5
244,"Deering, Clare M",2015-01-01,,1,1,5,238,1981-04-21,,8
245,"Seabrook, Davide I",2015-08-04,,6,0,1,206,1965-08-28,,6
246,"Goddard, Brenda X",2015-07-31,,4,1,5,231,1949-09-06,,6
247,"Primrose, Lisa O",2015-01-01,2023-03-24,6,1,5,206,1972-03-12,,6
248,"Jackson, Carmel X",2015-01-01,,1,1,5,238,1972-01-03,,8
249,"Fleet, Leigh F",2015-01-01,,3,0,1,204,1975-03-17,,5
250,"Hardy, Margaret E",2015-02-19,2017-06-29,2,1,2,240,1968-03-18,,5
251,"Jarvis, John E",2015-01-01,,5,0,5,199,1975-07-12,,5
252,"Gibbs, John V",2015-01-01,,6,0,2,206,1967-04-25,,6
253,"Johnson, William P",2015-09-07,2021-04-24,4,0,5,231,1980-05-23,,6
254,"Lovett, Arthur C",2016-04-19,2020-04-18,7,0,1,239,1967-07-25,,6
255,"Rutherford, Bruno V",2015-01-01,,5,0,1,199,1974-11-03,,5
256,"Primrose, Andree M",2015-11-30,,10,1,1,209,1970-03-14,,6
257,"Goddard, Gordon O",2015-05-09,2018-09-15,4,0,2,231,1980-11-29,,6
258,"Pryde, Simon U",2015-01-01,,2,0,5,240,1986-08-09,,5
259,"Shelley, Frank R",2015-01-01,,1,0,5,238,1970-11-01,,8
260,"Norman, Kathleen A",2015-01-01,,6,1,2,206,1977-07-30,,6
261,"Rasul, Eunice I",2015-01-01,,7,1,2,239,1978-04-16,,6
262,"Shute, Steven K",2015-09-25,,3,0,5,204,1971-06-20,,5
263,"Kenney, Yvonne W",2016-06-11,,6,1,4,260,1962-10-24,,7
264,"Woodbridge, Colin O",2015-01-01,2023-04-21,9,0,5,224,1966-10-16,,5
265,"Parrett, Bevis A",2015-01-01,,6,0,1,260,1974-02-23,,7
266,"Shelley, Leigh D",2015-03-31,2019-06-09,2,0,1,240,1977-08-15,,5
267,"Lamb, Lynnette P",2015-01-01,,5,1,3,199,1982-05-20,,5
268,"Morris, Ann G",2015-01-01,,3,1,1,204,1963-08-14,,5
269,"Polizzi, Tirzah U",2015-05-10,,6,1,4,260,1968-09-17,,7
270,"Mongan, Chi D",2015-02-28,,4,0,4,231,1980-01-04,,6
271,"Sheldrick, Josie Z",2015-09-26,,2,1,3,240,1973-09-14,,5
272,"Kenney, Margaret H",2015-10-01,,2,1,4,240,1973-03-06,,5
273,"Parkes, Colin V",2015-04-12,2017-08-12,10,0,5,256,1955-01-24,,7
274,"Woolley, Christopher N",2015-01-01,,3,0,2,204,1978-09-02,,5
275,"Leyland, Samantha E",2015-01-01,2020-09-12,10,1,1,256,1959-11-27,,7
276,"Hyslop, Darren V",2015-06-19,2021-10-24,10,0,1,256,1958-11-22,,7
277,"Marsden, Tirzah G",2017-06-01,,4,1,1,231,1985-12-23,,6
278,"Watt, Syed M",2015-02-06,,4,0,2,231,1974-12-31,,6
279,"Gore, Tirzah J",2016-08-22,,5,1,2,199,1983-02-08,,5
280,"Hardy, Daniel Z",2016-02-07,,1,0,4,238,1963-11-27,,8
281,"Lovett, Simon F",2015-01-01,,10,0,4,256,1978-05-02,,7
282,"Jackson, Bruno D",2016-02-01,,9,0,4,224,1970-02-14,,5
283,"Dawber, Bevis R",2015-11-13,,9,0,1,224,1975-04-11,,5
284,"Ewart, Andree Y",2017-03-16,,9,1,1,283,1980-03-01,,6
285,"Lovett, Julie X",2015-04-23,2020-04-12,3,1,4,204,1976-02-13,,5
286,"Devlin, Shane S",2016-08-12,,4,0,3,278,1954-03-20,,7
287,"Polizzi, Peter H",2015-07-29,2021-05-27,7,0,2,239,1970-05-27,,6
288,"Swart, Giulio W",2015-07-11,,8,0,1,232,1977-12-07,,6
289,"Kenney, Darren M",2015-01-01,,7,0,2,239,1976-01-09,,6
290,"Gilroy, Richard H",2015-01-01,2018-10-28,1,0,3,238,1981-06-14,,8
291,"Rawson, Kay I",2015-01-01,,3,1,3,285,1968-04-13,,6
292,"Housley, Giulio X",2015-06-02,2022-09-15,3,0,5,285,1961-04-10,,6
293,"Ewart, Venetia B",2015-10-01,2016-05-14,6,1,5,260,1980-08-13,,7
294,"Massie, Diana B",2015-01-01,,6,1,2,260,1974-09-22,,7
295,"Goddard, Peter Z",2015-01-01,,1,0,1,238,1971-03-24,,8
296,"Kenney, John F",2015-01-26,,7,0,1,239,1962-03-12,,6
297,"Primrose, Ann V",2015-01-01,,5,1,2,199,1945-03-26,,5
298,"Stevenson, Bevis E",2015-01-01,,3,0,1,285,1969-06-11,,6
299,"Lloyd, Lisa K",2015-01-01,2022-05-18,5,1,4,297,1978-07-29,,6
300,"Brant, Elsie Y",2016-09-10,2018-02-22,4,1,2,278,1981-07-26,,7
301,"Shute, Joanna Y",2015-07-12,2020-09-28,6,1,5,260,1975-12-27,,7
302,"Goddard, Simon U",2015-01-01,,5,0,5,297,1965-07-21,,6
303,"Haigh, Clare T",2015-01-01,2018-09-19,10,1,5,256,1964-04-19,,7
304,"Crompton, Anne G",2015-04-02,,9,1,1,283,1986-09-04,,6
305,"Mistry, Nicholas N",2015-01-01,2023-04-04,5,0,2,297,1968-10-01,,6
306,"McCarthy, Adele C",2015-11-05,,6,1,4,301,1966-04-25,,8
307,"Norman, Martin E",2015-01-01,,9,0,5,283,1987-05-17,,6
308,"Mongan, Anna H",2015-01-01,,6,1,5,301,1979-12-24,,8
309,"Rawson, Jonathan U",2015-05-24,2017-09-26,4,0,1,278,1969-06-17,,7
310,"Nielson, Edward E",2015-01-01,,1,0,3,295,1970-02-28,,9
311,"Jarvis, William U",2015-01-01,2019-09-02,6,0,4,301,1989-02-04,,8
312,"Gorton, Julie G",2015-01-01,,8,1,1,232,1965-06-02,,6
313,"Gore, Gwendolyn V",2015-01-01,2023-06-16,10,1,4,256,1977-01-19,,7
314,"King, Nicholas G",2015-01-01,2019-04-03,4,0,3,278,1978-06-11,,7
315,"Kralj, Herbert V",2015-07-08,,5,0,2,297,1969-01-29,,6
316,"Deering, Nicola F",2015-01-01,2021-07-09,9,1,4,283,1970-11-17,,6
317,"Collingwood, Bevis W",2016-03-02,2021-07-07,4,0,3,278,1968-02-24,,7
318,"Simpson, Carmel L",2016-03-06,,8,1,3,232,1966-05-18,,6
319,"Rawson, Janet J",2015-05-27,,1,1,4,295,1990-11-05,,9
320,"Coppin, Sonia K",2015-01-01,,5,1,4,297,1967-10-08,,6
321,"Colley, Tracey A",2015-01-01,2016-06-19,3,1,2,285,1966-07-09,,6
322,"Shearer, Martin X",2015-01-01,2019-07-12,8,0,5,318,1989-11-10,,7
323,"Dawber, Leslie Q",2015-03-10,,8,0,2,318,1995-03-15,,7
324,"Channing, Jane Z",2015-01-01,,8,1,5,318,1986-12-15,,7
325,"Devlin, Anne L",2015-05-01,,8,1,3,318,1977-03-04,,7
326,"Gadd, Morag V",2015-01-01,,8,1,1,318,1993-11-12,,7
327,"Nielson, Julie T",2015-01-01,,9,1,3,283,1973-09-02,,6
328,"Swart, Joanna A",2015-09-29,2016-05-18,3,1,5,285,1971-02-04,,6
329,"Gibbs, Paul H",2015-01-01,,6,0,4,301,1971-08-10,,8
330,"Woodbridge, Catherine I",2017-06-03,,1,1,5,295,1972-07-14,,9
331,"Barrett, Angela W",2016-05-11,2023-06-20,8,1,1,318,1972-02-29,,7
332,"McCarthy, Leslie U",2015-01-01,,4,0,1,278,1976-11-20,,7
333,"Fleet, Joanna S",2015-01-01,,9,1,2,283,1977-10-31,,6
334,"Woodbridge, Colin P",2015-01-01,2021-07-20,3,0,3,285,1995-01-06,,6
335,"Gorton, Frances E",2015-05-18,,1,1,2,295,1980-06-07,,9
336,"Smith, Joanna J",2015-01-01,,5,1,5,297,1979-08-10,,6
337,"Wynn, Eunice X",2015-01-01,,1,1,5,295,1970-10-24,,9
338,"Coombs, Darren U",2015-01-01,2021-04-26,7,0,5,239,1955-05-30,,6
339,"Haigh, Joanne U",2016-10-20,,10,1,4,313,1977-12-28,,8
340,"Seabrook, George X",2015-01-01,,9,0,1,333,1979-02-19,,7
341,"Lloyd, Diana Z",2015-07-15,,8,1,1,331,1977-06-20,,8
342,"Henry, Syed A",2016-01-20,,6,0,1,301,1975-01-23,,8
343,"Wynn, Gary W",2015-01-21,2022-12-02,10,0,1,313,1989-09-22,,8
344,"Goddard, Catherine Q",2015-01-01,,2,1,2,240,1976-05-18,,5
345,"Morris, Paulin C",2015-01-03,2021-01-14,2,0,3,344,1971-06-04,,6
346,"MacMillan, Saleha M",2015-01-01,,6,1,1,301,1970-05-21,,8
347,"Gibbs, Gary P",2016-12-31,2022-06-05,4,0,4,332,1988-04-24,,8
348,"Dawber, Grace Q",2015-07-07,2018-09-15,7,1,4,338,1972-10-06,,7
349,"Fleet, Judy M",2015-01-26,,8,1,2,331,1980-11-06,,8
350,"Mistry, Roger I",2015-07-17,2019-01-07,10,0,1,313,1979-03-07,,8
351,"Woolley, Patricia C",2017-03-04,2019-06-27,8,1,2,331,1974-10-06,,8
352,"Hyslop, Antony C",2015-01-01,,9,0,5,333,1966-09-01,,7
353,"Gore, Joanna E",2015-01-01,2020-08-16,1,1,3,295,1979-10-14,,9
354,"Johnson, Eunice R",2015-01-01,,2,1,4,344,1973-10-14,,6
355,"Colley, Miroslawa P",2015-01-01,,5,1,2,336,1976-07-07,,7
356,"Seabrook, Patricia D",2015-01-01,2021-03-29,10,1,3,313,1953-12-03,,8
357,"Pooley, Syed L",2016-02-25,2023-06-25,3,0,1,334,1970-07-16,,7
358,"Watt, Darren T",2015-01-01,2017-04-04,7,0,3,338,1982-10-08,,7
359,"Lovett, Anastasia D",2015-01-01,,9,1,1,333,1971-08-31,,7
360,"John, Richard Z",2016-04-25,,6,0,2,346,1987-07-31,,9
361,"Haigh, Iris J",2015-01-11,2019-04-21,9,1,1,333,1976-07-14,,7
362,"Brant, Nicholas Q",2015-01-24,,7,0,1,338,1979-04-17,,7
363,"Colley, Tracey Z",2016-03-21,,4,1,3,332,1987-02-19,,8
364,"Barrett, Paul T",2015-02-21,2023-07-20,1,0,2,353,1983-03-18,,10
365,"Colley, Francis D",2017-11-24,,4,0,4,332,1978-09-21,,8
366,"Pooley, Kathryn O",2015-07-13,,9,1,5,333,1964-03-22,,7
367,"Scholes, Daniel F",2015-06-11,,4,0,5,332,1960-11-11,,8
368,"Nash, Chi P",2016-06-03,2022-05-01,7,0,3,338,1985-02-27,,7
369,"Watt, Karen X",2017-05-05,,1,1,4,353,1970-03-12,,10
370,"Pryde, Miroslawa Q",2015-01-01,2015-10-15,5,1,3,336,1966-11-29,,7
371,"MacMillan, Anastasia B",2015-01-01,,3,1,4,334,1956-02-08,,7
372,"Brant, Bevis R",2015-06-03,,1,0,1,353,1992-08-17,,10
373,"Rawson, Judy U",2015-01-01,2015-06-08,4,1,3,332,1980-05-20,,8
374,"Bennett, Bhavna A",2015-01-01,,9,1,2,333,1990-01-29,,7
375,"Coppin, Lynette P",2015-01-01,,6,1,4,346,1982-03-30,,9
376,"Goddard, Adrian D",2015-01-01,,5,0,5,336,1968-10-29,,7
377,"Johnson, Daniel A",2015-01-01,,7,0,3,338,1993-03-27,,7
378,"Murray, Colin W",2015-01-01,2022-10-25,6,0,1,346,1970-10-25,,9
379,"Mistry, Antony A",2015-05-20,,6,0,1,346,1970-06-20,,9
380,"Dawber, Edward E",2016-03-19,,3,0,1,334,1983-08-22,,7
381,"Shute, Morag S",2015-03-03,,5,1,2,336,1959-01-15,,7
382,"Gorton, Adele I",2015-01-01,,10,1,2,313,1973-09-17,,8
383,"Rawson, Kathryn M",2015-07-16,,8,1,5,331,1980-09-21,,8
384,"Nielson, Lesley X",2015-06-26,,10,1,4,313,1975-06-10,,8
385,"Woolley, Jeanne A",2015-01-01,,1,1,4,353,1995-01-06,,10
386,"Polizzi, Arthur P",2016-03-16,,4,0,1,332,1970-12-08,,8
387,"McCarthy, Leslie E",2015-01-01,2020-05-31,5,0,1,336,1992-02-01,,7
388,"Mills, Anna M",2015-01-01,,1,1,4,353,1974-07-04,,10
389,"Powell, Nicola C",2015-01-12,,10,1,5,384,1984-07-17,,9
390,"Parkes, Kathleen U",2015-01-01,,3,1,4,334,1989-01-08,,7
391,"Standen, Sharmin E",2016-01-17,2022-12-18,2,1,4,344,1964-04-04,,6
392,"Swart, Shane C",2016-06-26,,7,0,1,338,1983-03-04,,7
393,"Standen, Noella C",2015-01-01,,6,1,3,346,1977-01-14,,9
394,"Dawber, Nuala C",2016-08-25,2023-09-27,1,1,5,353,1972-08-15,,10
395,"Pooley, Herbert S",2015-01-01,,2,0,5,344,1967-03-05,,6
396,"McCarthy, Rajesh W",2015-07-03,,5,0,1,336,1971-03-24,,7
397,"Lloyd, Chi F",2015-01-01,,2,0,2,344,1969-03-28,,6
398,"Johnson, Gary Q",2016-02-04,,2,0,5,344,1978-08-16,,6
399,"Seabrook, David X",2015-01-01,,10,0,3,384,1969-03-08,,9
400,"Jackson, Christopher Z",2015-01-01,,8,0,3,331,1968-11-06,,8
401,"John, George N",2016-04-10,2017-10-01,3,0,3,334,1994-04-28,,7
402,"Haigh, Jayne P",2015-03-07,,10,1,4,384,1981-01-10,,9
403,"Fleet, Gary Y",2015-01-01,,10,0,4,384,1970-11-28,,9
404,"Hardy, Kay O",2015-09-29,,10,1,4,384,1977-11-12,,9
405,"MacMillan, Harry H",2016-12-31,,2,0,4,398,1981-02-27,,7
406,"Robinson, Joanna D",2015-08-12,,9,1,2,374,1981-12-18,,8
407,"Robinson, Antony Y",2015-05-29,,5,0,2,396,1973-08-27,,8
408,"Gorton, Emma V",2015-01-01,,5,1,1,396,1970-01-20,,8
409,"Richards, Diane P",2015-01-01,2020-05-11,5,1,3,396,1972-07-07,,8
410,"Ranson, Kevin J",2017-09-27,,3,0,4,334,1982-06-13,,7
411,"Johnson, Lynette C",2015-07-22,,1,1,4,394,1977-07-23,,11
412,"Devlin, Jayne W",2016-11-15,,7,1,2,392,1976-05-10,,8
413,"Wynn, Gill P",2017-09-10,,4,1,3,386,1969-11-18,,9
414,"Barrett, Irene M",2015-01-01,2016-12-27,7,1,5,392,1977-02-07,,8
415,"Andrews, Rosalie N",2015-11-25,,10,1,3,384,1985-01-07,,9
416,"Standen, Kenneth V",2015-01-01,2023-07-19,10,0,5,415,1963-05-06,,10
417,"Dingley, Dimitrios M",2015-01-01,,5,0,5,396,1964-03-06,,8
418,"Nielson, Ripduman Q",2015-01-01,,3,1,2,410,1974-05-15,,8
419,"MacMillan, Lesley J",2015-05-02,,8,1,2,331,1966-04-02,,8
420,"Henry, Grace Y",2015-02-02,2016-04-06,8,1,3,419,1968-12-18,,9
421,"Fleet, Diana J",2015-02-06,2022-08-14,10,1,4,415,1966-09-08,,10
422,"Johnson, Simone Z",2015-01-01,2018-06-09,7,1,2,392,1972-02-18,,8
423,"Rutherford, Elsie W",2015-11-18,,7,1,2,392,1981-01-23,,8
424,"Kenney, Lynnette I",2016-01-09,,6,1,4,346,1992-10-28,,9
425,"Woolley, Karen M",2015-01-22,2022-06-29,5,1,1,396,1973-04-16,,8
426,"Gore, Yvonne R",2015-01-01,2020-03-14,3,1,3,410,1971-03-08,,8
427,"Roberts, Anna C",2015-01-01,,3,1,3,410,1972-06-11,,8
428,"Brant, Kathryn D",2015-08-01,,7,1,4,392,1967-05-22,,8
429,"John, Dimitrios X",2016-01-26,,3,0,5,410,1986-11-01,,8
430,"Dawber, Ian W",2016-05-15,2023-04-01,3,0,2,410,1973-10-21,,8
431,"Hulme, Gwendolyn G",2016-03-28,,9,1,1,374,1971-06-13,,8
432,"Dawber, Kenneth M",2015-11-15,,6,0,1,424,1960-01-12,,10
433,"Hyslop, Leonard V",2015-01-01,,8,0,2,419,1975-07-16,,9
434,"Watt, Carol T",2015-04-11,,4,1,4,386,1976-10-19,,9
435,"King, Gwendolyn M",2015-01-01,,9,1,4,374,1974-07-03,,8
436,"Murray, Jonathan P",2015-09-29,2023-08-03,6,0,4,424,1976-09-12,,10
437,"Scholes, Joanne K",2015-01-01,,4,1,1,386,1973-08-24,,9
438,"Massie, Saleha K",2015-01-01,,7,1,4,392,1986-02-28,,8
439,"Watt, Kenneth Y",2015-01-01,,7,0,5,438,1989-03-14,,9
440,"Hardy, Patricia Q",2015-01-01,2020-07-22,2,1,5,398,1979-09-08,,7
441,"Morris, Nishma U",2015-01-20,2016-08-04,5,1,4,396,1979-04-22,,8
442,"Shelley, Katie A",2015-09-12,,9,1,5,374,1971-12-06,,8
443,"Richardson, Margaret U",2015-01-01,2023-07-22,8,1,2,419,1979-07-20,,9
444,"Field, Sonia R",2016-07-27,,8,1,1,419,1976-12-15,,9
445,"Parrett, Iris D",2015-11-26,2021-05-15,6,1,3,424,1967-10-20,,10
446,"Robinson, Nazma U",2015-01-23,,2,1,2,398,1958-02-26,,7
447,"Seabrook, Paulin E",2015-01-01,,5,0,2,441,1982-05-09,,9
448,"Devlin, Anne Y",2015-01-01,,7,1,5,438,1960-07-06,,9
449,"Walmsley, Antony P",2015-08-28,,1,0,2,394,1963-05-15,,11
450,"Gibbs, Joanne V",2016-10-08,,1,1,5,394,1996-10-13,,11
451,"Wright, Elisabeth G",2015-01-01,2021-12-13,3,1,2,410,1967-10-13,,8
452,"Coppin, Kathryn O",2015-01-01,,4,1,5,386,1972-02-29,,9
453,"Gilroy, Carol I",2016-09-23,,3,1,4,451,1974-03-02,,9
454,"Dawber, Diane I",2015-08-07,,9,1,3,374,1966-07-05,,8
455,"Fleet, Arthur E",2015-01-01,,5,0,1,441,1962-06-07,,9
456,"Woodbridge, Roy S",2015-05-24,,3,0,4,451,1975-02-08,,9
457,"Morris, Arthur M",2015-01-01,2020-07-02,7,0,5,438,1962-07-20,,9
458,"Johnson, Darren K",2015-01-01,,2,0,3,398,1979-11-14,,7
459,"Jarvis, John D",2015-01-01,2018-04-19,6,0,1,424,1972-09-14,,10
460,"Murray, Paulin N",2015-05-09,,7,0,4,438,1972-12-26,,9
461,"Shearer, Anastasia G",2016-02-22,2018-06-02,6,1,3,424,1969-11-15,,10
462,"Turner, Lesley G",2016-01-25,,2,1,3,398,1976-09-15,,7
463,"John, Harry G",2015-01-01,2020-04-01,10,0,5,415,1965-10-28,,10
464,"Webb, Kathryn E",2015-01-01,2022-06-15,2,1,2,398,1965-07-31,,7
465,"Shute, Adrian T",2016-03-18,2022-04-25,5,0,2,441,1989-04-23,,9
466,"Mistry, Saleha Z",2015-02-04,,5,1,1,441,1981-03-03,,9
467,"Devlin, Diane R",2015-04-05,,10,1,5,415,1973-12-08,,10
468,"Stevenson, Alan U",2015-06-02,,1,0,2,394,1984-07-24,,11
469,"Murray, David D",2015-11-22,,8,0,3,419,1960-03-08,,9
470,"Gorton, Bhavna U",2015-01-01,,3,1,4,451,1970-07-12,,9
471,"Nash, Iris P",2015-01-01,,2,1,4,464,1968-01-20,,8
472,"Hyslop, Edward O",2015-01-01,,7,0,1,438,1971-11-29,,9
473,"Woodbridge, Timothy P",2015-01-01,,8,0,5,419,1981-12-04,,9
474,"Woolley, Adam V",2015-01-01,2021-04-20,2,0,4,464,1971-03-26,,8
475,"Nielson, Colin D",2015-01-01,,8,0,5,473,1977-07-11,,10
476,"Gilroy, Joseph Q",2015-11-10,,6,0,2,424,1987-07-21,,10
477,"Shute, Frank H",2015-01-01,2019-06-05,1,0,4,394,1955-11-22,,11
478,"Mead, Gordon G",2016-05-08,,4,0,1,386,1986-02-25,,9
479,"Coombs, Maureen M",2015-01-01,,3,1,1,451,1976-03-07,,9
480,"Lewis, Phyllis E",2015-06-27,,1,1,3,394,1971-10-02,,11
481,"Deering, Brenda I",2015-05-01,2019-07-29,10,1,5,415,1988-08-01,,10
482,"Stevenson, Carmel E",2015-01-01,2016-07-03,5,1,1,441,1983-10-13,,9
483,"Wright, James T",2015-04-23,,1,0,3,480,1963-05-12,,12
484,"Walmsley, Noella H",2015-01-01,,7,1,5,438,1984-09-10,,9
485,"Shearer, Philip X",2015-09-24,,8,0,4,473,1973-11-08,,10
486,"Walmsley, Joanna V",2015-01-01,2017-05-10,9,1,1,374,1969-11-23,,8
487,"Crompton, Grace D",2016-04-10,,6,1,5,476,1972-02-20,,11
488,"Marsden, Peter F",2015-01-01,2015-06-17,7,0,2,484,1971-03-03,,10
489,"Ranson, Joanne D",2015-01-01,2017-03-18,1,1,3,480,1977-11-06,,12
490,"Mills, Herbert H",2015-03-04,,8,0,1,473,1971-05-07,,10
491,"MacMillan, Alan U",2015-07-09,,2,0,5,464,1968-09-09,,8
492,"Dawber, Liam B",2015-01-01,,5,0,2,441,1990-01-19,,9
493,"Richardson, Elizabeth F",2015-01-01,,2,1,2,464,1974-12-25,,8
494,"Powell, Colin T",2015-06-30,,9,0,1,486,1995-07-05,,9
495,"Woodbridge, Maureen W",2015-06-16,2020-01-15,4,1,4,386,1986-10-03,,9
496,"Richards, Nicola Y",2015-01-01,,5,1,1,492,1977-12-27,,10
497,"Shute, Anna I",2016-11-06,,5,1,2,492,1964-12-22,,10
498,"Fleet, Jayne K",2015-01-01,,3,1,5,451,1967-06-06,,9
499,"Kenney, Peter M",2015-01-01,,5,0,1,492,1968-01-08,,10
500,"Field, Miroslawa C",2015-01-01,2019-11-24,3,1,4,451,1973-04-02,,9
501,"Turner, Herbert O",2015-11-28,2021-05-29,4,0,1,495,1975-11-24,,10
502,"Channing, Grace J",2015-01-01,2019-09-27,6,1,1,476,1962-12-10,,11
503,"Seabrook, Dimitrios W",2015-10-22,2020-11-24,9,0,4,486,1973-01-29,,9
504,"Kenney, Kay Q",2015-05-29,2022-08-27,10,1,1,415,1972-12-31,,10
505,"Shelley, Carmel C",2015-01-01,,4,1,1,495,1979-07-18,,10
506,"Cousins, Sally U",2016-08-24,,2,1,1,464,1981-05-07,,8
507,"Polizzi, Angela C",2015-01-01,,10,1,4,504,1971-03-17,,11
508,"Hardy, Noella T",2015-02-23,,3,1,2,500,1976-12-15,,10
509,"Mead, Sonia C",2015-05-02,2021-03-16,8,1,1,473,1979-11-29,,10
510,"Henry, Francis V",2015-01-01,,5,0,3,492,1991-12-22,,10
511,"Watt, Harry K",2015-01-01,2023-06-13,3,0,5,500,1964-09-29,,10
512,"Rutherford, Leonard N",2015-11-05,,4,0,3,495,1993-07-23,,10
513,"Walmsley, Sonia S",2016-04-22,2019-05-20,1,1,2,480,1977-03-05,,12
514,"Mead, Adam R",2015-04-03,2015-12-28,8,0,5,473,1994-01-03,,10
515,"Lovett, Sandra X",2015-01-01,,2,1,4,464,1984-05-11,,8
516,"Rawson, Daniel F",2015-01-01,,8,0,3,473,1977-10-03,,10
517,"Stevenson, Leonard C",2016-10-29,,6,0,4,476,1971-01-05,,11
518,"Ranson, Thomas L",2015-12-24,,6,0,3,476,1982-11-24,,11
519,"Murray, Ann T",2015-01-01,,10,1,5,504,1972-07-13,,11
520,"Colley, Leonard W",2016-07-15,,8,0,3,516,1977-07-26,,11
521,"Hulme, Simon L",2015-01-01,2023-09-02,8,0,2,516,1990-12-16,,11
522,"Ranson, Kevin H",2015-02-20,,3,0,2,500,1971-02-06,,10
523,"Crompton, Colette C",2015-04-29,,1,1,4,480,1988-12-03,,12
524,"Rasul, Herbert S",2015-01-01,,10,0,3,504,1983-02-01,,11
525,"Fleet, George W",2015-01-01,2018-08-22,1,0,1,480,1976-07-15,,12
526,"Leyland, Antony K",2015-01-01,,3,0,2,500,1982-03-03,,10
527,"Bennett, Josie C",2015-05-25,,10,1,4,504,1972-08-20,,11
528,"Mistry, Saleha X",2015-01-01,,7,1,3,484,1972-03-16,,10
529,"Jackson, Lesley N",2015-01-01,,8,1,2,516,1964-12-23,,11
530,"Stevenson, Adam Y",2015-01-01,,10,0,3,504,1958-05-10,,11
531,"Ewart, Herbert Y",2015-09-20,2015-10-03,2,0,3,515,1986-10-08,,9
532,"Massie, Harry O",2015-01-01,,2,0,3,515,1971-08-27,,9
533,"Richards, Darren P",2015-01-01,,4,0,4,495,1982-04-30,,10
534,"Simpson, Karen B",2015-01-01,,7,1,2,484,1967-08-04,,10
535,"Marsden, Colin U",2015-04-18,,8,0,3,516,1971-12-18,,11
536,"Lovett, Frank W",2015-01-01,,1,0,4,480,1982-01-10,,12
537,"Gibbs, Alison F",2015-01-01,,3,1,3,500,1973-01-20,,10
538,"Haigh, Douglas W",2015-01-01,,10,0,1,504,1970-10-20,,11
539,"Turner, Jayne T",2016-02-04,,5,1,3,492,1990-12-25,,10
540,"John, Anna Z",2015-01-01,,7,1,4,484,1977-05-01,,10
541,"Richardson, Hannah N",2015-04-24,2021-05-27,8,1,3,516,1965-01-17,,11
542,"Cousins, Leigh O",2015-01-01,,3,0,3,500,1972-07-20,,10
543,"Gore, Jonathan Z",2015-01-01,,6,0,5,476,1977-03-11,,11
544,"Coppin, Davide B",2015-11-13,,4,0,1,495,1988-08-03,,10
545,"Field, Catherine T",2015-03-06,,5,1,1,492,1995-03-11,,10
546,"Gadd, Eunice H",2015-09-09,,8,1,1,516,1974-08-27,,11
547,"Massie, Samantha R",2015-01-01,,5,1,1,545,1971-07-04,,11
548,"Mistry, Tirzah F",2015-05-30,2022-09-08,6,1,3,476,1980-12-19,,11
549,"Lloyd, Thomas Y",2015-02-21,,7,0,5,484,1992-12-14,,10
550,"Marsden, Daniel E",2015-01-01,,1,0,3,536,1975-11-18,,13
551,"Mistry, Elizabeth Z",2015-02-15,,6,1,5,548,1969-09-09,,12
552,"Pooley, Eileen R",2015-01-01,,8,1,2,546,1959-05-11,,12
553,"MacMillan, Gordon J",2015-01-01,,8,0,2,546,1962-07-23,,12
554,"Swart, Leslie L",2015-01-01,,5,0,5,545,1979-03-19,,11
555,"Green, Bevis A",2016-08-12,2022-08-04,3,0,3,542,1974-04-19,,11
556,"Hardy, Bhavna N",2015-08-16,,3,1,1,542,1995-02-21,,11
557,"Dingley, Brigitte D",2015-01-01,2018-08-26,2,1,1,515,1973-10-10,,9
558,"Gore, Francis F",2015-01-01,,4,0,1,495,1986-06-19,,10
559,"Parke, Rebecca A",2015-01-01,,10,1,4,538,1981-05-28,,12
560,"Jones, Selina Z",2015-01-01,,5,1,3,545,1974-10-05,,11
561,"Jones, Richard J",2015-01-01,,3,0,3,542,1955-07-31,,11
562,"Mistry, Philip Q",2015-06-06,,4,0,4,558,1967-01-15,,11
563,"Lloyd, Paulin B",2015-01-01,2020-12-24,1,0,5,536,1970-04-04,,13
564,"Smith, Christopher E",2015-06-17,2016-05-21,9,0,5,486,1978-12-01,,9
565,"Collingwood, Dimitrios G",2017-11-10,,6,0,2,548,1988-11-19,,12
566,"Pooley, Miroslawa W",2015-01-01,,6,1,1,548,1979-06-21,,12
567,"Richards, George I",2015-12-17,2022-05-05,1,0,4,536,1966-08-02,,13
568,"Morris, Elisabeth G",2015-04-17,,9,1,4,486,1973-10-29,,9
569,"Dawber, Kenneth Y",2015-01-01,,4,0,5,558,1995-01-06,,11
570,"Lovett, Sonia B",2015-07-17,,6,1,4,548,1970-11-27,,12
571,"Hardy, Graham Z",2016-03-01,2018-06-27,3,0,3,542,1972-01-27,,11
572,"Lloyd, Helen J",2015-08-21,,8,1,4,546,1991-03-06,,12
573,"Lloyd, Elsie Q",2015-01-01,2019-06-02,1,1,5,536,1973-11-30,,13
574,"Webb, Paulin K",2015-01-01,,8,0,1,546,1965-10-13,,12
575,"Cousins, Daniel F",2015-01-01,,2,0,5,515,1985-04-17,,9
576,"Lewis, Julie S",2015-07-14,,1,1,3,536,1965-09-23,,13
577,"Wynn, Daniel K",2015-04-29,2023-04-14,2,0,4,515,1969-03-31,,9
578,"Walmsley, Rebecca A",2015-11-04,,6,1,1,548,1969-11-12,,12
579,"Channing, Frances C",2015-02-03,,1,1,3,536,1981-03-06,,13
580,"Kenney, George K",2015-01-01,2016-11-14,2,0,2,515,1964-04-04,,9
581,"Morris, Jeanne L",2015-02-03,,10,1,1,538,1974-06-16,,12
582,"Housley, Anastasia C",2015-01-09,2016-08-14,3,1,5,542,1978-09-01,,11
583,"Bland, Sarah W",2015-01-01,,4,1,5,558,1952-04-26,,11
584,"Goddard, Laura P",2015-10-16,,5,1,4,545,1988-11-29,,11
585,"Dingley, John Y",2015-01-01,2021-01-02,10,0,2,538,1961-12-21,,12
586,"Colley, Iris T",2015-01-01,,5,1,2,545,1970-02-02,,11
587,"Woolley, Sandra Q",2015-05-28,2016-09-12,7,1,3,484,1981-07-21,,10
588,"Walmsley, Selina M",2015-01-01,2021-06-28,3,1,3,542,1974-09-14,,11
589,"Parrett, Alan A",2016-01-03,,6,0,5,548,1966-06-05,,12
590,"Collingwood, Gill D",2015-01-29,,4,1,3,558,1970-03-28,,11
591,"Richards, Karen O",2015-10-11,,2,1,4,580,1989-06-24,,10
592,"Goddard, Dimitrios F",2015-01-01,2016-12-08,2,0,1,580,1988-12-06,,10
593,"Woodbridge, Laura W",2015-02-18,,1,1,4,579,1981-01-21,,14
594,"Goddard, Adrian L",2015-01-01,,5,0,3,545,1979-09-16,,11
595,"Gorton, Douglas U",2015-01-01,,3,0,2,588,1977-06-18,,12
596,"Gadd, Jonathan X",2015-01-01,,4,0,5,558,1967-08-11,,11
597,"Woodbridge, Helen O",2015-01-01,,10,1,1,538,1983-01-28,,12
598,"Lovett, Antony V",2015-08-17,2021-09-25,2,0,2,580,1974-03-21,,10
599,"Lloyd, Bhavna N",2015-01-01,2015-01-31,6,1,4,589,1983-09-05,,13
600,"Pryde, Olu T",2016-06-18,,5,0,3,594,1975-04-08,,12
601,"Morris, Darren J",2015-01-01,,7,0,3,587,1972-07-10,,11
602,"Primrose, David L",2016-05-25,,10,0,4,538,1979-10-25,,12
603,"Gilroy, Rajesh X",2015-01-01,2017-07-19,3,0,3,588,1976-12-18,,12
604,"Murray, Russell X",2015-01-01,,8,0,2,546,1977-12-26,,12
605,"Rasul, Roger I",2015-10-08,,6,0,2,589,1978-01-05,,13
606,"Roberts, Roy K",2015-01-01,,1,0,2,579,1969-03-25,,14
607,"Lovett, Saleha B",2015-06-22,,10,1,1,538,1990-11-16,,12
608,"Sheldrick, Adam N",2015-01-01,2015-07-16,7,0,2,587,1981-12-07,,11
609,"Haigh, Adam S",2015-01-01,2018-10-20,1,0,3,579,1972-01-05,,14
610,"Norman, George Y",2015-08-19,2021-01-27,1,0,4,579,1973-08-07,,14
611,"Cousins, Diana E",2015-01-01,,9,1,1,486,1989-03-07,,9
612,"Gorton, Tracey S",2015-03-01,,6,1,3,589,1987-12-16,,13
613,"Fleet, Stuart P",2016-04-30,,6,0,2,589,1985-03-26,,13
614,"Devlin, Angela D",2015-06-22,,3,1,1,588,1961-03-27,,12
615,"Bland, Gary J",2015-09-19,,6,0,1,589,1977-03-21,,13
616,"Stevenson, Nicola R",2015-01-01,,10,1,4,607,1960-12-19,,13
617,"Jackson, Sally E",2016-07-07,,5,1,2,594,1990-02-26,,12
618,"Haigh, Gwendolyn E",2016-01-30,,2,1,1,580,1970-06-28,,10
619,"Deering, Kenneth W",2015-09-13,,3,0,3,588,1987-07-04,,12
620,"McCarthy, Lesley P",2015-03-20,2019-06-16,1,1,3,579,1970-10-13,,14
621,"Pooley, Chi O",2015-11-20,2016-08-07,2,0,1,580,1981-07-29,,10
622,"Webb, Irene F",2016-06-13,,1,1,3,579,1962-06-24,,14
623,"Jarvis, Adam T",2016-06-24,2023-09-30,6,0,5,589,1990-06-18,,13
624,"Crompton, Darren O",2016-01-02,2020-05-21,6,0,1,623,1980-07-21,,14
625,"Barrett, David Z",2015-01-01,2017-08-07,2,0,1,580,1968-03-14,,10
626,"Wright, Jean L",2015-02-05,2020-05-16,4,1,4,558,1974-11-03,,11
627,"Murray, Gill F",2016-07-14,,8,1,5,546,1981-12-01,,12
628,"Murray, Ripduman U",2015-01-01,2017-12-23,7,1,2,587,1964-09-28,,11
629,"Housley, Gill N",2015-08-24,,8,1,5,627,1976-10-01,,13
630,"Housley, Christopher Y",2015-01-01,2015-06-09,6,0,1,623,1976-02-04,,14
631,"Rawson, Leslie J",2015-01-01,2015-08-09,4,0,5,626,1968-11-03,,12
632,"Sheldrick, Morag K",2015-01-01,,8,1,4,627,1983-02-02,,13
633,"Massie, Leigh K",2015-01-01,,4,0,5,626,1978-06-03,,12
634,"Turner, Bevis Y",2015-01-01,,1,0,3,622,1969-01-02,,15
635,"Pryde, Frances L",2015-01-01,,7,1,3,587,1978-08-27,,11
636,"Rasul, Chi O",2015-01-01,,5,0,3,594,1978-02-09,,12
637,"Lloyd, Leonard S",2016-07-31,2017-07-15,4,0,5,626,1977-10-26,,12
638,"Nielson, Simon O",2015-01-01,,2,0,1,625,1980-08-17,,11
639,"Jarvis, George O",2015-01-25,,1,0,2,622,1985-09-24,,15
640,"Field, Jeanne L",2015-01-01,,10,1,4,607,1979-08-05,,13
641,"Cousins, Lisa R",2016-05-11,2020-10-20,3,1,2,588,1971-09-20,,12
642,"Hulme, Lynnette Z",2015-02-28,,4,1,4,626,1987-07-01,,12
643,"Pryde, Rajesh W",2015-01-01,2023-08-25,1,0,4,622,1990-11-13,,15
644,"Deering, Dimitrios E",2016-01-20,,7,0,2,587,1996-01-25,,11
645,"Hulme, John J",2015-06-10,,5,0,4,594,1995-06-15,,12
646,"Andrews, Anne H",2015-08-29,,1,1,4,622,1985-08-20,,15
647,"Mills, Joanna O",2015-01-01,2018-04-11,10,1,2,607,1990-02-03,,13
648,"Marsden, Leonard X",2015-01-01,2016-06-26,2,0,2,625,1977-02-09,,11
649,"Channing, Bruno A",2016-02-18,2018-08-25,3,0,3,588,1977-08-25,,12
650,"McCarthy, Elizabeth T",2015-01-01,2015-06-05,7,1,4,587,1977-05-06,,11
651,"Smith, John S",2015-01-01,2023-08-18,3,0,3,649,1985-10-22,,13
652,"Devlin, Graham V",2016-01-08,,7,0,5,650,1975-12-17,,12
653,"Dingley, Jonathan T",2015-01-01,,2,0,1,625,1961-07-25,,11
654,"Scholes, Iris L",2015-01-01,,6,1,1,623,1965-09-26,,14
655,"Marsden, Helen O",2015-01-01,2022-03-29,3,1,1,649,1981-10-21,,13
656,"Barrett, Rebecca C",2015-01-01,2022-05-17,8,1,5,627,1982-01-26,,13
657,"Nash, Diane T",2015-01-01,2022-02-05,5,1,3,594,1977-07-25,,12
658,"Ranson, Sally N",2015-11-18,,1,1,4,622,1979-02-06,,15
659,"King, Dimitrios F",2015-10-05,,6,0,3,623,1979-05-15,,14
660,"Wright, Frank V",2015-07-18,,7,0,3,650,1973-02-07,,12
661,"Geraghty, Timothy D",2015-07-09,,7,0,4,650,1964-01-09,,12
662,"Field, Sally F",2016-01-31,2016-07-17,8,1,4,627,1994-12-04,,13
663,"Marsden, Dimitrios W",2015-12-05,2018-12-30,4,0,1,626,1977-05-25,,12
664,"Woodbridge, Samantha F",2015-01-01,,10,1,3,607,1973-12-12,,13
665,"Wright, Bruno B",2015-01-01,2017-02-01,3,0,4,649,1980-01-24,,13
666,"Dawber, Miroslawa P",2015-01-01,2020-04-29,10,1,4,607,1968-01-13,,13
667,"Parrett, Nicholas Q",2015-01-01,,2,0,4,625,1975-11-24,,11
668,"Smith, Gordon J",2015-06-26,,9,0,2,486,1992-05-08,,9
669,"Roberts, Steven S",2015-01-01,,5,0,4,594,1970-10-25,,12
670,"Leyland, Simon W",2016-07-19,,1,0,3,622,1975-11-16,,15
671,"Rutherford, Christopher S",2015-09-18,2016-06-23,4,0,3,626,1978-05-07,,12
672,"Murray, Sandra N",2015-08-18,2023-03-21,10,1,4,607,1990-01-14,,13
673,"Lewis, Syed G",2015-01-01,2021-07-21,8,0,2,627,1961-06-15,,13
674,"Colley, Adele D",2015-01-01,2015-03-19,5,1,2,669,1980-01-12,,13
675,"Scholes, Joseph F",2016-11-06,,4,0,2,671,1985-01-21,,13
676,"Brant, Arthur T",2015-01-01,2018-11-26,6,0,4,623,1972-07-10,,14
677,"Polizzi, Jean U",2015-12-05,,6,1,1,623,1995-08-29,,14
678,"Standen, Ann Q",2015-07-10,2022-08-11,7,1,5,650,1990-06-12,,12
679,"Morris, Jill I",2015-02-05,,7,1,3,650,1964-03-22,,12
680,"Devlin, Amanda H",2015-01-01,,2,1,2,625,1972-11-04,,11
681,"Gorton, Elisabeth N",2015-01-01,,3,1,4,649,1956-09-14,,13
682,"Robinson, Bruno L",2016-01-13,,10,0,4,672,1968-06-27,,14
683,"Colley, Nuala F",2015-01-01,,5,1,4,669,1979-05-01,,13
684,"Shearer, Simone F",2017-12-07,,1,1,5,670,1997-12-12,,16
685,"Gadd, John P",2016-06-01,,4,0,3,671,1970-12-15,,13
686,"Parrett, Kevin U",2015-01-01,2022-07-14,8,0,2,627,1977-07-23,,13
687,"Dingley, Joanna A",2015-01-01,2018-07-21,3,1,3,649,1972-10-18,,13
688,"Walmsley, Steven S",2017-01-08,,7,0,1,650,1967-08-11,,12
689,"Pryde, Laura D",2015-05-24,,1,1,5,670,1983-03-06,,16
690,"Lewis, Clare U",2016-12-08,,6,1,1,677,1963-07-27,,15
691,"Rutherford, Francis X",2015-01-01,,6,0,1,677,1972-08-07,,15
692,"John, Robert Z",2015-12-17,2020-03-31,5,0,2,669,1995-12-22,,13
693,"Parkes, Philip J",2015-01-01,,10,0,4,672,1975-11-18,,14
694,"Channing, Ripduman P",2015-01-01,,7,1,4,688,1981-01-10,,13
695,"Scholes, Irene Z",2015-04-05,,7,1,3,688,1979-10-26,,13
696,"Coppin, George D",2015-01-01,,8,0,5,686,1973-10-27,,14
697,"Woodbridge, Gary K",2015-09-12,2017-12-18,4,0,3,671,1977-10-06,,13
698,"Johnson, Paul J",2016-04-20,,6,0,4,677,1977-04-20,,15
699,"Crompton, Colin M",2016-01-04,,1,0,5,670,1969-06-22,,16
700,"Barrett, Ann I",2015-10-14,,2,1,4,625,1978-09-25,,11
701,"Mills, Hannah J",2015-01-01,2018-06-17,8,1,3,686,1991-10-16,,14
702,"Hyslop, Kay H",2015-02-26,,7,1,3,688,1976-09-07,,13
703,"Pryde, Martin M",2015-01-01,,1,0,5,670,1965-10-14,,16
704,"Polizzi, Diana S",2015-01-01,,8,1,1,686,1975-01-29,,14
705,"Hardy, Colette M",2015-09-17,2021-08-13,5,1,2,669,1980-06-22,,13
706,"Shelley, Gillian M",2016-03-21,2019-07-09,4,1,4,671,1985-05-30,,13
707,"Johnson, Linda F",2016-03-29,2019-07-17,1,1,1,670,1975-07-23,,16
708,"Woolley, Russell M",2015-01-01,2020-06-10,3,0,4,649,1964-05-31,,13
709,"Devlin, Adam W",2015-01-01,,10,0,4,672,1983-05-31,,14
710,"Roberts, Adele C",2015-02-09,2020-04-15,10,1,4,672,1971-05-02,,14
711,"Crompton, Sonia U",2015-01-01,,6,1,5,677,1965-06-19,,15
712,"Sheldrick, Lisa U",2015-01-01,2021-04-14,10,1,1,672,1976-11-08,,14
713,"Barrett, Bhavna R",2016-05-14,,6,1,5,677,1972-02-24,,15
714,"Bennett, Douglas I",2015-01-01,,10,0,2,672,1966-01-28,,14
715,"Shearer, Russell J",2015-01-01,2022-04-20,10,0,1,714,1969-11-02,,15
716,"Lloyd, Joanna S",2015-01-01,,2,1,4,700,1984-02-15,,12
717,"Roberts, Nuala B",2015-01-01,2021-07-03,8,1,4,686,1970-05-31,,14
718,"Mead, Frances H",2015-01-01,,8,1,5,686,1971-03-24,,14
719,"Hulme, Amanda D",2015-08-05,,6,1,5,677,1988-06-12,,15
720,"Shelley, Joanna N",2015-01-01,2023-06-07,4,1,5,671,1988-08-25,,13
721,"Hardy, George F",2015-01-01,2020-09-05,10,0,3,714,1983-02-06,,15
722,"Gadd, Michael E",2015-01-01,2019-05-02,8,0,1,686,1986-12-01,,14
723,"Parkes, Jane F",2015-04-29,,9,1,5,668,1995-05-04,,10
724,"Seabrook, Simone H",2016-01-09,,1,1,3,670,1988-03-27,,16
725,"Mongan, Samantha G",2015-10-14,,5,1,5,669,1983-04-01,,13
726,"Woodbridge, Nazma D",2015-02-15,2023-05-28,4,1,2,671,1983-12-01,,13
727,"Murray, Antony T",2015-09-28,2023-08-21,3,0,5,708,1978-11-02,,14
728,"Green, Alison F",2015-01-01,2022-07-20,5,1,5,669,1982-07-31,,13
729,"Lamb, Christopher I",2015-06-10,,9,0,2,668,1970-02-21,,10
730,"Pooley, Harry H",2015-06-20,,1,0,1,724,1965-09-14,,17
731,"Cousins, Elisabeth Y",2015-11-19,,2,1,1,700,1984-06-30,,12
732,"Field, Colin K",2015-09-29,,2,0,4,700,1978-05-30,,12
733,"Simpson, Paulin R",2015-10-09,2019-03-15,4,0,2,726,1973-03-19,,14
734,"Gibbs, Joanne V",2015-01-01,2019-07-18,1,1,5,724,1994-09-30,,17
735,"Cousins, Gary X",2015-01-01,2022-06-15,9,0,2,668,1977-01-19,,10
736,"King, Paul C",2015-02-09,,4,0,2,726,1972-10-15,,14
737,"Primrose, Carol I",2015-09-28,,5,1,3,728,1963-04-09,,14
738,"Nash, Roger X",2015-01-01,,10,0,3,714,1969-02-15,,15
739,"Massie, John V",2015-01-01,,10,0,5,714,1995-01-06,,15
740,"Swart, Liam J",2015-01-01,,7,0,2,688,1967-02-24,,13
741,"Simpson, Alan O",2015-01-01,,6,0,2,719,1973-10-19,,16
742,"Parrett, Dimitrios S",2015-01-01,,1,0,1,724,1962-03-17,,17
743,"Field, Rosalie W",2016-02-28,2021-05-28,8,1,2,722,1957-04-01,,15
744,"MacMillan, David K",2017-04-11,,5,0,2,728,1961-09-29,,14
745,"Gore, Jayne L",2015-01-01,,2,1,2,700,1974-03-03,,12
746,"Haigh, Steven I",2015-01-01,,8,0,3,722,1974-05-19,,15
747,"Channing, Tracey E",2015-01-01,,7,1,2,688,1982-04-01,,13
748,"Deering, Adrian K",2016-12-12,2020-02-27,1,0,5,724,1996-01-18,,17
749,"Sheldrick, Lynnette E",2015-03-29,2023-08-15,5,1,1,728,1966-02-25,,14
750,"Lamb, Clare Y",2015-01-01,,6,1,2,719,1973-04-23,,16
751,"Bland, Alan W",2015-01-01,2023-03-30,1,0,2,724,1967-03-20,,17
752,"Robinson, Emma L",2015-06-17,,9,1,2,668,1995-06-22,,10
753,"Kralj, Sylvia X",2015-06-13,2022-08-11,1,1,1,724,1978-09-24,,17
754,"Polizzi, Nicola S",2016-11-23,,8,1,4,722,1950-05-02,,15
755,"Barrett, Joseph D",2015-05-09,,5,0,5,728,1973-04-09,,14
756,"Gibbs, Dimitrios T",2015-09-07,2015-09-15,4,0,2,726,1964-02-28,,14
757,"Barrett, Robert T",2016-05-11,,3,0,5,708,1986-03-22,,14
758,"Smith, Kathryn U",2015-08-12,2022-06-11,9,1,3,668,1967-12-25,,10
759,"Walmsley, Dimitrios D",2015-01-01,,1,0,2,753,1972-05-09,,18
760,"Lloyd, Andree K",2016-01-28,,9,1,3,668,1974-03-31,,10
761,"Lewis, Sharmin Y",2016-11-30,,6,1,1,719,1986-12-09,,16
762,"Wilson, Adrian J",2015-01-01,2023-06-19,2,0,1,700,1963-02-12,,12
763,"Parke, Rebecca B",2015-01-01,2021-07-12,5,1,3,728,1965-12-19,,14
764,"John, Daniel Q",2015-05-21,,9,0,1,760,1989-07-21,,11
765,"Powell, Colin P",2015-01-06,,2,0,1,700,1979-06-18,,12
766,"Deering, Grace O",2015-01-01,2017-11-17,3,1,1,708,1980-11-05,,14
767,"Choi, Jeanne Z",2015-11-21,,1,1,5,753,1984-09-22,,18
768,"Smith, Patricia P",2015-10-13,,8,1,1,722,1979-05-28,,15
769,"Mongan, Katie W",2015-01-01,2016-08-13,8,1,3,722,1971-05-13,,15
770,"Johnson, Chi N",2015-10-06,2020-09-03,3,0,5,708,1960-06-14,,14
771,"Deering, Olu C",2016-05-15,2020-11-20,2,0,4,765,1971-07-04,,13
772,"Shelley, Dimitrios J",2016-05-15,2022-06-29,9,0,3,760,1979-04-23,,11
773,"Brant, Paul X",2015-04-26,,6,0,5,719,1990-02-28,,16
774,"Mongan, Nishma L",2016-04-21,,9,1,1,760,1967-01-09,,11
775,"Robinson, Darren P",2015-01-01,2020-08-07,3,0,5,708,1980-10-05,,14
776,"Field, Margaret F",2015-07-12,2021-06-09,8,1,2,722,1987-01-20,,15
777,"Bennett, Frank W",2015-01-19,,10,0,4,714,1973-03-01,,15
778,"Murray, Hannah L",2015-01-13,,4,1,2,726,1961-09-26,,14
779,"Shelley, Nishma P",2015-01-01,2015-05-18,7,1,4,688,1959-03-10,,13
780,"Simpson, Josie E",2015-11-01,2019-07-27,7,1,4,779,1974-09-07,,14
781,"Jones, Gordon X",2015-01-15,2017-06-10,5,0,3,728,1986-03-21,,14
782,"Jackson, Giulio S",2015-01-01,2019-11-13,1,0,1,753,1984-12-16,,18
783,"Gilroy, Josie G",2015-02-04,2020-06-09,9,1,5,760,1971-08-05,,11
784,"Rasul, Giulio N",2016-02-03,,1,0,2,753,1973-01-25,,18
785,"Colley, Bevis F",2015-01-01,,5,0,5,781,1969-08-03,,15
786,"Scholes, Sonia J",2015-11-11,2019-07-07,6,1,5,719,1974-09-16,,16
787,"Walmsley, Nuala T",2015-01-01,2020-03-02,3,1,4,708,1979-04-15,,14
788,"Primrose, Leslie I",2015-02-15,,5,0,5,781,1980-01-11,,15
789,"Wright, Rebecca Y",2015-01-01,,4,1,1,726,1981-03-12,,14
790,"Rutherford, Leigh P",2015-11-05,2020-11-09,1,0,2,753,1993-08-04,,18
791,"Richardson, Nuala F",2015-01-01,,2,1,5,765,1995-01-06,,13
792,"Powell, Adele T",2015-01-16,,1,1,4,753,1972-09-07,,18
793,"Wright, Iris E",2015-06-06,,5,1,1,781,1967-07-13,,15
794,"Gibbs, Nazma O",2016-04-20,2017-09-03,2,1,4,765,1973-09-27,,13
795,"Parrett, Rebecca U",2016-05-26,,2,1,5,765,1973-07-29,,13
796,"Morris, Chi A",2015-01-01,,4,0,2,726,1976-09-16,,14
797,"Andrews, Diana E",2015-04-26,,4,1,1,796,1982-10-14,,15
798,"Choi, Daniel K",2015-09-28,,2,0,4,765,1983-11-23,,13
799,"Mead, Darren R",2015-04-13,2015-04-27,5,0,3,781,1986-07-26,,15
800,"Henry, Gordon F",2016-05-13,,9,0,2,760,1968-01-18,,11
801,"Wright, Jean A",2016-10-13,,3,1,5,787,1975-03-18,,15
802,"Ewart, Giulio G",2015-01-01,2019-07-04,5,0,5,781,1965-09-17,,15
803,"Hardy, Brenda A",2015-01-01,,7,1,4,779,1974-05-24,,14
804,"Scholes, Selina O",2015-05-28,2015-07-27,9,1,2,760,1971-05-13,,11
805,"Robinson, Jayne W",2015-01-01,2020-07-26,7,1,4,779,1967-12-08,,14
806,"MacMillan, Peter I",2015-01-01,2021-06-19,5,0,4,781,1977-01-17,,15
807,"Smith, Tracey Y",2015-10-07,,10,1,3,714,1968-07-03,,15
808,"Turner, Chi D",2015-01-01,,8,0,4,776,1954-03-10,,16
809,"Hardy, Jeanne X",2015-01-01,,1,1,2,792,1966-12-28,,19
810,"Swart, Alan S",2015-01-15,,7,0,4,779,1957-02-20,,14
811,"Coppin, Venetia R",2015-03-02,2018-12-15,10,1,2,807,1965-11-21,,16
812,"Mongan, Tracey D",2015-01-12,2022-07-23,1,1,1,792,1968-09-16,,19
813,"MacMillan, Antony I",2015-12-13,,8,0,1,776,1972-12-30,,16
814,"Green, Phyllis Q",2015-01-01,2018-04-17,4,1,3,796,1976-12-11,,15
815,"Woolley, Leslie H",2015-01-01,,9,0,3,804,1970-10-09,,12
816,"Primrose, Syed S",2016-07-15,,1,0,5,792,1964-01-27,,19
817,"Gilroy, Syed F",2015-01-01,,2,0,4,765,1982-12-21,,13
818,"Murray, Angela E",2015-01-29,,1,1,4,792,1967-09-24,,19
819,"Henry, Robert Z",2015-12-17,,4,0,4,796,1982-06-18,,15
820,"Deering, Robert B",2015-01-01,2023-07-11,3,0,5,787,1977-01-05,,15
821,"Lamb, Jean S",2015-01-01,,7,1,3,779,1973-11-10,,14
822,"Rasul, Carol O",2015-09-18,2019-03-09,1,1,3,792,1956-12-19,,19
823,"Coombs, Phyllis W",2015-04-24,2020-02-25,6,1,3,719,1973-06-26,,16
824,"Swart, Frank G",2015-01-01,2023-08-25,10,0,2,807,1980-08-27,,16
825,"Barrett, Hannah B",2015-09-04,,7,1,1,779,1973-07-17,,14
826,"Mills, Grace X",2015-01-01,,9,1,4,804,1950-07-06,,12
827,"Field, Elizabeth E",2015-01-01,,1,1,3,792,1973-01-16,,19
828,"Seabrook, Amanda N",2015-01-01,,7,1,5,825,1976-01-16,,15
829,"Smith, William J",2015-01-01,,7,0,2,825,1980-04-17,,15
830,"Andrews, Simone K",2016-09-09,2020-07-22,9,1,5,804,1968-01-10,,12
831,"Massie, Herbert A",2015-11-03,,2,0,1,817,1982-10-31,,14
832,"Scholes, Colin A",2016-07-06,,8,0,1,776,1963-03-25,,16
833,"Swart, Antony U",2015-01-01,,1,0,1,827,1971-01-06,,20
834,"Andrews, Brenda D",2015-01-01,2017-09-26,4,1,2,796,1977-12-31,,15
835,"Wright, Douglas O",2015-01-01,2017-08-06,4,0,4,796,1974-02-27,,15
836,"Robinson, Julie V",2015-01-01,,6,1,3,823,1972-06-07,,17
837,"Andrews, Chi M",2015-01-01,2017-05-29,2,0,3,817,1971-11-05,,14
838,"Kralj, Emma I",2015-12-11,,9,1,5,804,1971-01-30,,12
839,"Leyland, Diane Z",2015-11-22,2017-09-16,10,1,2,807,1977-11-10,,16
840,"Parke, Josie E",2015-11-02,2023-09-08,7,1,4,825,1975-08-13,,15
841,"Coppin, Carmel Q",2015-06-29,,5,1,5,806,1984-11-13,,16
842,"Gadd, Simon D",2015-01-01,,8,0,4,776,1970-01-24,,16
843,"Turner, Lynnette J",2015-01-01,,5,1,5,806,1963-06-19,,16
844,"Haigh, Grace F",2015-01-01,,3,1,5,787,1972-07-02,,15
845,"Coppin, Adele I",2015-01-30,2019-09-08,3,1,4,787,1981-02-09,,15
846,"Gibbs, Judy R",2015-05-02,2022-08-03,5,1,4,806,1978-12-14,,16
847,"Fleet, Antony Y",2016-05-16,2021-08-06,3,0,1,787,1965-06-07,,15
848,"Pooley, James B",2016-04-22,,9,0,1,804,1966-05-14,,12
849,"Walmsley, Adam U",2015-05-04,,1,0,3,827,1963-01-08,,20
850,"King, David D",2015-01-01,2021-02-13,4,0,1,796,1970-10-14,,15
851,"Gilroy, Sharmin V",2015-01-01,,7,1,5,825,1978-10-10,,15
852,"Parke, William X",2015-11-23,2022-08-25,9,0,3,804,1984-04-10,,12
853,"Kralj, Kathleen E",2015-05-15,,3,1,5,787,1948-08-07,,15
854,"Pooley, Selina R",2015-04-17,2020-08-20,9,1,3,852,1973-06-20,,13
855,"Woolley, Elsie F",2015-01-01,2020-01-07,2,1,2,817,1979-11-01,,14
856,"Cousins, Chi X",2015-01-04,2022-09-12,8,0,4,776,1971-02-26,,16
857,"Mongan, Antony P",2015-01-01,,2,0,2,817,1973-08-07,,14
858,"Stevenson, Tirzah K",2015-07-01,2019-01-19,4,1,3,850,1991-06-13,,16
859,"Gilroy, Catherine F",2015-03-24,,2,1,1,817,1969-07-08,,14
860,"Bland, Simone E",2015-05-01,,8,1,1,776,1985-05-19,,16
861,"Gibbs, Syed F",2015-01-01,,4,0,2,850,1973-12-23,,16
862,"Woolley, Lisa N",2015-01-01,2019-08-20,3,1,4,853,1989-02-10,,16
863,"Andrews, Selina A",2015-01-01,2020-11-17,1,1,5,827,1974-05-03,,20
864,"Gorton, Elizabeth X",2016-01-09,,5,1,3,806,1971-01-25,,16
865,"Henry, Kathleen F",2015-07-29,,2,1,3,817,1961-07-17,,14
866,"Shute, Edward E",2015-01-01,,1,0,3,827,1972-02-21,,20
867,"Deering, Timothy T",2015-01-01,2022-08-12,4,0,5,850,1969-04-28,,16
868,"Roberts, Daniel H",2015-11-20,,1,0,3,827,1983-09-03,,20
869,"Richardson, Margaret T",2016-07-25,2024-01-01,9,1,3,852,1972-06-13,,13
870,"Johnson, Gordon N",2015-01-01,,10,0,3,807,1971-10-14,,16
871,"Murray, Sonia P",2015-01-01,,3,1,5,853,1981-09-30,,16
872,"Jarvis, Daniel K",2015-01-01,2018-03-26,3,0,2,853,1969-06-28,,16
873,"King, Eunice Z",2015-01-01,,1,1,3,827,1968-11-04,,20
874,"Mills, Diane S",2015-01-01,,7,1,2,825,1988-07-02,,15
875,"Geraghty, Arthur S",2015-04-28,,3,0,3,853,1988-02-14,,16
876,"Bland, Thomas L",2015-04-16,,2,0,3,865,1986-05-20,,15
877,"Gibbs, William A",2015-04-28,,1,0,2,873,1988-01-01,,21
878,"Fleet, Diane X",2015-01-01,2021-08-07,3,1,2,853,1956-08-23,,16
879,"Woodbridge, Roger G",2015-01-01,,8,0,5,860,1982-04-07,,17
880,"Parrett, Edward O",2015-09-17,,4,0,4,850,1976-10-06,,16
881,"Coppin, Gary B",2015-01-01,,3,0,3,853,1968-07-16,,16
882,"Goddard, Frank G",2015-05-25,2016-10-17,4,0,5,850,1982-10-10,,16
883,"Pryde, Lynnette I",2015-03-22,,3,1,1,881,1972-03-02,,17
884,"Crompton, Ripduman X",2015-01-01,,3,1,4,881,1971-01-27,,17
885,"Wilson, Christopher G",2015-01-01,,1,0,2,873,1972-01-10,,21
886,"Parke, Kathleen X",2015-01-01,,4,1,5,850,1964-09-18,,16
887,"Hyslop, Colette E",2015-01-01,,1,1,1,873,1982-06-11,,21
888,"Jarvis, Simon R",2015-12-21,2023-03-15,2,0,3,865,1971-02-12,,15
889,"Parkes, Lynnette T",2015-01-01,2021-06-06,10,1,3,807,1969-10-14,,16
890,"Geraghty, Nicholas A",2016-05-26,,6,0,5,823,1968-05-14,,17
891,"Sheldrick, Julie X",2015-01-11,,7,1,5,825,1994-04-14,,15
892,"Green, Nishma Z",2015-01-01,,6,1,5,823,1974-04-28,,17
893,"Cousins, Chi S",2015-01-01,,3,0,3,881,1957-12-02,,17
894,"Webb, Harry U",2017-07-29,,5,0,1,806,1997-07-29,,16
895,"Bennett, Francis Q",2015-01-01,,4,0,4,886,1953-07-13,,17
896,"Rutherford, Gill Z",2015-05-21,,9,1,4,852,1985-12-24,,13
897,"Gorton, Phyllis H",2015-06-20,,5,1,1,806,1979-03-04,,16
898,"Primrose, Gary I",2015-01-01,,5,0,2,897,1974-08-16,,17
899,"Smith, Syed P",2015-05-17,,6,0,1,823,1990-03-21,,17
900,"Roberts, Timothy W",2015-01-01,,4,0,5,886,1974-11-08,,17
901,"Barrett, Tirzah R",2015-12-12,2022-12-21,9,1,3,852,1964-10-17,,13
902,"Jarvis, Russell V",2015-01-01,,9,0,5,852,1982-02-16,,13
903,"Geraghty, Arthur X",2015-01-01,,8,0,5,860,1981-10-04,,17
904,"Crompton, Catherine T",2015-01-01,,6,1,3,823,1972-12-12,,17
905,"Gilroy, Selina Y",2015-01-01,,10,1,2,807,1976-01-02,,16
906,"Turner, Adrian K",2016-02-12,,3,0,2,881,1986-02-10,,17
907,"Brant, Helen S",2015-01-01,,4,1,2,886,1975-02-10,,17
908,"Seabrook, Giulio U",2015-01-01,,9,0,4,852,1979-02-22,,13
909,"Stevenson, Sarah I",2015-01-01,2015-04-14,1,1,1,873,1987-08-25,,21
910,"Ewart, Colin F",2015-02-26,2020-02-04,9,0,2,908,1982-01-12,,14
911,"Geraghty, Sarah E",2016-01-22,,7,1,5,891,1968-06-19,,16
912,"Pooley, Jeanne E",2015-01-09,,7,1,1,891,1968-05-02,,16
913,"Sheldrick, Colette Y",2015-02-23,,7,1,3,891,1967-12-27,,16
914,"Coppin, Gary M",2015-01-01,,2,0,3,865,1975-10-19,,15
915,"Parrett, Colin M",2015-02-17,,2,0,2,865,1990-09-08,,15
916,"Parkes, Samantha B",2015-05-14,,5,1,2,897,1967-09-29,,17
917,"Woolley, Colin Z",2015-01-01,2018-04-20,2,0,5,865,1977-04-05,,15
918,"Nielson, Colette H",2017-05-15,,7,1,1,891,1969-02-11,,16
919,"Gilroy, Katie U",2017-04-14,,3,1,1,881,1982-02-19,,17
920,"Parkes, Jayne P",2015-01-01,2023-08-27,5,1,5,897,1977-09-04,,17
921,"Geraghty, Venetia O",2015-01-01,2021-04-23,10,1,5,905,1995-01-06,,17
922,"Morris, Anastasia U",2015-01-01,,6,1,4,823,1983-07-27,,17
923,"Turner, Jonathan F",2015-12-04,,4,0,3,886,1975-09-20,,17
924,"Mistry, Paul X",2015-01-01,2022-05-21,2,0,2,865,1973-04-04,,15
925,"Massie, Anastasia W",2018-05-20,,5,1,5,897,1977-04-30,,17
926,"Watt, Simone F",2016-01-16,,5,1,1,897,1972-07-14,,17
927,"Mills, Jayne X",2015-07-21,,8,1,3,860,1972-09-17,,17
928,"Haigh, Jonathan E",2015-01-01,,1,0,2,873,1981-02-11,,21
929,"Richards, Jeanne A",2015-01-01,,1,1,4,873,1956-12-29,,21
930,"Mills, Eileen Q",2015-01-01,2023-03-28,7,1,3,891,1988-05-25,,16
931,"Choi, Brenda B",2015-01-01,,1,1,3,929,1972-08-25,,22
932,"Rutherford, Frank O",2015-01-29,,4,0,5,886,1975-12-07,,17
933,"Scholes, Miroslawa F",2015-01-01,2020-07-17,2,1,3,924,1981-11-01,,16
934,"Jackson, Gary G",2015-01-01,,6,0,4,922,1974-06-23,,18
935,"John, Thomas V",2015-01-01,2023-08-20,6,0,4,922,1976-12-31,,18
936,"Turner, Jayne F",2015-04-25,,8,1,1,860,1986-10-07,,17
937,"Murray, Francis O",2016-02-17,2020-04-30,1,0,1,929,1979-09-07,,22
938,"Gore, Diane G",2015-01-01,,7,1,1,891,1962-02-18,,16
939,"Johnson, Janet I",2015-01-01,,7,1,1,938,1990-03-08,,17
940,"Mongan, George H",2015-01-01,2019-06-20,4,0,2,886,1982-10-21,,17
941,"Bland, Jill H",2017-03-13,,4,1,5,940,1983-03-05,,18
942,"Dingley, Martin S",2016-02-04,,3,0,1,881,1984-08-10,,17
943,"Andrews, Roger U",2016-05-07,,8,0,4,860,1976-08-02,,17
944,"Pryde, Tracey Z",2015-01-01,2017-08-05,8,1,5,860,1969-06-18,,17
945,"Bland, Lesley M",2015-01-01,2019-12-07,5,1,3,897,1957-10-09,,17
946,"Wynn, Diana V",2015-01-01,,8,1,3,944,1978-02-03,,18
947,"Cousins, Paul H",2016-04-26,,3,0,3,942,1971-12-02,,18
948,"Dingley, Christopher J",2016-03-27,,4,0,4,940,1974-05-26,,18
949,"MacMillan, Roger I",2016-03-25,,6,0,3,922,1979-05-22,,18
950,"Nielson, Antony U",2015-01-14,2020-07-06,7,0,4,938,1977-03-12,,17
951,"Parrett, Jane A",2016-03-28,2020-08-20,7,1,5,938,1974-06-14,,17
952,"Watt, David Q",2015-01-01,,5,0,5,945,1967-06-19,,18
953,"Housley, Adrian Z",2017-06-17,,3,0,1,942,1977-06-08,,18
954,"Woodbridge, Jayne S",2015-01-01,2022-08-05,4,1,2,940,1981-01-05,,18
955,"Marsden, Roy D",2015-01-23,2017-09-15,3,0,3,942,1984-11-24,,18
956,"Shute, Gary Z",2015-04-27,,6,0,2,922,1981-01-16,,18
957,"Kralj, James Q",2015-01-01,,9,0,2,908,1980-03-23,,14
958,"Watt, Jill T",2015-04-01,2015-10-31,2,1,4,924,1960-11-11,,16
959,"Murray, Leigh V",2015-01-01,2016-09-26,6,0,3,922,1977-03-21,,18
960,"Shute, Gill N",2016-06-12,2020-09-13,10,1,2,905,1991-04-14,,17
961,"Rasul, Roger J",2015-10-07,,9,0,2,908,1969-03-25,,14
962,"Kralj, David C",2015-11-26,2020-05-13,7,0,3,938,1980-02-22,,17
963,"Shearer, Giulio E",2015-01-01,,9,0,4,908,1980-07-12,,14
964,"Sheldrick, Thomas L",2015-08-08,,2,0,3,924,1988-06-29,,16
965,"Collingwood, Sarah K",2015-10-02,2023-03-09,7,1,4,938,1967-05-25,,17
966,"Jarvis, Bevis W",2015-01-01,,1,0,1,929,1975-08-08,,22
967,"Channing, Alan K",2016-02-08,,7,0,4,938,1968-11-27,,17
968,"Pryde, Simon W",2015-06-20,,6,0,3,922,1979-07-20,,18
969,"Lewis, Janet V",2015-07-25,2021-01-28,6,1,1,968,1977-03-24,,19
970,"Parrett, Simon F",2016-03-21,,8,0,2,944,1981-01-15,,18
971,"Goddard, Sonia Q",2015-05-19,,3,1,5,942,1966-10-31,,18
972,"Jackson, Jeanne Y",2015-01-01,,7,1,3,967,1967-09-15,,18
973,"Rasul, Julie W",2015-01-01,,10,1,5,905,1971-12-21,,17
974,"Ewart, Davide I",2015-01-01,,4,0,3,940,1965-11-04,,18
975,"Hardy, Phyllis A",2015-01-01,2021-05-16,2,1,5,924,1978-02-19,,16
976,"Richards, Jane W",2015-06-17,2016-03-25,6,1,3,968,1979-06-21,,19
977,"Rutherford, Matthew R",2015-01-01,2023-03-27,5,0,4,945,1979-08-07,,18
978,"Standen, Brenda J",2015-01-16,,2,1,1,924,1957-05-17,,16
979,"Coppin, Roy S",2015-05-23,,8,0,1,944,1976-07-29,,18
980,"Rasul, Antony U",2015-01-01,,10,0,4,905,1992-04-23,,17
981,"Mills, Paulin I",2015-09-09,2023-07-31,3,0,1,942,1975-05-10,,18
982,"Parke, Ian L",2016-06-22,,6,0,5,968,1971-01-25,,19
983,"Murray, Timothy X",2015-01-01,,4,0,1,940,1995-01-06,,18
984,"Gadd, Daniel V",2015-01-01,,3,0,3,942,1965-08-07,,18
985,"Wilson, Venetia C",2015-01-01,2017-09-10,9,1,4,908,1984-12-07,,14
986,"Hyslop, Christopher T",2016-08-25,,9,0,2,908,1996-04-24,,14
987,"Parke, Jonathan T",2015-04-20,,6,0,2,968,1952-06-21,,19
988,"Dawber, Edward F",2015-08-21,2019-04-06,7,0,5,967,1971-04-07,,18
989,"Smith, Bhavna A",2015-01-29,,7,1,4,967,1982-06-06,,18
990,"Wilson, Laura L",2015-01-01,,8,1,4,944,1963-01-22,,18
991,"Deering, Rebecca J",2015-04-05,,6,1,3,968,1978-03-12,,19
992,"John, Gary A",2015-01-01,,7,0,1,967,1974-01-18,,18
993,"Gadd, Colette J",2016-05-11,,1,1,5,929,1971-04-04,,22
994,"Henry, Angela R",2015-01-01,,4,1,5,940,1981-08-15,,18
995,"Brant, Grace Y",2015-10-30,,9,1,2,986,1985-10-21,,15
996,"Standen, Bhavna L",2015-11-19,2019-03-29,8,1,4,944,1978-05-15,,18
997,"Turner, Paulin F",2015-12-19,,4,0,5,994,1975-06-06,,19
998,"Johnson, Ian O",2015-01-01,,3,0,1,984,1987-08-07,,19
999,"Gilroy, Emma P",2016-01-22,,10,1,5,905,1981-11-24,,17
1000,"MacMillan, Rosalie Q",2015-04-29,,3,1,2,984,1982-09-23,,19
1001,"Bennett, William A",2015-05-19,,9,0,2,986,1981-11-09,,15
1002,"Kralj, Herbert Q",2015-05-21,,2,0,5,924,1993-04-12,,16
1003,"Nielson, Adrian L",2015-03-14,,6,0,5,968,1965-07-04,,19
1004,"Goddard, Andrew D",2015-10-22,,1,0,5,929,1987-06-18,,22
1005,"Mongan, Brigitte K",2015-06-07,,8,1,5,944,1966-11-10,,18
1006,"Webb, Josie R",2015-03-04,2016-04-30,4,1,3,994,1983-10-30,,19
1007,"Gilroy, Gordon P",2015-01-09,2021-12-22,8,0,4,1005,1940-04-01,,19
1008,"Murray, Lisa E",2015-06-12,,4,1,4,994,1983-06-15,,19
1009,"Jackson, Christopher D",2015-02-12,2023-11-24,9,0,1,986,1979-08-23,,15
1010,"Murray, Elizabeth I",2015-10-16,2023-08-31,10,1,4,905,1962-08-26,,17
1011,"Bennett, Jeanne L",2015-05-21,2020-07-02,3,1,1,984,1972-10-24,,19
1012,"Scholes, Simon Z",2015-06-18,2023-06-23,6,0,3,1003,1966-05-18,,20
1013,"Richardson, Raymond T",2015-09-16,,2,0,1,1002,1980-03-21,,17
1014,"Marsden, Gordon J",2015-08-06,2021-12-20,2,0,3,1002,1969-03-14,,17
1015,"Nash, Noella J",2015-06-18,,6,1,4,1003,1960-11-12,,20
1016,"Lovett, Davide M",2015-05-08,,10,0,2,1010,1982-07-17,,18
1017,"Mills, Adrian E",2015-03-22,,5,0,5,945,1978-11-22,,18
1018,"Field, Martin E",2015-03-14,,7,0,2,967,1972-06-19,,18
1019,"Gibbs, Simone K",2015-09-27,2017-06-09,4,1,5,994,1965-08-19,,19
1020,"Henry, Patricia C",2015-07-29,,8,1,1,1005,1964-02-14,,19
1021,"Dawber, Eunice P",2015-06-25,2020-09-15,6,1,2,1003,1974-01-26,,20
1022,"King, Phyllis L",2015-04-06,2023-03-14,6,1,4,1003,1977-09-26,,20
1023,"Lewis, Yvonne R",2015-04-26,,1,1,4,929,1968-04-18,,22
1024,"Deering, Hannah O",2015-05-17,2023-11-09,10,1,5,1010,1985-10-07,,18
1025,"Lloyd, Colin M",2015-05-10,,1,0,2,1023,1969-02-18,,23
1026,"Gore, Bruno X",2015-06-09,,7,0,2,967,1975-12-22,,18
1027,"Webb, Lynette Y",2016-01-16,,8,1,1,1005,1986-09-23,,19
1028,"Watt, Gordon Y",2015-11-29,2017-07-24,10,0,5,1010,1963-10-02,,18
1029,"MacMillan, Leigh C",2015-08-28,,5,0,3,945,1974-05-30,,18
1030,"Ewart, Adam C",2015-10-06,,2,0,3,1002,1964-03-07,,17
1031,"Mills, Daniel S",2015-11-08,2020-07-14,4,0,5,994,1979-12-27,,19
1032,"Parkes, Edward N",2015-05-22,,9,0,1,986,1974-07-14,,15
1033,"Ewart, Gill L",2015-01-01,,9,1,4,986,1960-03-02,,15
1034,"Standen, Jayne S",2015-08-19,,3,1,4,984,1974-04-15,,19
1035,"Norman, Davide Q",2015-03-23,,6,0,4,1003,1991-05-18,,20
1036,"Pooley, Kathryn T",2015-09-28,,1,1,3,1023,1962-05-01,,23
1037,"Gorton, Arthur L",2015-08-23,,8,0,3,1005,1983-04-13,,19
1038,"Simpson, Leslie D",2015-03-18,,8,0,5,1005,1994-12-17,,19
1039,"Brant, Rebecca V",2015-07-31,,6,1,5,1003,1964-09-05,,20
1040,"Fleet, Colette E",2015-01-01,2017-11-18,8,1,1,1005,1955-12-08,,19
1041,"Shearer, George J",2015-05-31,,2,0,5,1002,1965-04-07,,17
1042,"Johnson, Jane B",2015-01-01,2018-07-18,6,1,1,1039,1991-06-10,,21
1043,"Swart, Hannah X",2015-08-22,,3,1,1,984,1963-01-08,,19
1044,"Murray, Anne J",2015-06-27,,8,1,2,1040,1985-10-31,,20
1045,"Shearer, Sandra Y",2015-04-27,,7,1,4,1026,1954-10-04,,19
1046,"Nash, Edward Q",2015-07-03,2016-03-27,1,0,4,1023,1983-04-12,,23
1047,"Andrews, Dimitrios E",2015-06-19,,10,0,4,1010,1969-02-14,,18
1048,"Deering, Giulio O",2015-10-08,2021-12-23,5,0,5,945,1995-10-13,,18
1049,"Lloyd, Gary W",2015-07-18,,4,0,2,994,1979-02-15,,19
1050,"Channing, Colette Y",2015-08-01,,10,1,5,1010,1978-09-21,,18
1051,"Shelley, Bevis S",2015-10-26,,9,0,5,986,1977-02-13,,15
1052,"Coppin, Jonathan L",2016-05-17,2017-04-20,9,0,5,1051,1976-06-07,,16
1053,"Bland, Tirzah H",2016-01-22,2018-01-08,10,1,1,1010,1958-12-20,,18
1054,"Lloyd, Jeanne I",2016-05-13,2022-11-09,7,1,5,1026,1993-03-02,,19
1055,"Rutherford, Antony K",2016-02-25,,8,0,2,1040,1982-12-19,,20
1056,"Devlin, Dimitrios R",2016-07-29,2019-07-09,6,0,5,1039,1969-04-08,,21
1057,"Watt, Christopher T",2016-09-12,,6,0,5,1039,1972-04-30,,21
1058,"Shute, Julie K",2017-02-02,,2,1,4,1002,1978-09-11,,17
1059,"Leyland, Ian K",2016-02-01,,8,0,3,1040,1980-10-09,,20
1060,"Turner, Anne I",2017-01-12,,2,1,3,1002,1971-03-11,,17
1061,"Polizzi, Thomas P",2016-04-07,,5,0,4,945,1978-10-15,,18
1062,"Geraghty, Helen P",2016-12-01,,3,1,3,984,1962-07-06,,19
1063,"Colley, Gwendolyn D",2016-03-24,,2,1,2,1060,1981-02-05,,18
1064,"MacMillan, Diane C",2016-03-17,2021-08-15,6,1,2,1039,1963-07-05,,21
1065,"Rawson, Sandra G",2016-07-03,,4,1,3,1049,1990-01-30,,20
1066,"Woolley, Daniel R",2016-03-19,,8,0,3,1040,1988-07-29,,20
1067,"Woolley, Chi L",2016-07-25,2022-07-29,2,0,2,1060,1980-07-30,,18
1068,"Bland, Amanda A",2016-06-20,,3,1,5,1062,1961-06-05,,20
1069,"Crompton, Gwendolyn H",2016-02-29,,3,1,3,1062,1971-11-13,,20
1070,"Mills, Raymond P",2016-06-08,2021-10-08,5,0,4,1061,1996-06-13,,19
1071,"Massie, Saleha X",2016-03-25,2017-09-02,9,1,5,1051,1961-05-13,,16
1072,"Wynn, Kathryn B",2016-09-02,,6,1,5,1039,1989-06-09,,21
1073,"Stevenson, Philip D",2016-10-19,,7,0,2,1026,1972-08-27,,19
1074,"Fleet, Herbert A",2016-09-30,,5,0,2,1061,1968-10-18,,19
1075,"Green, Raymond H",2016-06-16,,10,0,4,1053,1968-10-25,,19
1076,"Ranson, Eileen P",2016-04-11,2022-01-27,8,1,2,1040,1973-03-26,,20
1077,"Murray, Gary S",2016-08-04,,1,0,3,1023,1980-11-09,,23
1078,"MacMillan, Sharmin L",2016-03-07,,1,1,4,1023,1981-10-16,,23
1079,"Sheldrick, Linda A",2016-03-22,,10,1,3,1053,1971-05-02,,19
1080,"Parke, Paul J",2016-07-18,,9,0,1,1051,1973-04-03,,16
1081,"Watt, Adam T",2016-06-22,,7,0,4,1026,1968-09-14,,19
1082,"Parrett, Rosalie G",2016-06-08,2020-04-16,9,1,2,1051,1975-12-07,,16
1083,"Colley, Elizabeth O",2016-10-10,,10,1,1,1053,1966-05-26,,19
1084,"Jones, Christopher F",2016-05-09,2022-06-03,1,0,4,1023,1978-02-24,,23
1085,"Collingwood, Edward X",2016-02-15,,10,0,5,1053,1970-04-30,,19
1086,"Coombs, Ann M",2016-07-04,,9,1,1,1051,1970-05-22,,16
1087,"Robinson, Chi J",2016-07-25,,3,0,3,1062,1983-03-18,,20
1088,"Goddard, Brigitte B",2016-04-04,,7,1,1,1026,1957-07-27,,19
1089,"Smith, Nuala M",2016-07-24,,2,1,2,1060,1968-04-26,,18
1090,"Richardson, Simon Y",2016-05-27,,8,0,1,1040,1962-03-30,,20
1091,"Richards, Syed M",2016-02-08,,2,0,4,1060,1974-05-21,,18
1092,"Pooley, Gary I",2016-09-08,,7,0,5,1026,1961-03-14,,19
1093,"Walmsley, Roger R",2016-12-21,,9,0,5,1051,1980-06-28,,16
1094,"Jarvis, Adam Y",2016-10-14,,9,0,1,1093,1990-04-19,,17
1095,"Standen, Giulio C",2016-07-08,2022-10-25,1,0,4,1084,1976-07-16,,24
1096,"Roberts, Angela G",2016-07-27,,5,1,3,1061,1983-11-05,,19
1097,"MacMillan, Francis H",2016-04-20,,4,0,1,1049,1994-04-29,,20
1098,"Scholes, Harry P",2016-06-11,2021-07-02,7,0,5,1092,1977-08-12,,20
1099,"Lovett, Steven J",2016-09-16,2017-08-14,7,0,5,1092,1980-09-07,,20
1100,"Nielson, Philip M",2016-09-27,2019-01-14,1,0,4,1084,1975-07-01,,24
1101,"Mills, Michael I",2016-08-10,,5,0,4,1061,1993-07-16,,19
1102,"Webb, Phyllis B",2016-07-16,,2,1,3,1060,1973-01-12,,18
1103,"Channing, Bevis Y",2016-03-29,2022-06-25,8,0,3,1090,1969-02-20,,21
1104,"Brant, Sarah L",2016-03-02,,6,1,3,1039,1984-07-23,,21
1105,"Turner, Hannah T",2016-10-28,,10,1,5,1053,1963-09-15,,19
1106,"Woolley, Venetia Z",2017-09-23,,1,1,2,1084,1971-10-02,,24
1107,"Housley, Kay L",2017-09-25,,10,1,1,1053,1993-03-07,,19
1108,"Sheldrick, Darren N",2017-03-13,,1,0,1,1084,1973-01-02,,24
1109,"Roberts, John E",2017-02-15,,10,0,4,1107,1993-09-07,,20
1110,"Dingley, James S",2017-10-04,,7,0,3,1092,1975-04-07,,20
1111,"Gilroy, Graham X",2017-04-19,,8,0,1,1090,1985-02-06,,21
1112,"Rasul, Angela T",2017-04-04,,2,1,3,1060,1980-01-21,,18
1113,"Stevenson, Jeanne Z",2017-04-04,,6,1,3,1104,1979-10-31,,22
1114,"Bennett, Saleha S",2017-06-26,,8,1,4,1090,1963-04-02,,21
1115,"Norman, Andree P",2017-11-01,,1,1,3,1084,1972-10-03,,24
1116,"Wynn, Herbert R",2017-07-08,2020-05-13,5,0,3,1061,1992-04-12,,19
1117,"Devlin, Gillian X",2017-04-24,,9,1,3,1093,1983-07-04,,17
1118,"Bennett, Gary S",2017-10-26,2019-04-06,7,0,2,1092,1974-07-15,,20
1119,"Massie, Mark Y",2017-07-09,2021-06-13,7,0,5,1092,1996-01-22,,20
1120,"Brant, Andrew K",2017-05-20,2019-10-29,1,0,2,1084,1969-11-13,,24
1121,"Goddard, Catherine V",2017-06-10,,8,1,3,1090,1964-11-04,,21
1122,"Morris, Leigh X",2017-01-24,,7,0,1,1092,1982-06-17,,20
1123,"Parrett, Giulio E",2017-05-21,,6,0,2,1104,1955-07-03,,22
1124,"Mistry, Nuala I",2017-09-22,,6,1,1,1104,1973-06-13,,22
1125,"Devlin, Catherine M",2017-09-19,,9,1,2,1093,1959-02-24,,17
1126,"Robinson, Chi I",2017-07-04,,7,0,2,1122,1971-09-27,,21
1127,"Bland, Gill M",2017-02-13,,2,1,2,1112,1979-02-05,,19
1128,"Sheldrick, Tirzah N",2017-03-23,,1,1,5,1120,1978-07-09,,25
1129,"Wynn, David V",2017-07-07,,4,0,5,1049,1965-11-10,,20
1130,"Henry, Adele Z",2017-11-11,,9,1,3,1093,1984-09-11,,17
1131,"Wynn, Eileen G",2017-05-07,,5,1,1,1061,1960-03-18,,19
1132,"John, Martin E",2016-11-17,2022-04-09,8,0,1,1090,1975-01-29,,21
1133,"Bennett, Jean L",2017-11-15,,2,1,3,1112,1971-03-29,,19
1134,"Smith, Amanda T",2017-05-08,,4,1,2,1049,1966-09-01,,20
1135,"Dingley, Gillian T",2017-08-01,,3,1,1,1062,1981-08-18,,20
1136,"Smith, Christopher I",2017-11-24,,6,0,3,1104,1986-12-16,,22
1137,"Choi, Sharmin D",2017-04-27,,8,1,1,1090,1986-04-09,,21
1138,"Jackson, Selina X",2017-08-27,,3,1,3,1062,1956-10-21,,20
1139,"Deering, Maureen Q",2017-08-06,2018-10-28,6,1,2,1104,1974-08-23,,22
1140,"Collingwood, Amanda W",2017-07-24,,10,1,2,1107,1968-01-27,,20
1141,"Turner, Ian X",2017-05-09,,10,0,2,1107,1968-07-07,,20
1142,"Walmsley, Gary O",2017-08-02,,9,0,2,1093,1991-05-08,,17
1143,"Wright, Antony I",2017-07-21,,4,0,1,1049,1956-04-27,,20
1144,"Leyland, Eunice S",2017-05-30,2019-06-23,3,1,4,1062,1963-09-17,,20
1145,"Cousins, Angela E",2017-07-19,2023-07-30,4,1,5,1049,1977-02-16,,20
1146,"Pryde, Paulin Q",2017-08-14,,7,0,1,1122,1951-07-15,,21
1147,"Crompton, Sarah C",2017-07-23,,9,1,2,1093,1978-08-12,,17
1148,"Mistry, Gabriele J",2017-04-13,2022-05-12,10,1,1,1107,1964-06-14,,20
1149,"Gadd, Dimitrios Z",2017-07-30,2019-07-15,8,0,1,1137,1978-02-02,,22
1150,"Field, Clare Y",2017-06-23,,1,1,5,1120,1956-04-16,,25
1151,"Richards, William J",2017-08-24,,3,0,4,1144,1993-01-03,,21
1152,"Richardson, Davide T",2017-09-06,,8,0,4,1137,1967-10-19,,22
1153,"Choi, Chi D",2017-07-04,2021-02-24,5,0,5,1131,1976-10-06,,20
1154,"Kenney, Timothy G",2017-02-14,,2,0,4,1112,1969-09-25,,19
1155,"Jackson, Andree W",2017-10-16,,2,1,3,1112,1978-05-05,,19
1156,"Barrett, Edward V",2017-06-10,2019-07-07,9,0,3,1147,1987-02-08,,18
1157,"Pryde, Martin I",2017-07-31,2022-08-08,1,0,2,1120,1973-02-16,,25
1158,"Hyslop, Elisabeth V",2017-08-26,,7,1,1,1122,1977-11-02,,21
1159,"Crompton, Gordon R",2017-06-26,2019-10-22,4,0,2,1145,1968-10-02,,21
1160,"Shelley, Colin A",2017-07-30,,3,0,2,1144,1985-11-08,,21
1161,"Pryde, Douglas Q",2017-08-27,,6,0,3,1104,1997-09-01,,22
1162,"Bland, Gwendolyn R",2018-06-03,,2,1,4,1112,1966-08-24,,19
1163,"Andrews, Adrian X",2018-05-13,,6,0,4,1161,1980-12-24,,23
1164,"Lovett, Miroslawa O",2018-08-14,2023-05-30,10,1,4,1107,1981-04-23,,20
1165,"Field, Alan O",2019-02-20,2021-07-13,6,0,4,1161,1987-06-09,,23
1166,"Richards, Adele D",2018-06-09,,6,1,4,1161,1990-05-31,,23
1167,"Mongan, Joseph X",2018-05-07,,4,0,1,1145,1971-04-26,,21
1168,"Parkes, George K",2018-09-07,2018-11-16,1,0,1,1120,1989-01-07,,25
1169,"Pryde, Angela Y",2018-06-16,,5,1,2,1131,1972-12-20,,20
1170,"Murray, Laura I",2018-08-10,,4,1,2,1145,1984-12-09,,21
1171,"Parke, Gillian G",2018-09-22,,6,1,1,1161,1976-02-14,,23
1172,"Polizzi, Joanne N",2018-07-13,,3,1,1,1144,1966-07-24,,21
1173,"Powell, Bhavna P",2018-07-07,2019-09-15,3,1,5,1144,1961-08-28,,21
1174,"Parrett, Herbert T",2018-02-24,,3,0,5,1144,1981-07-21,,21
1175,"Parke, Graham I",2018-07-07,,2,0,4,1112,1978-03-08,,19
1176,"John, Katie J",2018-07-23,2018-10-04,5,1,1,1131,1981-03-04,,20
1177,"Lovett, Ian V",2018-04-28,,6,0,2,1161,1983-01-02,,23
1178,"Gadd, Frank U",2018-03-02,,9,0,1,1147,1986-03-31,,18
1179,"Crompton, Martin O",2018-10-27,,8,0,3,1137,1971-01-14,,22
1180,"Gadd, Sharmin Q",2018-02-06,,1,1,2,1120,1998-02-11,,25
1181,"Jones, Gordon Q",2018-06-10,,3,0,3,1144,1968-06-24,,21
1182,"Hulme, Rosalie W",2018-07-15,,8,1,5,1137,1968-12-19,,22
1183,"Mills, Julie B",2018-05-25,2023-01-05,10,1,3,1107,1956-10-16,,20
1184,"Gadd, Andree N",2018-07-11,,8,1,3,1137,1978-05-13,,22
1185,"Barrett, Lesley U",2018-06-03,,8,1,2,1137,1974-07-04,,22
1186,"Parrett, Kevin N",2018-09-11,,5,0,5,1131,1970-07-05,,20
1187,"Crompton, William L",2018-06-05,,2,0,1,1175,1983-06-17,,20
1188,"Gilroy, Anna U",2018-06-09,,3,1,2,1181,1974-01-16,,22
1189,"Standen, Dimitrios J",2018-09-20,,4,0,2,1145,1987-01-26,,21
1190,"Johnson, Hannah S",2018-09-04,,1,1,3,1120,1987-02-20,,25
1191,"Field, Anastasia A",2018-04-14,,8,1,1,1185,1974-12-18,,23
1192,"Mills, Yvonne L",2018-01-05,,2,1,1,1175,1970-05-28,,20
1193,"Goddard, Karen N",2018-10-05,,4,1,1,1145,1987-05-29,,21
1194,"Pryde, Paulin S",2018-09-06,2022-05-04,9,0,5,1147,1979-12-12,,18
1195,"Norman, Russell B",2018-05-05,,3,0,5,1181,1982-03-15,,22
1196,"Crompton, Leigh M",2018-07-14,,6,0,5,1161,1973-09-15,,23
1197,"Jarvis, Judy I",2018-06-17,,2,1,1,1175,1983-10-09,,20
1198,"Ewart, Diane W",2018-03-31,2019-04-04,2,1,2,1175,1970-10-25,,20
1199,"Murray, Anna K",2018-06-19,,1,1,3,1190,1961-01-09,,26
1200,"Lloyd, Kay Y",2018-10-11,,7,1,5,1122,1972-05-19,,21
1201,"Powell, Diane F",2018-11-20,,2,1,2,1175,1976-05-01,,20
1202,"Rawson, Amanda V",2018-05-31,,6,1,5,1196,1979-02-15,,24
1203,"McCarthy, Venetia L",2018-04-03,,8,1,5,1185,1981-05-29,,23
1204,"Nash, Iris T",2018-05-02,,7,1,2,1122,1979-04-29,,21
1205,"Field, Jeanne D",2018-07-22,,1,1,2,1190,1981-07-10,,26
1206,"Bland, Joanna R",2018-07-16,,3,1,5,1181,1998-07-21,,22
1207,"Wright, Irene I",2017-10-31,2022-01-22,9,1,1,1147,1967-01-25,,18
1208,"Hulme, Herbert M",2018-05-01,,10,0,4,1183,1971-08-03,,21
1209,"Seabrook, Patricia Q",2018-05-07,2022-06-28,7,1,2,1122,1960-12-07,,21
1210,"Lovett, Francis B",2018-06-05,,8,0,1,1185,1977-12-12,,23
1211,"Hyslop, Brigitte I",2018-05-25,2022-04-28,9,1,2,1147,1974-04-04,,18
1212,"Smith, Olu J",2018-04-23,,6,0,2,1196,1969-06-29,,24
1213,"Parrett, Mark P",2018-05-25,,8,0,2,1185,1977-10-13,,23
1214,"Gadd, Chi P",2018-09-17,2023-07-01,3,0,1,1181,1974-09-20,,22
1215,"Colley, Iris W",2018-09-07,2019-05-20,2,1,2,1175,1967-04-28,,20
1216,"Woolley, Laura D",2018-02-02,,4,1,5,1145,1977-08-02,,21
1217,"Lovett, Peter H",2018-09-21,,4,0,1,1216,1982-11-03,,22
1218,"Walmsley, Catherine Y",2017-12-16,2022-10-29,4,1,3,1216,1992-01-27,,22
1219,"Gore, Roy S",2018-09-27,,8,0,2,1185,1973-02-07,,23
1220,"Green, Jonathan X",2018-07-20,2023-12-25,3,0,1,1181,1982-02-26,,22
1221,"Colley, Selina R",2019-08-03,,9,1,3,1147,1974-09-23,,18
1222,"Norman, Bruno T",2019-09-20,,4,0,1,1216,1977-12-15,,22
1223,"Pryde, Ann V",2019-05-01,,3,1,1,1181,1960-08-16,,22
1224,"Swart, Ripduman M",2019-07-11,,6,1,1,1196,1976-07-24,,24
1225,"Hardy, Anastasia Q",2020-01-12,,10,1,3,1183,1968-02-04,,21
1226,"Wilson, Nicola W",2019-04-03,,5,1,3,1131,1991-11-23,,20
1227,"Barrett, Karen W",2019-05-18,,4,1,3,1216,1982-08-22,,22
1228,"Coombs, Rosalie H",2019-07-21,2023-05-18,6,1,1,1196,1983-08-13,,24
1229,"MacMillan, Colin V",2019-09-02,,1,0,4,1190,1995-09-15,,26
1230,"McCarthy, Adele O",2019-09-27,,4,1,3,1216,1975-06-15,,22
1231,"Dawber, George Z",2019-07-25,,2,0,4,1215,1972-10-09,,21
1232,"Parrett, Roy G",2019-08-15,2023-03-13,10,0,4,1183,1996-01-23,,21
1233,"Walmsley, Morag M",2019-06-26,2021-07-06,10,1,2,1183,1975-11-29,,21
1234,"Shute, Kathryn G",2019-06-22,,9,1,1,1221,1969-03-13,,19
1235,"Wilson, Iris X",2019-10-15,2021-11-16,10,1,1,1183,1965-11-04,,21
1236,"Bennett, Diane B",2019-08-31,,5,1,2,1131,1989-03-31,,20
1237,"Mistry, Bruno S",2019-05-02,2023-01-10,3,0,4,1223,1974-12-18,,23
1238,"Collingwood, Shane I",2019-08-27,,10,0,4,1183,1989-07-30,,21
1239,"Devlin, James E",2019-04-29,,2,0,5,1215,1984-05-15,,21
1240,"Brant, Julie Q",2019-06-19,,4,1,4,1216,1986-03-09,,22
1241,"Gorton, Edward T",2019-03-15,,3,0,5,1223,1971-10-29,,23
1242,"Marsden, Jill G",2019-11-06,2022-11-05,9,1,2,1221,1991-09-10,,19
1243,"Murray, Alison T",2019-07-21,,8,1,4,1185,1982-12-08,,23
1244,"Seabrook, Sally W",2019-05-28,2019-12-25,5,1,1,1236,1965-05-25,,21
1245,"Woolley, Eunice T",2019-07-09,2022-03-23,7,1,5,1209,1964-04-13,,22
1246,"Shelley, Christopher Z",2019-07-12,,9,0,3,1221,1994-07-01,,19
1247,"Lovett, Nicholas U",2019-05-02,,6,0,2,1196,1973-12-09,,24
1248,"Parkes, Leigh R",2019-05-12,2022-07-18,8,0,1,1243,1977-06-29,,24
1249,"Fleet, Kathleen R",2019-05-06,,5,1,3,1236,1996-05-25,,21
1250,"Andrews, Rebecca K",2019-06-17,,4,1,1,1240,1972-05-02,,23
1251,"Geraghty, Clare R",2019-11-30,,9,1,2,1221,1960-11-06,,19
1252,"Powell, Leonard C",2019-11-19,,6,0,3,1196,1969-09-09,,24
1253,"Andrews, Colette M",2019-05-25,,6,1,4,1252,1991-05-01,,25
1254,"Field, Bevis J",2019-11-09,,4,0,5,1240,1974-09-20,,23
1255,"Gore, Jill I",2019-11-17,,8,1,3,1243,1979-10-29,,24
1256,"Gore, Colette V",2019-08-18,,2,1,3,1215,1971-05-07,,21
1257,"Simpson, Sarah N",2019-06-08,,5,1,1,1236,1983-07-24,,21
1258,"Barrett, Frank V",2019-05-19,,9,0,4,1221,1988-08-08,,19
1259,"Green, Davide T",2019-06-14,,4,0,5,1240,1973-10-26,,23
1260,"Webb, Robert C",2019-09-22,,4,0,1,1240,1968-04-15,,23
1261,"Bland, Sylvia F",2019-04-24,,9,1,1,1221,1969-09-23,,19
1262,"Barrett, Kathleen Z",2019-08-08,,7,1,1,1209,1989-08-16,,22
1263,"Norman, Jane W",2019-05-12,,6,1,1,1252,1986-07-04,,25
1264,"MacMillan, Simon L",2019-08-19,,2,0,1,1215,1976-09-23,,21
1265,"Dingley, Nishma Z",2019-07-11,,8,1,1,1243,1989-12-08,,24
1266,"John, Frank B",2019-08-25,,5,0,4,1236,1970-11-26,,21
1267,"Webb, Jill M",2019-11-19,,9,1,5,1261,1970-12-14,,20
1268,"Jackson, Peter B",2019-07-19,,5,0,2,1236,1992-06-11,,21
1269,"Andrews, Colette L",2019-02-22,,3,1,5,1223,1977-08-03,,23
1270,"Wynn, Jill E",2019-04-21,,10,1,1,1238,1968-09-18,,22
1271,"Crompton, Christopher O",2019-07-06,,6,0,2,1252,1964-06-01,,25
1272,"Fleet, Nazma G",2019-05-19,2023-12-24,1,1,2,1190,1989-10-19,,26
1273,"Lewis, Alan T",2019-09-21,,6,0,5,1252,1994-08-31,,25
1274,"Mongan, Sarah J",2019-05-03,,9,1,2,1261,1975-08-02,,20
1275,"Mead, Antony Z",2019-05-26,,5,0,5,1236,1986-11-24,,21
1276,"Robinson, John F",2019-07-13,,5,0,5,1275,1985-02-18,,22
1277,"Webb, Iris I",2019-07-25,,3,1,2,1223,1989-12-07,,23
1278,"Gibbs, Nishma Y",2019-03-31,,1,1,4,1190,1955-08-09,,26
1279,"Henry, Joanne D",2019-07-10,2023-05-19,8,1,1,1243,1976-12-19,,24
1280,"Barrett, Gordon W",2019-02-20,,8,0,4,1243,1980-08-31,,24
1281,"Shute, Arthur V",2019-11-01,,2,0,5,1215,1984-12-29,,21
1282,"Ewart, Helen F",2019-05-28,,2,1,5,1215,1973-05-10,,21
1283,"Devlin, Angela Y",2021-01-05,,6,1,4,1252,1991-11-13,,25
1284,"Leyland, Paul J",2020-05-28,2023-01-30,10,0,4,1238,1983-05-30,,22
1285,"King, Elsie G",2020-10-11,,2,1,2,1282,1986-03-24,,22
1286,"Richards, Samantha F",2020-08-16,,7,1,3,1209,1995-12-23,,22
1287,"Devlin, Chi J",2020-06-20,,2,0,4,1282,1974-04-26,,22
1288,"Shearer, Harry H",2020-07-05,,2,0,5,1282,1963-11-25,,22
1289,"Robinson, Colin J",2020-07-23,2021-06-18,9,0,2,1261,1989-12-18,,20
1290,"MacMillan, Eileen X",2020-10-18,2022-03-11,3,1,4,1223,1977-04-22,,23
1291,"Channing, David S",2020-03-10,,9,0,4,1261,1980-11-17,,20
1292,"Scholes, Raymond P",2020-05-30,2021-02-24,4,0,2,1240,1955-03-28,,23
1293,"Dawber, Elizabeth J",2020-08-25,,8,1,3,1243,1996-11-27,,24
1294,"Swart, Darren M",2020-04-22,2020-07-01,2,0,4,1282,1983-10-06,,22
1295,"Murray, Maureen Q",2020-02-25,2023-12-21,9,1,2,1261,1971-09-17,,20
1296,"Goddard, Clare L",2020-08-29,,5,1,3,1275,1995-06-17,,22
1297,"Massie, Adam V",2020-04-24,,1,0,1,1190,1977-09-05,,26
1298,"Stevenson, Timothy Z",2020-07-21,2021-10-05,6,0,2,1252,2000-07-26,,25
1299,"Gadd, George A",2020-06-20,2022-07-11,7,0,1,1209,1983-05-18,,22
1300,"Murray, Jeanne N",2020-04-19,,3,1,2,1223,1967-03-06,,23
1301,"Jackson, Bevis X",2020-06-07,2021-11-26,1,0,1,1297,1984-06-19,,27
1302,"Woolley, Gillian F",2020-08-21,,2,1,1,1282,1980-11-02,,22
1303,"Polizzi, Peter K",2020-06-14,2022-01-27,4,0,3,1240,1973-01-01,,23
1304,"Gore, Leigh P",2020-09-22,,1,0,2,1297,1978-03-19,,27
1305,"Pryde, Leonard R",2020-04-23,,10,0,2,1238,1976-12-16,,22
1306,"Johnson, Elisabeth U",2020-07-26,,1,1,2,1297,2000-07-31,,27
1307,"Scholes, Jean L",2020-08-20,,5,1,4,1275,1973-04-18,,22
1308,"Richards, Arthur A",2020-05-15,,10,0,2,1238,1978-07-17,,22
1309,"Jones, Emma X",2020-10-22,,5,1,5,1275,1982-02-24,,22
1310,"Parkes, Sarah M",2020-05-23,2021-06-10,8,1,2,1293,1970-09-30,,25
1311,"Pryde, Catherine T",2020-04-24,,10,1,2,1238,1978-01-14,,22
1312,"McCarthy, Joseph Y",2020-05-28,,5,0,1,1275,1986-06-19,,22
1313,"Richards, Angela W",2020-07-22,,2,1,5,1282,1967-09-23,,22
1314,"Ewart, Phyllis W",2020-12-24,,1,1,3,1297,1969-02-28,,27
1315,"Powell, Jill X",2019-12-21,,4,1,3,1303,1973-04-28,,24
1316,"Nielson, Patricia L",2020-05-18,,10,1,5,1238,1977-03-23,,22
1317,"Dingley, Katie O",2020-07-17,,4,1,4,1303,1980-07-29,,24
1318,"Leyland, Robert F",2020-10-06,,10,0,4,1316,1995-04-25,,23
1319,"MacMillan, Timothy T",2020-06-07,2021-03-22,5,0,5,1275,1975-08-06,,22
1320,"Andrews, Nazma B",2020-12-16,,5,1,4,1319,1988-02-03,,23
1321,"Kenney, Douglas F",2020-06-13,2022-07-27,7,0,4,1209,1990-03-16,,22
1322,"Collingwood, Leigh O",2020-03-01,,1,0,2,1297,1983-01-30,,27
1323,"Webb, Ian A",2020-06-16,,7,0,3,1209,1989-07-27,,22
1324,"Norman, Colin K",2020-08-12,,4,0,5,1303,1984-04-02,,24
1325,"Primrose, Julie U",2020-07-30,,8,1,2,1293,1953-04-06,,25
1326,"John, Catherine A",2020-04-20,,6,1,2,1298,1975-03-27,,26
1327,"Dawber, Jayne C",2020-07-15,,4,1,4,1303,1981-03-17,,24
1328,"Jones, Ripduman K",2020-09-07,,2,1,2,1313,1978-12-15,,23
1329,"Haigh, Miroslawa B",2020-06-01,2023-05-24,3,1,1,1300,1972-06-03,,24
1330,"Channing, Morag M",2020-05-05,,5,1,3,1319,1984-05-19,,23
1331,"Jackson, Bruno Y",2020-07-07,,1,0,3,1297,1990-04-13,,27
1332,"Pooley, Ann E",2020-03-12,,6,1,5,1298,1987-01-22,,26
1333,"Lloyd, Tirzah S",2020-07-16,,6,1,4,1298,1985-12-11,,26
1334,"Gilroy, Rajesh L",2020-12-15,,5,0,5,1319,1981-07-09,,23
1335,"Sheldrick, Elsie O",2020-07-13,,8,1,1,1293,1970-02-02,,25
1336,"Ranson, Colette V",2020-11-22,,5,1,4,1319,1973-10-27,,23
1337,"Housley, Christopher S",2020-04-10,,1,0,5,1331,1987-03-10,,28
1338,"Pryde, Leslie A",2020-04-19,,7,0,2,1323,1992-01-04,,23
1339,"Webb, Irene M",2020-09-09,2023-04-21,7,1,1,1323,1980-01-22,,23
1340,"Powell, Carol B",2020-02-15,,8,1,2,1293,1981-11-12,,25
1341,"Gadd, Gwendolyn C",2020-08-27,,3,1,1,1300,1992-12-08,,24
1342,"Gorton, Katie N",2020-09-20,,9,1,3,1261,2000-09-25,,20
1343,"Pryde, Diane M",2020-11-01,,5,1,2,1319,1975-06-23,,23
1344,"Powell, Chi C",2020-03-19,,1,0,2,1331,1987-08-23,,28
1345,"Gilroy, Michael V",2020-04-04,,7,0,2,1323,1977-04-24,,23
1346,"Rasul, Bruno V",2020-07-01,,6,0,3,1298,1991-10-07,,26
1347,"Hyslop, Lisa V",2020-03-28,,3,1,2,1300,1984-09-10,,24
1348,"Coombs, Elsie B",2021-05-08,,2,1,5,1313,1988-10-17,,23
1349,"Coppin, Roger A",2021-09-16,,4,0,5,1303,2001-09-21,,24
1350,"Murray, Helen J",2021-03-19,,3,1,5,1300,1992-04-04,,24
1351,"Hyslop, Giulio I",2021-05-29,,10,0,4,1316,1983-12-26,,23
1352,"Hardy, Alan I",2020-11-22,,3,0,1,1300,1972-01-15,,24
1353,"Cousins, Adele E",2021-08-23,,4,1,5,1303,1994-09-27,,24
1354,"McCarthy, Harry G",2021-03-24,,6,0,1,1298,1985-08-16,,26
1355,"MacMillan, Lisa B",2021-07-04,,5,1,3,1319,1984-11-06,,23
1356,"Kenney, Paul I",2021-04-30,,9,0,3,1342,1978-03-06,,21
1357,"Lovett, Emma D",2021-05-04,2023-06-15,8,1,3,1293,1965-03-11,,25
1358,"Rasul, Douglas O",2021-05-30,,8,0,2,1293,1980-02-18,,25
1359,"Jackson, Martin C",2021-05-25,,2,0,4,1313,1987-01-12,,23
1360,"Jones, Bhavna O",2021-09-05,2023-07-24,1,1,3,1331,1987-10-11,,28
1361,"Smith, Karen V",2021-09-23,,7,1,4,1323,1982-03-13,,23
1362,"Parke, Alan A",2021-12-21,,6,0,4,1298,1975-11-23,,26
1363,"Woolley, Anna N",2021-05-01,,8,1,1,1358,1976-08-25,,26
1364,"Mistry, Jill R",2021-08-29,,10,1,1,1316,1974-01-13,,23
1365,"Field, Elisabeth L",2021-11-19,,7,1,4,1323,1976-10-01,,23
1366,"Bennett, Joanna T",2021-08-10,,5,1,3,1355,1989-05-25,,24
1367,"Rawson, Adrian V",2021-07-01,,9,0,3,1342,1989-09-26,,21
1368,"Polizzi, Morag E",2021-08-01,,4,1,5,1353,1973-08-13,,25
1369,"Ranson, Sandra W",2021-07-07,2022-04-02,2,1,1,1313,1976-08-20,,23
1370,"Ewart, Gary O",2021-05-05,,3,0,4,1300,1969-09-09,,24
1371,"Mongan, Brigitte J",2021-08-04,,8,1,1,1358,2000-07-27,,26
1372,"Mistry, Maureen A",2021-05-15,,4,1,5,1353,1980-11-28,,25
1373,"Gadd, Christopher M",2021-06-28,,6,0,5,1362,1983-07-27,,27
1374,"Hyslop, Diana B",2021-05-19,,1,1,4,1331,1968-08-22,,28
1375,"Jones, Joseph F",2021-04-11,,5,0,4,1355,1961-09-19,,24
1376,"Turner, Samantha O",2021-05-23,,5,1,4,1355,1982-04-09,,24
1377,"Ranson, Harry W",2021-06-22,2022-05-06,2,0,4,1313,1988-10-12,,23
1378,"Marsden, Joseph N",2021-04-10,,8,0,2,1358,1984-05-16,,26
1379,"Scholes, Nuala D",2021-06-25,,7,1,3,1323,1983-09-10,,23
1380,"Turner, Bruno X",2021-08-19,,3,0,2,1370,1971-03-31,,25
1381,"Colley, Rebecca E",2021-10-22,,9,1,2,1342,1993-05-20,,21
1382,"Hulme, Julie Q",2021-04-19,,4,1,5,1353,1977-05-05,,25
1383,"Sheldrick, Miroslawa Z",2021-11-17,,9,1,4,1342,1969-01-23,,21
1384,"Fleet, Sandra I",2021-07-23,,7,1,3,1379,1971-12-31,,24
1385,"Gilroy, Carmel I",2021-05-22,,3,1,5,1370,1974-10-16,,25
1386,"Massie, Andrew L",2021-05-02,,1,0,3,1331,1984-06-20,,28
1387,"Hulme, John D",2021-06-17,,10,0,3,1316,1979-09-24,,23
1388,"Cousins, Steven B",2021-07-07,,5,0,4,1355,1982-11-06,,24
1389,"Johnson, Francis Z",2021-12-17,,9,0,3,1342,1990-12-19,,21
1390,"Collingwood, Alan C",2021-06-06,,6,0,3,1362,1985-06-26,,27
1391,"Hulme, Jane L",2020-12-14,,7,1,4,1379,1987-01-16,,24
1392,"Richards, Miroslawa D",2021-08-15,,6,1,5,1362,1985-12-29,,27
1393,"Mills, Frances E",2021-06-14,,10,1,5,1316,1982-04-25,,23
1394,"Hardy, Adam B",2021-11-06,,1,0,4,1331,1996-09-26,,28
1395,"Parkes, Darren C",2021-08-20,,5,0,5,1355,1982-06-28,,24
1396,"Gilroy, Nuala U",2021-07-21,,9,1,5,1342,1991-09-12,,21
1397,"Jackson, Jean R",2021-09-29,,5,1,2,1355,1972-03-08,,24
1398,"Mistry, Jeanne E",2021-07-15,,3,1,1,1370,1993-04-27,,25
1399,"Scholes, Kathryn B",2021-10-05,,1,1,2,1394,1970-11-07,,29
1400,"Nash, Olu X",2021-10-17,,10,0,2,1316,1971-12-31,,23
1401,"Devlin, Roger H",2021-03-14,,8,0,5,1358,1974-09-23,,26
1402,"Nash, Richard V",2020-11-18,,1,0,1,1394,1989-08-14,,29
1403,"Gorton, Sarah M",2021-06-09,,4,1,4,1353,1972-09-27,,25
1404,"Hulme, Adam Q",2021-06-28,2023-12-13,4,0,3,1353,1981-09-15,,25
1405,"Gilroy, Alan R",2021-06-27,,4,0,3,1353,1977-07-14,,25
1406,"Collingwood, Anne B",2021-07-13,,4,1,4,1405,1966-05-29,,26
1407,"Webb, Gill S",2021-08-02,,2,1,1,1313,1983-04-27,,23
1408,"Pryde, David O",2021-12-12,,10,0,5,1400,1992-10-28,,24
1409,"Lewis, Jeanne B",2021-05-22,,3,1,1,1370,1980-08-23,,25
1410,"Goddard, Frank M",2021-04-20,,3,0,3,1370,1980-06-11,,25
1411,"Morris, Antony C",2021-03-05,,6,0,4,1362,1980-05-16,,27
1412,"Woolley, Gwendolyn S",2021-02-27,,8,1,1,1358,1991-08-15,,26
1413,"Walmsley, Lynette Q",2021-04-14,,2,1,5,1407,1993-11-11,,24
1414,"Wilson, Liam Y",2021-09-27,,1,0,5,1394,1999-05-30,,29
1415,"Andrews, Joanne N",2021-08-21,,4,1,2,1405,1989-04-24,,26
1416,"Dawber, Rebecca I",2022-08-26,,7,1,2,1379,1983-12-06,,24
1417,"Cousins, George U",2022-03-09,2023-05-25,10,0,1,1400,1969-06-21,,24
1418,"Rutherford, Stuart Q",2022-08-07,,9,0,2,1396,1984-04-19,,22
1419,"Choi, Margaret Q",2022-05-15,,9,1,4,1396,1987-04-15,,22
1420,"Rasul, Leigh H",2023-04-14,,8,0,5,1358,1983-09-10,,26
1421,"Gore, Yvonne X",2022-03-04,,9,1,4,1396,1959-01-17,,22
1422,"Richardson, Alison O",2022-01-04,,9,1,1,1396,1982-08-26,,22
1423,"Ewart, Andree B",2022-03-31,,9,1,3,1396,1983-04-15,,22
1424,"Simpson, Brigitte I",2022-07-04,,6,1,3,1362,1969-05-09,,27
1425,"Ranson, Dimitrios F",2022-01-09,,6,0,2,1362,1981-06-23,,27
1426,"Sheldrick, Jeanne B",2022-05-24,,5,1,1,1397,1988-08-11,,25
1427,"Woodbridge, Josie B",2021-12-15,2023-03-02,9,1,5,1396,1998-02-14,,22
1428,"Pryde, Adele G",2022-03-15,,1,1,5,1394,2000-03-19,,29
1429,"Sheldrick, Amanda A",2022-07-29,,9,1,5,1427,1962-04-26,,23
1430,"Bennett, Sally R",2022-05-29,,6,1,5,1425,1980-03-19,,28
1431,"Coppin, Raymond C",2022-04-21,,6,0,1,1425,1971-09-13,,28
1432,"Polizzi, Douglas F",2022-08-03,,2,0,2,1407,1997-10-07,,24
1433,"Brant, Gill B",2022-09-07,,5,1,5,1397,1991-07-15,,25
1434,"Parrett, Gordon H",2022-07-31,,4,0,1,1405,1964-04-27,,26
1435,"Pooley, Samantha E",2022-03-28,,4,1,4,1405,1984-11-16,,26
1436,"Polizzi, Iris R",2022-03-08,,4,1,3,1405,2002-03-13,,26
1437,"Devlin, Richard G",2022-02-22,,7,0,2,1379,1995-01-01,,24
1438,"Ranson, Kay M",2022-05-01,2023-04-29,6,1,3,1425,1981-12-25,,28
1439,"Jackson, Rosalie W",2022-10-12,,9,1,4,1427,1995-03-05,,23
1440,"Marsden, Lynnette H",2022-12-25,,5,1,1,1397,1985-06-07,,25
1441,"Shute, Venetia M",2022-07-26,,4,1,5,1405,1988-02-04,,26
1442,"Ranson, Harry E",2022-09-22,,3,0,1,1370,1982-08-22,,25
1443,"Housley, Antony D",2022-03-06,,6,0,1,1425,1989-12-18,,28
1444,"Gorton, Carmel F",2022-10-10,,3,1,5,1442,1975-03-22,,26
1445,"Lewis, Robert A",2022-02-03,,10,0,5,1400,1989-03-14,,24
1446,"Murray, Kevin I",2022-08-23,,2,0,1,1407,1977-08-20,,24
1447,"Wynn, Daniel U",2022-05-14,,8,0,5,1420,1985-01-22,,27
1448,"Nash, Leonard M",2022-05-30,,4,0,5,1441,1973-01-28,,27
1449,"Coombs, Gabriele Q",2022-10-11,,10,1,3,1400,1987-01-30,,24
1450,"Bland, Christopher H",2022-07-17,,6,0,5,1425,1985-01-01,,28
1451,"Gore, Chi X",2022-04-14,,10,0,4,1400,1993-08-16,,24
1452,"Ewart, Rebecca T",2022-03-14,,4,1,3,1441,1984-12-23,,27
1453,"Watt, Darren N",2023-01-06,2023-02-20,10,0,5,1400,1979-05-05,,24
1454,"Stevenson, Bevis Y",2022-12-09,,4,0,2,1441,1986-09-12,,27
1455,"Wright, Arthur T",2022-06-01,,2,0,1,1407,1970-08-21,,24
1456,"Gibbs, Andrew K",2022-04-17,,2,0,4,1407,1992-08-10,,24
1457,"Pooley, Gabriele B",2022-06-20,,9,1,3,1427,1984-03-12,,23
1458,"Stevenson, Bevis N",2022-06-17,,1,0,3,1394,1989-10-04,,29
1459,"Massie, Leigh T",2022-04-27,,9,0,1,1427,1963-05-19,,23
1460,"Smith, Gwendolyn S",2022-09-08,,1,1,1,1394,1997-02-01,,29
1461,"Kenney, Jill B",2022-07-30,,9,1,3,1427,1984-08-05,,23
1462,"Powell, Tracey E",2022-09-06,,3,1,4,1442,2001-08-04,,26
1463,"Rutherford, Antony U",2022-04-06,,5,0,5,1397,1990-02-16,,25
1464,"Parkes, Helen G",2022-10-19,,3,1,2,1442,1979-08-03,,26
1465,"Ranson, George G",2022-05-30,,6,0,4,1425,1973-09-19,,28
1466,"Brant, Colin L",2022-06-03,,7,0,2,1379,1994-10-05,,24
1467,"Henry, Gordon U",2022-12-12,,3,0,2,1442,1987-07-10,,26
1468,"Marsden, Ripduman T",2022-07-22,,10,1,2,1453,1976-10-04,,25
1469,"Scholes, Edward U",2022-07-22,,4,0,2,1441,2000-10-06,,27
1470,"King, Alan I",2022-03-16,,5,0,3,1397,1999-03-22,,25
1471,"Seabrook, Kathleen N",2022-06-25,,6,1,1,1465,2000-10-27,,29
1472,"Shelley, Sharmin A",2022-05-22,,3,1,4,1442,1984-06-23,,26
1473,"Gadd, Arthur G",2022-04-01,,10,0,5,1453,1987-08-29,,25
1474,"Mistry, Hannah A",2022-04-24,,1,1,2,1460,1990-12-31,,30
1475,"Nielson, Christopher O",2022-07-16,,4,0,4,1441,2002-07-21,,27
1476,"Seabrook, Karen C",2022-07-08,,5,1,5,1397,1985-04-25,,25
1477,"Mills, Colin X",2022-09-13,,3,0,4,1442,1973-12-24,,26
1478,"McCarthy, Adrian S",2022-07-21,,7,0,2,1379,2002-06-12,,24
1479,"Standen, Grace Q",2022-05-08,,2,1,5,1407,1983-08-19,,24
1480,"Brant, Gabriele A",2022-06-22,,10,1,3,1453,1994-07-24,,25
1481,"Massie, Herbert Y",2022-06-27,,7,0,4,1478,1972-10-26,,25
1482,"Barrett, Christopher V",2022-04-19,,3,0,1,1477,1990-11-28,,27
1483,"McCarthy, Alan F",2022-04-19,,10,0,4,1453,1981-01-20,,25
1484,"Leyland, Tirzah E",2022-05-27,,8,1,3,1420,1973-02-10,,27
1485,"Gibbs, Bhavna K",2022-12-25,,9,1,3,1427,1984-10-11,,23
1486,"Richards, Elsie G",2022-11-15,,2,1,1,1479,1985-10-14,,25
1487,"Sheldrick, Diane I",2022-05-03,,8,1,2,1420,1980-08-22,,27
1488,"Hyslop, Adrian O",2023-08-25,,6,0,1,1465,1991-04-08,,29
1489,"Rutherford, Judy T",2023-07-16,,4,1,2,1441,1963-09-20,,27
1490,"Fleet, Richard W",2023-06-19,,3,0,1,1477,1972-02-27,,27
1491,"Watt, Anastasia M",2023-06-27,,10,1,2,1453,1976-09-13,,25
1492,"Rawson, Samantha Z",2023-02-13,,5,1,1,1476,1968-06-05,,26
1493,"Wright, Gary L",2023-04-18,,4,0,4,1489,1984-11-06,,28
1494,"Ranson, Darren S",2023-07-05,,3,0,4,1477,1973-02-24,,27
1495,"Turner, Douglas Z",2023-05-18,,10,0,4,1453,1963-11-15,,25
1496,"Andrews, Lynnette J",2023-07-20,,2,1,2,1479,1978-11-23,,25
1497,"Leyland, Julie Z",2023-08-21,,7,1,2,1478,1986-08-18,,25
1498,"McCarthy, Alison U",2023-06-22,,2,1,2,1479,1982-11-08,,25
1499,"Shute, John R",2023-11-29,,10,0,2,1495,1995-07-12,,26
1500,"Sheldrick, Laura R",2023-06-18,,7,1,5,1478,1989-02-08,,25
1501,"Wynn, Leigh X",2023-06-07,,6,0,5,1465,1977-01-05,,29
1502,"Leyland, Arthur N",2023-10-13,,10,0,4,1495,1969-01-11,,26
1503,"Henry, Graham N",2023-01-30,2023-08-17,7,0,4,1478,1990-03-03,,25
1504,"Coombs, Joanne X",2022-12-24,,4,1,5,1489,1987-03-14,,28
1505,"Turner, David L",2023-09-15,,5,0,5,1476,1988-04-13,,26
1506,"Mead, Gabriele N",2023-08-03,,1,1,5,1460,1983-06-06,,30
1507,"Bennett, Frances R",2023-07-27,,7,1,2,1478,1985-10-10,,25
1508,"Marsden, Lynnette D",2023-07-11,,8,1,5,1420,1979-09-25,,27
1509,"Brant, William W",2023-09-09,,2,0,3,1479,1996-10-05,,25
1510,"Woolley, Daniel C",2023-04-01,,3,0,5,1477,1984-11-12,,27
1511,"Richardson, Bruno X",2023-04-28,,10,0,1,1495,1985-05-21,,26
1512,"Woodbridge, Anna E",2022-11-20,,6,1,2,1465,1983-08-22,,29
1513,"Rawson, David W",2023-09-11,,5,0,2,1476,1992-11-25,,26
1514,"King, Joseph U",2023-09-11,,4,0,2,1489,1978-01-29,,28
1515,"Lewis, Julie Z",2023-06-18,,6,1,4,1465,1995-10-25,,29
1516,"Mills, Venetia G",2023-04-09,,8,1,4,1420,1984-10-24,,27
1517,"Bennett, Brenda D",2023-06-12,,8,1,5,1420,1980-03-27,,27
1518,"Massie, Douglas J",2023-08-06,,9,0,4,1485,1963-07-29,,24
1519,"Seabrook, Colette R",2023-06-09,,8,1,3,1517,1982-02-26,,28
1520,"Pooley, Simon A",2023-02-12,,9,0,5,1485,1988-12-31,,24
1521,"Johnson, Joanna L",2023-04-19,,5,1,3,1476,1968-02-02,,26
1522,"Massie, Steven P",2023-07-19,,3,0,1,1477,1997-01-18,,27
1523,"Roberts, Rajesh P",2023-10-03,,10,0,3,1495,1969-03-20,,26
1524,"Goddard, Robert R",2023-06-13,,9,0,1,1485,1990-01-17,,24
1525,"Jarvis, Patricia R",2023-08-15,,4,1,2,1489,1988-06-22,,28
1526,"Hulme, Antony E",2023-05-22,,3,0,2,1477,1984-06-23,,27
1527,"Mills, Steven O",2023-04-30,,5,0,3,1476,1993-03-11,,26
1528,"Mongan, Robert Q",2023-08-19,,1,0,1,1460,1986-09-10,,30
1529,"Pryde, Gary J",2023-08-12,,2,0,2,1479,1978-07-26,,25
1530,"Scholes, Bevis S",2023-03-06,,2,0,4,1479,1994-10-21,,25
1531,"Sheldrick, Harry E",2023-04-17,,2,0,4,1530,1987-11-21,,26
1532,"Walmsley, Chi D",2023-03-17,,3,0,1,1526,1986-09-12,,28
1533,"Murray, Roger E",2023-09-22,,1,0,2,1460,1983-10-10,,30
1534,"Bland, Catherine B",2023-04-30,,9,1,5,1485,1981-05-15,,24
1535,"Bennett, Maureen R",2023-04-05,,4,1,5,1489,1976-04-08,,28
1536,"Sheldrick, Andrew F",2024-01-23,,8,0,1,1517,1988-10-27,,28
1537,"Gore, Francis E",2023-06-06,,5,0,4,1476,1993-05-23,,26
1538,"Jackson, George C",2023-05-13,,7,0,2,1478,1987-02-20,,25
1539,"Ewart, Karen W",2023-05-21,,3,1,5,1526,1961-08-24,,28
1540,"Hyslop, Kathryn Z",2023-06-02,,9,1,3,1485,1991-08-17,,24
1541,"Scholes, Chi O",2023-05-27,,7,0,3,1538,1986-06-22,,26
1542,"Coppin, Anna L",2023-03-24,,10,1,1,1495,1987-05-26,,26
1543,"Ranson, Harry L",2023-09-09,,2,0,3,1530,1988-01-07,,26
1544,"Scholes, Grace E",2023-11-26,,1,1,1,1460,2000-01-08,,30
1545,"Channing, Sharmin L",2023-07-29,,10,1,2,1495,1993-12-01,,26
1546,"Wright, Kevin P",2023-07-08,,3,0,1,1526,1972-06-21,,28
1547,"Parke, Paul O",2024-02-12,,5,0,4,1537,1988-05-30,,27
1548,"Jones, Tirzah T",2023-02-18,,8,1,5,1517,1970-09-20,,28
1549,"Deering, Leonard J",2023-08-05,,5,0,1,1537,1983-03-11,,27
1550,"Lamb, Joseph H",2023-10-05,,4,0,5,1489,1982-12-03,,28
1551,"Barrett, Timothy Q",2023-06-09,,5,0,1,1537,1972-07-02,,27
1552,"Parkes, Paulin Z",2023-04-04,,10,0,2,1545,1983-12-12,,27
1553,"Shute, Clare F",2023-04-21,,8,1,4,1517,1996-07-14,,28
1554,"Mead, Daniel F",2023-02-10,,6,0,4,1465,1975-01-17,,29
1555,"Norman, Harry L",2023-06-14,,6,0,4,1554,2002-07-08,,30
1556,"King, Morag P",2023-05-23,,9,1,3,1485,1977-12-01,,24
1557,"King, Raymond L",2023-06-15,,9,0,4,1556,1987-12-04,,25
1558,"Shearer, Dimitrios Q",2023-11-01,,3,0,1,1526,1990-05-21,,28
1559,"Shute, Phyllis H",2023-07-12,,1,1,1,1460,1974-10-01,,30
1560,"Scholes, Ripduman K",2023-04-22,,1,1,4,1559,1971-05-11,,31
1561,"Rawson, Elisabeth K",2023-03-07,,6,1,3,1554,1982-08-25,,30
1562,"Mongan, Gabriele T",2023-07-01,,2,1,5,1530,1974-11-15,,26
