PerfID,EmpID,Rating,PerfDate
1,1,1,2015-12-31
2,2,2,2015-12-31
3,3,2,2015-12-31
4,4,4,2015-12-31
5,5,2,2015-12-31
6,6,5,2015-12-31
7,7,3,2015-12-31
8,8,4,2015-12-31
9,10,4,2015-12-31
10,11,3,2015-12-31
11,12,4,2015-12-31
12,13,3,2015-12-31
13,14,4,2015-12-31
14,16,3,2015-12-31
15,17,3,2015-12-31
16,18,4,2015-12-31
17,19,1,2015-12-31
18,20,3,2015-12-31
19,21,1,2015-12-31
20,23,4,2015-12-31
21,24,3,2015-12-31
22,25,2,2015-12-31
23,26,3,2015-12-31
24,27,3,2015-12-31
25,28,3,2015-12-31
26,29,2,2015-12-31
27,30,4,2015-12-31
28,31,4,2015-12-31
29,32,4,2015-12-31
30,33,2,2015-12-31
31,34,1,2015-12-31
32,35,3,2015-12-31
33,36,2,2015-12-31
34,39,3,2015-12-31
35,42,1,2015-12-31
36,43,1,2015-12-31
37,44,5,2015-12-31
38,45,1,2015-12-31
39,46,4,2015-12-31
40,47,4,2015-12-31
41,49,4,2015-12-31
42,51,4,2015-12-31
43,52,1,2015-12-31
44,53,3,2015-12-31
45,54,3,2015-12-31
46,55,5,2015-12-31
47,56,1,2015-12-31
48,57,3,2015-12-31
49,58,4,2015-12-31
50,59,3,2015-12-31
51,60,4,2015-12-31
52,61,3,2015-12-31
53,62,2,2015-12-31
54,63,5,2015-12-31
55,64,4,2015-12-31
56,65,3,2015-12-31
57,67,1,2015-12-31
58,69,3,2015-12-31
59,71,3,2015-12-31
60,72,3,2015-12-31
61,73,3,2015-12-31
62,74,4,2015-12-31
63,75,2,2015-12-31
64,76,3,2015-12-31
65,77,3,2015-12-31
66,78,3,2015-12-31
67,79,1,2015-12-31
68,80,5,2015-12-31
69,81,3,2015-12-31
70,82,2,2015-12-31
71,83,3,2015-12-31
72,84,4,2015-12-31
73,85,3,2015-12-31
74,87,2,2015-12-31
75,88,1,2015-12-31
76,89,3,2015-12-31
77,90,4,2015-12-31
78,91,3,2015-12-31
79,92,3,2015-12-31
80,93,3,2015-12-31
81,94,3,2015-12-31
82,95,2,2015-12-31
83,96,2,2015-12-31
84,97,3,2015-12-31
85,98,3,2015-12-31
86,99,3,2015-12-31
87,100,5,2015-12-31
88,102,3,2015-12-31
89,103,4,2015-12-31
90,104,3,2015-12-31
91,105,4,2015-12-31
92,106,3,2015-12-31
93,107,5,2015-12-31
94,108,3,2015-12-31
95,109,1,2015-12-31
96,110,1,2015-12-31
97,111,3,2015-12-31
98,112,4,2015-12-31
99,113,5,2015-12-31
100,114,3,2015-12-31
101,115,3,2015-12-31
102,117,2,2015-12-31
103,118,3,2015-12-31
104,119,3,2015-12-31
105,120,5,2015-12-31
106,121,1,2015-12-31
107,122,2,2015-12-31
108,123,4,2015-12-31
109,124,4,2015-12-31
110,125,3,2015-12-31
111,126,4,2015-12-31
112,128,4,2015-12-31
113,129,1,2015-12-31
114,130,4,2015-12-31
115,131,2,2015-12-31
116,132,3,2015-12-31
117,133,3,2015-12-31
118,134,1,2015-12-31
119,135,3,2015-12-31
120,136,4,2015-12-31
121,137,2,2015-12-31
122,138,5,2015-12-31
123,139,3,2015-12-31
124,140,3,2015-12-31
125,141,2,2015-12-31
126,142,2,2015-12-31
127,143,4,2015-12-31
128,144,4,2015-12-31
129,145,4,2015-12-31
130,146,4,2015-12-31
131,147,4,2015-12-31
132,148,1,2015-12-31
133,149,3,2015-12-31
134,150,3,2015-12-31
135,151,4,2015-12-31
136,152,4,2015-12-31
137,153,2,2015-12-31
138,155,3,2015-12-31
139,156,4,2015-12-31
140,157,2,2015-12-31
141,158,5,2015-12-31
142,160,4,2015-12-31
143,161,3,2015-12-31
144,162,3,2015-12-31
145,163,3,2015-12-31
146,164,3,2015-12-31
147,165,3,2015-12-31
148,166,3,2015-12-31
149,167,3,2015-12-31
150,168,3,2015-12-31
151,170,4,2015-12-31
152,172,4,2015-12-31
153,173,2,2015-12-31
154,174,1,2015-12-31
155,175,1,2015-12-31
156,176,5,2015-12-31
157,177,4,2015-12-31
158,178,2,2015-12-31
159,179,2,2015-12-31
160,180,4,2015-12-31
161,181,2,2015-12-31
162,182,5,2015-12-31
163,184,4,2015-12-31
164,185,2,2015-12-31
165,186,1,2015-12-31
166,187,1,2015-12-31
167,188,1,2015-12-31
168,189,2,2015-12-31
169,190,2,2015-12-31
170,191,3,2015-12-31
171,192,3,2015-12-31
172,193,3,2015-12-31
173,194,4,2015-12-31
174,197,4,2015-12-31
175,199,4,2015-12-31
176,200,2,2015-12-31
177,202,3,2015-12-31
178,204,3,2015-12-31
179,205,5,2015-12-31
180,206,2,2015-12-31
181,207,3,2015-12-31
182,208,4,2015-12-31
183,209,3,2015-12-31
184,210,3,2015-12-31
185,211,3,2015-12-31
186,212,5,2015-12-31
187,214,3,2015-12-31
188,218,4,2015-12-31
189,219,2,2015-12-31
190,220,4,2015-12-31
191,221,4,2015-12-31
192,222,3,2015-12-31
193,223,3,2015-12-31
194,224,4,2015-12-31
195,225,3,2015-12-31
196,226,3,2015-12-31
197,227,3,2015-12-31
198,228,3,2015-12-31
199,229,4,2015-12-31
200,230,2,2015-12-31
201,232,5,2015-12-31
202,233,1,2015-12-31
203,234,3,2015-12-31
204,235,3,2015-12-31
205,240,3,2015-12-31
206,241,3,2015-12-31
207,242,4,2015-12-31
208,243,3,2015-12-31
209,244,5,2015-12-31
210,245,4,2015-12-31
211,246,5,2015-12-31
212,247,3,2015-12-31
213,248,4,2015-12-31
214,249,5,2015-12-31
215,250,4,2015-12-31
216,251,3,2015-12-31
217,252,1,2015-12-31
218,253,3,2015-12-31
219,255,3,2015-12-31
220,256,2,2015-12-31
221,257,3,2015-12-31
222,258,2,2015-12-31
223,259,4,2015-12-31
224,260,3,2015-12-31
225,261,3,2015-12-31
226,262,1,2015-12-31
227,264,4,2015-12-31
228,265,3,2015-12-31
229,266,2,2015-12-31
230,267,2,2015-12-31
231,268,4,2015-12-31
232,269,3,2015-12-31
233,270,3,2015-12-31
234,271,2,2015-12-31
235,272,5,2015-12-31
236,273,4,2015-12-31
237,274,3,2015-12-31
238,275,2,2015-12-31
239,276,4,2015-12-31
240,278,3,2015-12-31
241,281,2,2015-12-31
242,283,3,2015-12-31
243,285,5,2015-12-31
244,287,4,2015-12-31
245,288,5,2015-12-31
246,289,4,2015-12-31
247,290,2,2015-12-31
248,291,3,2015-12-31
249,292,4,2015-12-31
250,293,4,2015-12-31
251,294,2,2015-12-31
252,295,4,2015-12-31
253,296,3,2015-12-31
254,297,2,2015-12-31
255,298,3,2015-12-31
256,299,5,2015-12-31
257,301,1,2015-12-31
258,302,2,2015-12-31
259,303,3,2015-12-31
260,304,4,2015-12-31
261,305,2,2015-12-31
262,306,3,2015-12-31
263,307,3,2015-12-31
264,308,3,2015-12-31
265,309,4,2015-12-31
266,310,4,2015-12-31
267,311,3,2015-12-31
268,312,2,2015-12-31
269,313,1,2015-12-31
270,314,3,2015-12-31
271,315,5,2015-12-31
272,316,3,2015-12-31
273,319,3,2015-12-31
274,320,2,2015-12-31
275,321,3,2015-12-31
276,322,4,2015-12-31
277,323,2,2015-12-31
278,324,5,2015-12-31
279,325,4,2015-12-31
280,326,3,2015-12-31
281,327,4,2015-12-31
282,328,3,2015-12-31
283,329,2,2015-12-31
284,332,3,2015-12-31
285,333,3,2015-12-31
286,334,3,2015-12-31
287,335,4,2015-12-31
288,336,3,2015-12-31
289,337,1,2015-12-31
290,338,5,2015-12-31
291,340,3,2015-12-31
292,341,3,2015-12-31
293,343,3,2015-12-31
294,344,4,2015-12-31
295,345,1,2015-12-31
296,346,4,2015-12-31
297,348,1,2015-12-31
298,349,1,2015-12-31
299,350,3,2015-12-31
300,352,3,2015-12-31
301,353,2,2015-12-31
302,354,2,2015-12-31
303,355,3,2015-12-31
304,356,3,2015-12-31
305,358,2,2015-12-31
306,359,3,2015-12-31
307,361,3,2015-12-31
308,362,4,2015-12-31
309,364,3,2015-12-31
310,366,2,2015-12-31
311,367,3,2015-12-31
312,371,1,2015-12-31
313,372,5,2015-12-31
314,374,3,2015-12-31
315,375,1,2015-12-31
316,376,2,2015-12-31
317,377,3,2015-12-31
318,378,3,2015-12-31
319,379,5,2015-12-31
320,381,3,2015-12-31
321,382,2,2015-12-31
322,383,4,2015-12-31
323,384,2,2015-12-31
324,385,1,2015-12-31
325,387,4,2015-12-31
326,388,4,2015-12-31
327,389,1,2015-12-31
328,390,4,2015-12-31
329,393,5,2015-12-31
330,395,3,2015-12-31
331,396,3,2015-12-31
332,397,1,2015-12-31
333,399,3,2015-12-31
334,400,3,2015-12-31
335,402,4,2015-12-31
336,403,2,2015-12-31
337,404,2,2015-12-31
338,406,5,2015-12-31
339,407,3,2015-12-31
340,408,2,2015-12-31
341,409,5,2015-12-31
342,411,1,2015-12-31
343,414,3,2015-12-31
344,415,3,2015-12-31
345,416,2,2015-12-31
346,417,3,2015-12-31
347,418,2,2015-12-31
348,419,4,2015-12-31
349,420,1,2015-12-31
350,421,2,2015-12-31
351,422,2,2015-12-31
352,423,1,2015-12-31
353,425,1,2015-12-31
354,426,3,2015-12-31
355,427,1,2015-12-31
356,428,2,2015-12-31
357,432,2,2015-12-31
358,433,3,2015-12-31
359,434,5,2015-12-31
360,435,3,2015-12-31
361,436,3,2015-12-31
362,437,3,2015-12-31
363,438,3,2015-12-31
364,439,4,2015-12-31
365,440,3,2015-12-31
366,441,3,2015-12-31
367,442,2,2015-12-31
368,443,3,2015-12-31
369,445,3,2015-12-31
370,446,4,2015-12-31
371,447,2,2015-12-31
372,448,3,2015-12-31
373,449,5,2015-12-31
374,451,1,2015-12-31
375,452,3,2015-12-31
376,454,2,2015-12-31
377,455,3,2015-12-31
378,456,4,2015-12-31
379,457,3,2015-12-31
380,458,3,2015-12-31
381,459,3,2015-12-31
382,460,3,2015-12-31
383,463,5,2015-12-31
384,464,3,2015-12-31
385,466,2,2015-12-31
386,467,3,2015-12-31
387,468,3,2015-12-31
388,469,4,2015-12-31
389,470,1,2015-12-31
390,471,3,2015-12-31
391,472,1,2015-12-31
392,473,2,2015-12-31
393,474,1,2015-12-31
394,475,3,2015-12-31
395,476,4,2015-12-31
396,477,4,2015-12-31
397,479,4,2015-12-31
398,480,2,2015-12-31
399,481,5,2015-12-31
400,482,2,2015-12-31
401,483,4,2015-12-31
402,484,2,2015-12-31
403,485,3,2015-12-31
404,486,3,2015-12-31
405,489,3,2015-12-31
406,490,3,2015-12-31
407,491,2,2015-12-31
408,492,2,2015-12-31
409,493,3,2015-12-31
410,494,2,2015-12-31
411,495,4,2015-12-31
412,496,4,2015-12-31
413,498,3,2015-12-31
414,499,4,2015-12-31
415,500,2,2015-12-31
416,501,3,2015-12-31
417,502,4,2015-12-31
418,503,3,2015-12-31
419,504,2,2015-12-31
420,505,4,2015-12-31
421,507,2,2015-12-31
422,508,4,2015-12-31
423,509,4,2015-12-31
424,510,3,2015-12-31
425,511,4,2015-12-31
426,512,5,2015-12-31
427,515,3,2015-12-31
428,516,3,2015-12-31
429,518,4,2015-12-31
430,519,4,2015-12-31
431,521,3,2015-12-31
432,522,5,2015-12-31
433,523,4,2015-12-31
434,524,5,2015-12-31
435,525,3,2015-12-31
436,526,1,2015-12-31
437,527,5,2015-12-31
438,528,2,2015-12-31
439,529,4,2015-12-31
440,530,2,2015-12-31
441,532,2,2015-12-31
442,533,2,2015-12-31
443,534,5,2015-12-31
444,535,3,2015-12-31
445,536,2,2015-12-31
446,537,2,2015-12-31
447,538,3,2015-12-31
448,540,1,2015-12-31
449,541,3,2015-12-31
450,542,4,2015-12-31
451,543,2,2015-12-31
452,544,2,2015-12-31
453,545,5,2015-12-31
454,546,3,2015-12-31
455,547,3,2015-12-31
456,548,3,2015-12-31
457,549,3,2015-12-31
458,550,3,2015-12-31
459,551,3,2015-12-31
460,552,3,2015-12-31
461,553,3,2015-12-31
462,554,5,2015-12-31
463,556,5,2015-12-31
464,557,3,2015-12-31
465,558,3,2015-12-31
466,559,3,2015-12-31
467,560,1,2015-12-31
468,561,2,2015-12-31
469,562,3,2015-12-31
470,563,3,2015-12-31
471,564,4,2015-12-31
472,566,2,2015-12-31
473,567,4,2015-12-31
474,568,3,2015-12-31
475,569,3,2015-12-31
476,570,2,2015-12-31
477,572,4,2015-12-31
478,573,4,2015-12-31
479,574,2,2015-12-31
480,575,3,2015-12-31
481,576,2,2015-12-31
482,577,3,2015-12-31
483,578,4,2015-12-31
484,579,4,2015-12-31
485,580,3,2015-12-31
486,581,5,2015-12-31
487,582,3,2015-12-31
488,583,2,2015-12-31
489,584,1,2015-12-31
490,585,2,2015-12-31
491,586,3,2015-12-31
492,587,4,2015-12-31
493,588,3,2015-12-31
494,590,5,2015-12-31
495,591,2,2015-12-31
496,592,4,2015-12-31
497,593,3,2015-12-31
498,594,5,2015-12-31
499,595,5,2015-12-31
500,596,4,2015-12-31
501,597,5,2015-12-31
502,598,5,2015-12-31
503,601,3,2015-12-31
504,603,3,2015-12-31
505,604,1,2015-12-31
506,605,3,2015-12-31
507,606,3,2015-12-31
508,607,2,2015-12-31
509,609,3,2015-12-31
510,610,3,2015-12-31
511,611,4,2015-12-31
512,612,3,2015-12-31
513,614,5,2015-12-31
514,615,3,2015-12-31
515,616,1,2015-12-31
516,619,2,2015-12-31
517,620,3,2015-12-31
518,621,4,2015-12-31
519,625,1,2015-12-31
520,626,3,2015-12-31
521,628,4,2015-12-31
522,629,4,2015-12-31
523,632,1,2015-12-31
524,633,3,2015-12-31
525,634,1,2015-12-31
526,635,5,2015-12-31
527,636,4,2015-12-31
528,638,4,2015-12-31
529,639,3,2015-12-31
530,640,5,2015-12-31
531,642,3,2015-12-31
532,643,3,2015-12-31
533,645,2,2015-12-31
534,646,2,2015-12-31
535,647,4,2015-12-31
536,648,3,2015-12-31
537,651,1,2015-12-31
538,653,3,2015-12-31
539,654,2,2015-12-31
540,655,3,2015-12-31
541,656,5,2015-12-31
542,657,1,2015-12-31
543,658,4,2015-12-31
544,659,1,2015-12-31
545,660,2,2015-12-31
546,661,1,2015-12-31
547,663,5,2015-12-31
548,664,2,2015-12-31
549,665,3,2015-12-31
550,666,3,2015-12-31
551,667,4,2015-12-31
552,668,3,2015-12-31
553,669,3,2015-12-31
554,671,4,2015-12-31
555,672,3,2015-12-31
556,673,3,2015-12-31
557,676,4,2015-12-31
558,677,2,2015-12-31
559,678,3,2015-12-31
560,679,2,2015-12-31
561,680,1,2015-12-31
562,681,3,2015-12-31
563,683,3,2015-12-31
564,686,3,2015-12-31
565,687,3,2015-12-31
566,689,3,2015-12-31
567,691,3,2015-12-31
568,692,3,2015-12-31
569,693,2,2015-12-31
570,694,3,2015-12-31
571,695,4,2015-12-31
572,696,3,2015-12-31
573,697,1,2015-12-31
574,700,3,2015-12-31
575,701,3,2015-12-31
576,702,3,2015-12-31
577,703,3,2015-12-31
578,704,3,2015-12-31
579,705,4,2015-12-31
580,708,3,2015-12-31
581,709,3,2015-12-31
582,710,3,2015-12-31
583,711,3,2015-12-31
584,712,2,2015-12-31
585,714,2,2015-12-31
586,715,3,2015-12-31
587,716,5,2015-12-31
588,717,1,2015-12-31
589,718,3,2015-12-31
590,719,3,2015-12-31
591,720,5,2015-12-31
592,721,2,2015-12-31
593,722,3,2015-12-31
594,723,1,2015-12-31
595,725,3,2015-12-31
596,726,2,2015-12-31
597,727,3,2015-12-31
598,728,4,2015-12-31
599,729,3,2015-12-31
600,730,1,2015-12-31
601,731,2,2015-12-31
602,732,3,2015-12-31
603,733,2,2015-12-31
604,734,5,2015-12-31
605,735,1,2015-12-31
606,736,1,2015-12-31
607,737,5,2015-12-31
608,738,3,2015-12-31
609,739,5,2015-12-31
610,740,4,2015-12-31
611,741,2,2015-12-31
612,742,2,2015-12-31
613,745,3,2015-12-31
614,746,3,2015-12-31
615,747,3,2015-12-31
616,749,3,2015-12-31
617,750,3,2015-12-31
618,751,3,2015-12-31
619,752,3,2015-12-31
620,753,3,2015-12-31
621,755,2,2015-12-31
622,758,1,2015-12-31
623,759,3,2015-12-31
624,762,2,2015-12-31
625,763,3,2015-12-31
626,764,4,2015-12-31
627,765,3,2015-12-31
628,766,3,2015-12-31
629,767,3,2015-12-31
630,768,2,2015-12-31
631,769,5,2015-12-31
632,770,2,2015-12-31
633,773,4,2015-12-31
634,775,5,2015-12-31
635,776,2,2015-12-31
636,777,4,2015-12-31
637,778,4,2015-12-31
638,780,3,2015-12-31
639,781,4,2015-12-31
640,782,2,2015-12-31
641,783,5,2015-12-31
642,785,2,2015-12-31
643,786,3,2015-12-31
644,787,3,2015-12-31
645,788,3,2015-12-31
646,789,5,2015-12-31
647,790,4,2015-12-31
648,791,5,2015-12-31
649,792,4,2015-12-31
650,793,1,2015-12-31
651,796,5,2015-12-31
652,797,2,2015-12-31
653,798,4,2015-12-31
654,802,2,2015-12-31
655,803,2,2015-12-31
656,805,3,2015-12-31
657,806,3,2015-12-31
658,807,3,2015-12-31
659,808,1,2015-12-31
660,809,4,2015-12-31
661,810,1,2015-12-31
662,811,3,2015-12-31
663,812,3,2015-12-31
664,813,3,2015-12-31
665,814,3,2015-12-31
666,815,3,2015-12-31
667,817,4,2015-12-31
668,818,3,2015-12-31
669,819,2,2015-12-31
670,820,3,2015-12-31
671,821,3,2015-12-31
672,822,2,2015-12-31
673,823,3,2015-12-31
674,824,1,2015-12-31
675,825,3,2015-12-31
676,826,3,2015-12-31
677,827,4,2015-12-31
678,828,1,2015-12-31
679,829,5,2015-12-31
680,831,4,2015-12-31
681,833,2,2015-12-31
682,834,4,2015-12-31
683,835,2,2015-12-31
684,836,2,2015-12-31
685,837,3,2015-12-31
686,838,2,2015-12-31
687,839,5,2015-12-31
688,840,2,2015-12-31
689,841,1,2015-12-31
690,842,5,2015-12-31
691,843,2,2015-12-31
692,844,3,2015-12-31
693,845,2,2015-12-31
694,846,5,2015-12-31
695,849,3,2015-12-31
696,850,3,2015-12-31
697,851,3,2015-12-31
698,852,2,2015-12-31
699,853,3,2015-12-31
700,854,4,2015-12-31
701,855,5,2015-12-31
702,856,4,2015-12-31
703,857,3,2015-12-31
704,858,5,2015-12-31
705,859,3,2015-12-31
706,860,5,2015-12-31
707,861,3,2015-12-31
708,862,3,2015-12-31
709,863,2,2015-12-31
710,865,1,2015-12-31
711,866,3,2015-12-31
712,867,5,2015-12-31
713,868,3,2015-12-31
714,870,5,2015-12-31
715,871,2,2015-12-31
716,872,4,2015-12-31
717,873,5,2015-12-31
718,874,2,2015-12-31
719,875,1,2015-12-31
720,876,4,2015-12-31
721,877,2,2015-12-31
722,878,3,2015-12-31
723,879,4,2015-12-31
724,880,1,2015-12-31
725,881,3,2015-12-31
726,882,3,2015-12-31
727,883,3,2015-12-31
728,884,3,2015-12-31
729,885,5,2015-12-31
730,886,3,2015-12-31
731,887,1,2015-12-31
732,888,3,2015-12-31
733,889,3,2015-12-31
734,891,4,2015-12-31
735,892,3,2015-12-31
736,893,4,2015-12-31
737,895,3,2015-12-31
738,896,5,2015-12-31
739,897,4,2015-12-31
740,898,1,2015-12-31
741,899,2,2015-12-31
742,900,4,2015-12-31
743,901,3,2015-12-31
744,902,3,2015-12-31
745,903,2,2015-12-31
746,904,3,2015-12-31
747,905,3,2015-12-31
748,907,5,2015-12-31
749,908,1,2015-12-31
750,910,5,2015-12-31
751,912,3,2015-12-31
752,913,1,2015-12-31
753,914,3,2015-12-31
754,915,1,2015-12-31
755,916,3,2015-12-31
756,917,1,2015-12-31
757,920,1,2015-12-31
758,921,4,2015-12-31
759,922,2,2015-12-31
760,923,3,2015-12-31
761,924,3,2015-12-31
762,927,4,2015-12-31
763,928,2,2015-12-31
764,929,2,2015-12-31
765,930,2,2015-12-31
766,931,3,2015-12-31
767,932,5,2015-12-31
768,933,2,2015-12-31
769,934,3,2015-12-31
770,935,5,2015-12-31
771,936,4,2015-12-31
772,938,2,2015-12-31
773,939,3,2015-12-31
774,940,3,2015-12-31
775,944,3,2015-12-31
776,945,1,2015-12-31
777,946,4,2015-12-31
778,950,4,2015-12-31
779,952,2,2015-12-31
780,954,3,2015-12-31
781,955,3,2015-12-31
782,956,3,2015-12-31
783,957,4,2015-12-31
784,959,3,2015-12-31
785,961,3,2015-12-31
786,962,3,2015-12-31
787,963,2,2015-12-31
788,964,2,2015-12-31
789,965,5,2015-12-31
790,966,4,2015-12-31
791,968,2,2015-12-31
792,969,4,2015-12-31
793,971,1,2015-12-31
794,972,5,2015-12-31
795,973,2,2015-12-31
796,974,1,2015-12-31
797,975,3,2015-12-31
798,976,3,2015-12-31
799,977,3,2015-12-31
800,978,1,2015-12-31
801,979,4,2015-12-31
802,980,5,2015-12-31
803,981,3,2015-12-31
804,983,3,2015-12-31
805,984,3,2015-12-31
806,985,4,2015-12-31
807,987,3,2015-12-31
808,988,3,2015-12-31
809,989,2,2015-12-31
810,990,4,2015-12-31
811,991,5,2015-12-31
812,992,2,2015-12-31
813,994,3,2015-12-31
814,995,3,2015-12-31
815,996,4,2015-12-31
816,997,3,2015-12-31
817,998,4,2015-12-31
818,1000,2,2015-12-31
819,1001,3,2015-12-31
820,1002,3,2015-12-31
821,1003,2,2015-12-31
822,1004,3,2015-12-31
823,1005,3,2015-12-31
824,1006,5,2015-12-31
825,1007,2,2015-12-31
826,1008,3,2015-12-31
827,1009,2,2015-12-31
828,1010,1,2015-12-31
829,1011,3,2015-12-31
830,1012,5,2015-12-31
831,1013,3,2015-12-31
832,1014,2,2015-12-31
833,1015,5,2015-12-31
834,1016,3,2015-12-31
835,1017,2,2015-12-31
836,1018,3,2015-12-31
837,1019,2,2015-12-31
838,1020,5,2015-12-31
839,1021,4,2015-12-31
840,1022,2,2015-12-31
841,1023,3,2015-12-31
842,1024,3,2015-12-31
843,1025,4,2015-12-31
844,1026,3,2015-12-31
845,1028,3,2015-12-31
846,1029,1,2015-12-31
847,1030,3,2015-12-31
848,1031,3,2015-12-31
849,1032,5,2015-12-31
850,1033,3,2015-12-31
851,1034,1,2015-12-31
852,1035,2,2015-12-31
853,1036,3,2015-12-31
854,1037,3,2015-12-31
855,1038,4,2015-12-31
856,1039,2,2015-12-31
857,1040,2,2015-12-31
858,1041,3,2015-12-31
859,1042,2,2015-12-31
860,1043,3,2015-12-31
861,1044,3,2015-12-31
862,1045,3,2015-12-31
863,1046,4,2015-12-31
864,1047,2,2015-12-31
865,1048,3,2015-12-31
866,1049,2,2015-12-31
867,1050,2,2015-12-31
868,1051,5,2015-12-31
869,1,4,2016-12-31
870,2,5,2016-12-31
871,3,3,2016-12-31
872,4,3,2016-12-31
873,5,4,2016-12-31
874,6,5,2016-12-31
875,7,3,2016-12-31
876,8,3,2016-12-31
877,10,2,2016-12-31
878,11,5,2016-12-31
879,12,3,2016-12-31
880,13,4,2016-12-31
881,14,3,2016-12-31
882,15,3,2016-12-31
883,16,4,2016-12-31
884,17,2,2016-12-31
885,18,4,2016-12-31
886,19,3,2016-12-31
887,20,3,2016-12-31
888,21,3,2016-12-31
889,22,5,2016-12-31
890,23,3,2016-12-31
891,24,5,2016-12-31
892,25,4,2016-12-31
893,26,5,2016-12-31
894,27,4,2016-12-31
895,28,5,2016-12-31
896,29,4,2016-12-31
897,30,5,2016-12-31
898,31,1,2016-12-31
899,32,4,2016-12-31
900,33,1,2016-12-31
901,34,2,2016-12-31
902,35,4,2016-12-31
903,36,5,2016-12-31
904,38,4,2016-12-31
905,39,4,2016-12-31
906,41,4,2016-12-31
907,42,2,2016-12-31
908,43,5,2016-12-31
909,44,4,2016-12-31
910,45,3,2016-12-31
911,46,3,2016-12-31
912,47,4,2016-12-31
913,48,3,2016-12-31
914,49,4,2016-12-31
915,50,3,2016-12-31
916,51,3,2016-12-31
917,52,3,2016-12-31
918,53,5,2016-12-31
919,54,3,2016-12-31
920,55,4,2016-12-31
921,56,4,2016-12-31
922,57,2,2016-12-31
923,58,5,2016-12-31
924,59,4,2016-12-31
925,60,3,2016-12-31
926,61,3,2016-12-31
927,62,4,2016-12-31
928,64,5,2016-12-31
929,65,4,2016-12-31
930,66,3,2016-12-31
931,67,5,2016-12-31
932,68,3,2016-12-31
933,69,4,2016-12-31
934,70,4,2016-12-31
935,71,5,2016-12-31
936,72,3,2016-12-31
937,73,2,2016-12-31
938,74,3,2016-12-31
939,75,2,2016-12-31
940,76,4,2016-12-31
941,77,3,2016-12-31
942,78,5,2016-12-31
943,79,1,2016-12-31
944,80,5,2016-12-31
945,81,3,2016-12-31
946,83,3,2016-12-31
947,84,3,2016-12-31
948,85,2,2016-12-31
949,86,2,2016-12-31
950,87,2,2016-12-31
951,88,5,2016-12-31
952,89,3,2016-12-31
953,90,2,2016-12-31
954,91,2,2016-12-31
955,92,3,2016-12-31
956,93,5,2016-12-31
957,94,3,2016-12-31
958,96,5,2016-12-31
959,97,3,2016-12-31
960,98,4,2016-12-31
961,99,4,2016-12-31
962,100,3,2016-12-31
963,101,3,2016-12-31
964,102,4,2016-12-31
965,103,4,2016-12-31
966,104,3,2016-12-31
967,105,2,2016-12-31
968,106,3,2016-12-31
969,107,1,2016-12-31
970,108,3,2016-12-31
971,109,4,2016-12-31
972,110,2,2016-12-31
973,111,5,2016-12-31
974,112,3,2016-12-31
975,113,2,2016-12-31
976,114,3,2016-12-31
977,115,3,2016-12-31
978,116,3,2016-12-31
979,117,1,2016-12-31
980,118,4,2016-12-31
981,119,3,2016-12-31
982,120,3,2016-12-31
983,121,3,2016-12-31
984,122,1,2016-12-31
985,123,4,2016-12-31
986,124,3,2016-12-31
987,125,5,2016-12-31
988,126,5,2016-12-31
989,127,3,2016-12-31
990,128,3,2016-12-31
991,129,4,2016-12-31
992,130,2,2016-12-31
993,131,2,2016-12-31
994,132,3,2016-12-31
995,134,3,2016-12-31
996,135,3,2016-12-31
997,136,4,2016-12-31
998,137,4,2016-12-31
999,138,3,2016-12-31
1000,139,2,2016-12-31
1001,140,2,2016-12-31
1002,141,3,2016-12-31
1003,142,3,2016-12-31
1004,143,2,2016-12-31
1005,144,2,2016-12-31
1006,145,3,2016-12-31
1007,146,4,2016-12-31
1008,147,2,2016-12-31
1009,148,2,2016-12-31
1010,149,2,2016-12-31
1011,150,1,2016-12-31
1012,151,2,2016-12-31
1013,152,3,2016-12-31
1014,153,4,2016-12-31
1015,154,3,2016-12-31
1016,155,1,2016-12-31
1017,156,4,2016-12-31
1018,157,1,2016-12-31
1019,158,3,2016-12-31
1020,159,3,2016-12-31
1021,160,4,2016-12-31
1022,161,2,2016-12-31
1023,162,3,2016-12-31
1024,163,3,2016-12-31
1025,164,4,2016-12-31
1026,165,5,2016-12-31
1027,166,4,2016-12-31
1028,167,4,2016-12-31
1029,168,5,2016-12-31
1030,169,4,2016-12-31
1031,170,3,2016-12-31
1032,171,4,2016-12-31
1033,172,3,2016-12-31
1034,173,3,2016-12-31
1035,174,2,2016-12-31
1036,175,2,2016-12-31
1037,176,5,2016-12-31
1038,177,3,2016-12-31
1039,178,4,2016-12-31
1040,179,5,2016-12-31
1041,180,1,2016-12-31
1042,181,3,2016-12-31
1043,182,4,2016-12-31
1044,184,5,2016-12-31
1045,185,4,2016-12-31
1046,186,2,2016-12-31
1047,187,3,2016-12-31
1048,188,3,2016-12-31
1049,189,3,2016-12-31
1050,191,4,2016-12-31
1051,192,2,2016-12-31
1052,193,2,2016-12-31
1053,194,4,2016-12-31
1054,195,5,2016-12-31
1055,196,2,2016-12-31
1056,197,3,2016-12-31
1057,198,3,2016-12-31
1058,199,4,2016-12-31
1059,200,4,2016-12-31
1060,202,2,2016-12-31
1061,203,4,2016-12-31
1062,204,3,2016-12-31
1063,205,4,2016-12-31
1064,206,5,2016-12-31
1065,208,3,2016-12-31
1066,209,3,2016-12-31
1067,210,3,2016-12-31
1068,212,2,2016-12-31
1069,213,5,2016-12-31
1070,215,4,2016-12-31
1071,216,1,2016-12-31
1072,217,1,2016-12-31
1073,218,4,2016-12-31
1074,219,3,2016-12-31
1075,220,3,2016-12-31
1076,221,1,2016-12-31
1077,222,4,2016-12-31
1078,223,5,2016-12-31
1079,224,4,2016-12-31
1080,225,4,2016-12-31
1081,226,4,2016-12-31
1082,227,4,2016-12-31
1083,228,2,2016-12-31
1084,229,5,2016-12-31
1085,230,3,2016-12-31
1086,231,3,2016-12-31
1087,232,3,2016-12-31
1088,234,5,2016-12-31
1089,235,3,2016-12-31
1090,236,4,2016-12-31
1091,237,2,2016-12-31
1092,238,2,2016-12-31
1093,239,3,2016-12-31
1094,240,4,2016-12-31
1095,241,2,2016-12-31
1096,242,1,2016-12-31
1097,243,4,2016-12-31
1098,244,2,2016-12-31
1099,245,1,2016-12-31
1100,246,3,2016-12-31
1101,247,5,2016-12-31
1102,248,4,2016-12-31
1103,249,3,2016-12-31
1104,250,2,2016-12-31
1105,251,1,2016-12-31
1106,252,4,2016-12-31
1107,253,3,2016-12-31
1108,254,3,2016-12-31
1109,255,3,2016-12-31
1110,256,3,2016-12-31
1111,257,5,2016-12-31
1112,258,3,2016-12-31
1113,259,5,2016-12-31
1114,260,3,2016-12-31
1115,261,3,2016-12-31
1116,262,3,2016-12-31
1117,263,2,2016-12-31
1118,264,4,2016-12-31
1119,265,3,2016-12-31
1120,266,3,2016-12-31
1121,267,5,2016-12-31
1122,268,1,2016-12-31
1123,269,3,2016-12-31
1124,270,3,2016-12-31
1125,271,3,2016-12-31
1126,272,3,2016-12-31
1127,273,4,2016-12-31
1128,274,1,2016-12-31
1129,275,5,2016-12-31
1130,276,3,2016-12-31
1131,278,2,2016-12-31
1132,279,5,2016-12-31
1133,280,2,2016-12-31
1134,281,3,2016-12-31
1135,282,3,2016-12-31
1136,283,3,2016-12-31
1137,285,3,2016-12-31
1138,286,3,2016-12-31
1139,287,3,2016-12-31
1140,288,4,2016-12-31
1141,289,3,2016-12-31
1142,290,5,2016-12-31
1143,291,1,2016-12-31
1144,292,2,2016-12-31
1145,294,2,2016-12-31
1146,295,4,2016-12-31
1147,296,3,2016-12-31
1148,297,4,2016-12-31
1149,298,4,2016-12-31
1150,299,3,2016-12-31
1151,300,2,2016-12-31
1152,301,3,2016-12-31
1153,302,3,2016-12-31
1154,303,3,2016-12-31
1155,304,3,2016-12-31
1156,305,3,2016-12-31
1157,306,3,2016-12-31
1158,307,2,2016-12-31
1159,308,2,2016-12-31
1160,309,1,2016-12-31
1161,310,3,2016-12-31
1162,311,4,2016-12-31
1163,312,3,2016-12-31
1164,313,3,2016-12-31
1165,314,3,2016-12-31
1166,315,4,2016-12-31
1167,316,1,2016-12-31
1168,317,4,2016-12-31
1169,318,1,2016-12-31
1170,319,4,2016-12-31
1171,320,5,2016-12-31
1172,322,3,2016-12-31
1173,323,4,2016-12-31
1174,324,4,2016-12-31
1175,325,2,2016-12-31
1176,326,4,2016-12-31
1177,327,4,2016-12-31
1178,329,2,2016-12-31
1179,331,3,2016-12-31
1180,332,3,2016-12-31
1181,333,3,2016-12-31
1182,334,1,2016-12-31
1183,335,4,2016-12-31
1184,336,4,2016-12-31
1185,337,3,2016-12-31
1186,338,3,2016-12-31
1187,339,3,2016-12-31
1188,340,5,2016-12-31
1189,341,3,2016-12-31
1190,342,4,2016-12-31
1191,343,2,2016-12-31
1192,344,4,2016-12-31
1193,345,3,2016-12-31
1194,346,2,2016-12-31
1195,348,3,2016-12-31
1196,349,3,2016-12-31
1197,350,1,2016-12-31
1198,352,4,2016-12-31
1199,353,3,2016-12-31
1200,354,3,2016-12-31
1201,355,3,2016-12-31
1202,356,3,2016-12-31
1203,357,2,2016-12-31
1204,358,1,2016-12-31
1205,359,3,2016-12-31
1206,360,4,2016-12-31
1207,361,4,2016-12-31
1208,362,3,2016-12-31
1209,363,2,2016-12-31
1210,364,2,2016-12-31
1211,366,3,2016-12-31
1212,367,3,2016-12-31
1213,368,3,2016-12-31
1214,371,2,2016-12-31
1215,372,4,2016-12-31
1216,374,1,2016-12-31
1217,375,4,2016-12-31
1218,376,3,2016-12-31
1219,377,4,2016-12-31
1220,378,2,2016-12-31
1221,379,3,2016-12-31
1222,380,2,2016-12-31
1223,381,2,2016-12-31
1224,382,3,2016-12-31
1225,383,4,2016-12-31
1226,384,3,2016-12-31
1227,385,3,2016-12-31
1228,386,3,2016-12-31
1229,387,3,2016-12-31
1230,388,1,2016-12-31
1231,389,5,2016-12-31
1232,390,5,2016-12-31
1233,391,5,2016-12-31
1234,392,1,2016-12-31
1235,393,3,2016-12-31
1236,394,4,2016-12-31
1237,395,3,2016-12-31
1238,396,3,2016-12-31
1239,397,3,2016-12-31
1240,398,3,2016-12-31
1241,399,2,2016-12-31
1242,400,4,2016-12-31
1243,401,3,2016-12-31
1244,402,3,2016-12-31
1245,403,3,2016-12-31
1246,404,4,2016-12-31
1247,406,5,2016-12-31
1248,407,5,2016-12-31
1249,408,3,2016-12-31
1250,409,2,2016-12-31
1251,411,3,2016-12-31
1252,412,3,2016-12-31
1253,415,3,2016-12-31
1254,416,5,2016-12-31
1255,417,3,2016-12-31
1256,418,5,2016-12-31
1257,419,1,2016-12-31
1258,421,3,2016-12-31
1259,422,2,2016-12-31
1260,423,3,2016-12-31
1261,424,3,2016-12-31
1262,425,5,2016-12-31
1263,426,1,2016-12-31
1264,427,4,2016-12-31
1265,428,3,2016-12-31
1266,429,1,2016-12-31
1267,430,3,2016-12-31
1268,431,5,2016-12-31
1269,432,3,2016-12-31
1270,433,1,2016-12-31
1271,434,4,2016-12-31
1272,435,3,2016-12-31
1273,436,5,2016-12-31
1274,437,5,2016-12-31
1275,438,5,2016-12-31
1276,439,4,2016-12-31
1277,440,2,2016-12-31
1278,442,2,2016-12-31
1279,443,2,2016-12-31
1280,444,2,2016-12-31
1281,445,3,2016-12-31
1282,446,3,2016-12-31
1283,447,3,2016-12-31
1284,448,2,2016-12-31
1285,449,3,2016-12-31
1286,450,2,2016-12-31
1287,451,3,2016-12-31
1288,452,5,2016-12-31
1289,453,4,2016-12-31
1290,454,3,2016-12-31
1291,455,3,2016-12-31
1292,456,4,2016-12-31
1293,457,1,2016-12-31
1294,458,3,2016-12-31
1295,459,3,2016-12-31
1296,460,1,2016-12-31
1297,461,2,2016-12-31
1298,462,2,2016-12-31
1299,463,3,2016-12-31
1300,464,4,2016-12-31
1301,465,1,2016-12-31
1302,466,3,2016-12-31
1303,467,2,2016-12-31
1304,468,3,2016-12-31
1305,469,2,2016-12-31
1306,470,3,2016-12-31
1307,471,1,2016-12-31
1308,472,1,2016-12-31
1309,473,3,2016-12-31
1310,474,4,2016-12-31
1311,475,5,2016-12-31
1312,476,2,2016-12-31
1313,477,3,2016-12-31
1314,478,5,2016-12-31
1315,479,3,2016-12-31
1316,480,4,2016-12-31
1317,481,3,2016-12-31
1318,483,3,2016-12-31
1319,484,5,2016-12-31
1320,485,2,2016-12-31
1321,486,2,2016-12-31
1322,487,3,2016-12-31
1323,489,2,2016-12-31
1324,490,3,2016-12-31
1325,491,1,2016-12-31
1326,492,3,2016-12-31
1327,493,3,2016-12-31
1328,494,3,2016-12-31
1329,495,2,2016-12-31
1330,496,4,2016-12-31
1331,497,2,2016-12-31
1332,498,3,2016-12-31
1333,499,2,2016-12-31
1334,500,3,2016-12-31
1335,501,3,2016-12-31
1336,502,2,2016-12-31
1337,503,1,2016-12-31
1338,504,3,2016-12-31
1339,505,1,2016-12-31
1340,506,3,2016-12-31
1341,507,1,2016-12-31
1342,508,2,2016-12-31
1343,509,3,2016-12-31
1344,510,1,2016-12-31
1345,511,3,2016-12-31
1346,512,3,2016-12-31
1347,513,3,2016-12-31
1348,515,3,2016-12-31
1349,516,5,2016-12-31
1350,517,2,2016-12-31
1351,518,2,2016-12-31
1352,519,1,2016-12-31
1353,520,3,2016-12-31
1354,521,5,2016-12-31
1355,522,3,2016-12-31
1356,523,3,2016-12-31
1357,524,4,2016-12-31
1358,525,5,2016-12-31
1359,526,3,2016-12-31
1360,527,3,2016-12-31
1361,528,1,2016-12-31
1362,529,2,2016-12-31
1363,530,3,2016-12-31
1364,532,2,2016-12-31
1365,533,2,2016-12-31
1366,534,2,2016-12-31
1367,535,3,2016-12-31
1368,536,4,2016-12-31
1369,537,2,2016-12-31
1370,538,2,2016-12-31
1371,539,3,2016-12-31
1372,540,2,2016-12-31
1373,541,3,2016-12-31
1374,542,1,2016-12-31
1375,543,3,2016-12-31
1376,544,2,2016-12-31
1377,545,3,2016-12-31
1378,546,3,2016-12-31
1379,547,4,2016-12-31
1380,548,3,2016-12-31
1381,549,4,2016-12-31
1382,550,2,2016-12-31
1383,551,4,2016-12-31
1384,552,4,2016-12-31
1385,553,3,2016-12-31
1386,554,2,2016-12-31
1387,555,5,2016-12-31
1388,556,3,2016-12-31
1389,557,4,2016-12-31
1390,558,4,2016-12-31
1391,559,2,2016-12-31
1392,560,3,2016-12-31
1393,561,2,2016-12-31
1394,562,3,2016-12-31
1395,563,4,2016-12-31
1396,566,1,2016-12-31
1397,567,4,2016-12-31
1398,568,4,2016-12-31
1399,569,3,2016-12-31
1400,570,2,2016-12-31
1401,571,4,2016-12-31
1402,572,3,2016-12-31
1403,573,2,2016-12-31
1404,574,5,2016-12-31
1405,575,1,2016-12-31
1406,576,2,2016-12-31
1407,577,4,2016-12-31
1408,578,3,2016-12-31
1409,579,2,2016-12-31
1410,581,4,2016-12-31
1411,583,2,2016-12-31
1412,584,3,2016-12-31
1413,585,3,2016-12-31
1414,586,1,2016-12-31
1415,588,4,2016-12-31
1416,589,5,2016-12-31
1417,590,3,2016-12-31
1418,591,2,2016-12-31
1419,593,3,2016-12-31
1420,594,2,2016-12-31
1421,595,1,2016-12-31
1422,596,3,2016-12-31
1423,597,2,2016-12-31
1424,598,2,2016-12-31
1425,600,3,2016-12-31
1426,601,2,2016-12-31
1427,602,3,2016-12-31
1428,603,4,2016-12-31
1429,604,3,2016-12-31
1430,605,3,2016-12-31
1431,606,3,2016-12-31
1432,607,4,2016-12-31
1433,609,3,2016-12-31
1434,610,3,2016-12-31
1435,611,2,2016-12-31
1436,612,2,2016-12-31
1437,613,3,2016-12-31
1438,614,4,2016-12-31
1439,615,3,2016-12-31
1440,616,5,2016-12-31
1441,617,4,2016-12-31
1442,618,3,2016-12-31
1443,619,2,2016-12-31
1444,620,3,2016-12-31
1445,622,3,2016-12-31
1446,623,4,2016-12-31
1447,624,1,2016-12-31
1448,625,3,2016-12-31
1449,626,3,2016-12-31
1450,627,2,2016-12-31
1451,628,3,2016-12-31
1452,629,1,2016-12-31
1453,632,4,2016-12-31
1454,633,4,2016-12-31
1455,634,5,2016-12-31
1456,635,2,2016-12-31
1457,636,4,2016-12-31
1458,637,3,2016-12-31
1459,638,2,2016-12-31
1460,639,4,2016-12-31
1461,640,3,2016-12-31
1462,641,1,2016-12-31
1463,642,4,2016-12-31
1464,643,4,2016-12-31
1465,644,4,2016-12-31
1466,645,4,2016-12-31
1467,646,1,2016-12-31
1468,647,1,2016-12-31
1469,649,3,2016-12-31
1470,651,2,2016-12-31
1471,652,3,2016-12-31
1472,653,2,2016-12-31
1473,654,4,2016-12-31
1474,655,3,2016-12-31
1475,656,3,2016-12-31
1476,657,4,2016-12-31
1477,658,4,2016-12-31
1478,659,5,2016-12-31
1479,660,4,2016-12-31
1480,661,3,2016-12-31
1481,663,3,2016-12-31
1482,664,2,2016-12-31
1483,665,3,2016-12-31
1484,666,3,2016-12-31
1485,667,3,2016-12-31
1486,668,4,2016-12-31
1487,669,3,2016-12-31
1488,670,3,2016-12-31
1489,672,4,2016-12-31
1490,673,4,2016-12-31
1491,675,2,2016-12-31
1492,676,2,2016-12-31
1493,677,3,2016-12-31
1494,678,2,2016-12-31
1495,679,3,2016-12-31
1496,680,4,2016-12-31
1497,681,1,2016-12-31
1498,682,4,2016-12-31
1499,683,2,2016-12-31
1500,685,3,2016-12-31
1501,686,3,2016-12-31
1502,687,3,2016-12-31
1503,689,1,2016-12-31
1504,690,3,2016-12-31
1505,691,4,2016-12-31
1506,692,3,2016-12-31
1507,693,5,2016-12-31
1508,694,3,2016-12-31
1509,695,3,2016-12-31
1510,696,5,2016-12-31
1511,697,1,2016-12-31
1512,698,3,2016-12-31
1513,699,1,2016-12-31
1514,700,3,2016-12-31
1515,701,4,2016-12-31
1516,702,2,2016-12-31
1517,703,2,2016-12-31
1518,704,3,2016-12-31
1519,705,4,2016-12-31
1520,706,3,2016-12-31
1521,707,3,2016-12-31
1522,708,4,2016-12-31
1523,709,3,2016-12-31
1524,710,5,2016-12-31
1525,711,4,2016-12-31
1526,712,3,2016-12-31
1527,713,3,2016-12-31
1528,714,3,2016-12-31
1529,715,2,2016-12-31
1530,716,3,2016-12-31
1531,717,2,2016-12-31
1532,718,1,2016-12-31
1533,719,3,2016-12-31
1534,720,3,2016-12-31
1535,721,4,2016-12-31
1536,722,3,2016-12-31
1537,723,3,2016-12-31
1538,724,3,2016-12-31
1539,725,4,2016-12-31
1540,726,2,2016-12-31
1541,727,5,2016-12-31
1542,728,3,2016-12-31
1543,729,1,2016-12-31
1544,730,4,2016-12-31
1545,731,4,2016-12-31
1546,732,2,2016-12-31
1547,733,3,2016-12-31
1548,734,4,2016-12-31
1549,735,1,2016-12-31
1550,736,2,2016-12-31
1551,737,4,2016-12-31
1552,738,4,2016-12-31
1553,739,3,2016-12-31
1554,740,4,2016-12-31
1555,741,3,2016-12-31
1556,742,3,2016-12-31
1557,743,3,2016-12-31
1558,745,2,2016-12-31
1559,746,3,2016-12-31
1560,747,4,2016-12-31
1561,748,3,2016-12-31
1562,749,5,2016-12-31
1563,750,3,2016-12-31
1564,751,1,2016-12-31
1565,752,1,2016-12-31
1566,753,3,2016-12-31
1567,754,2,2016-12-31
1568,755,3,2016-12-31
1569,757,3,2016-12-31
1570,758,4,2016-12-31
1571,759,5,2016-12-31
1572,760,4,2016-12-31
1573,761,5,2016-12-31
1574,762,3,2016-12-31
1575,763,2,2016-12-31
1576,764,2,2016-12-31
1577,765,2,2016-12-31
1578,766,3,2016-12-31
1579,767,4,2016-12-31
1580,768,1,2016-12-31
1581,770,1,2016-12-31
1582,771,2,2016-12-31
1583,772,3,2016-12-31
1584,773,3,2016-12-31
1585,774,3,2016-12-31
1586,775,3,2016-12-31
1587,776,3,2016-12-31
1588,777,4,2016-12-31
1589,778,4,2016-12-31
1590,780,1,2016-12-31
1591,781,5,2016-12-31
1592,782,3,2016-12-31
1593,783,1,2016-12-31
1594,784,4,2016-12-31
1595,785,2,2016-12-31
1596,786,3,2016-12-31
1597,787,3,2016-12-31
1598,788,3,2016-12-31
1599,789,5,2016-12-31
1600,790,3,2016-12-31
1601,791,4,2016-12-31
1602,792,1,2016-12-31
1603,793,2,2016-12-31
1604,794,2,2016-12-31
1605,795,3,2016-12-31
1606,796,3,2016-12-31
1607,797,4,2016-12-31
1608,798,4,2016-12-31
1609,800,3,2016-12-31
1610,801,3,2016-12-31
1611,802,3,2016-12-31
1612,803,3,2016-12-31
1613,805,4,2016-12-31
1614,806,3,2016-12-31
1615,807,2,2016-12-31
1616,808,5,2016-12-31
1617,809,3,2016-12-31
1618,810,3,2016-12-31
1619,811,3,2016-12-31
1620,812,5,2016-12-31
1621,813,3,2016-12-31
1622,814,3,2016-12-31
1623,815,5,2016-12-31
1624,816,3,2016-12-31
1625,817,4,2016-12-31
1626,818,3,2016-12-31
1627,819,3,2016-12-31
1628,820,3,2016-12-31
1629,821,5,2016-12-31
1630,822,3,2016-12-31
1631,823,4,2016-12-31
1632,824,4,2016-12-31
1633,825,4,2016-12-31
1634,826,2,2016-12-31
1635,827,1,2016-12-31
1636,828,5,2016-12-31
1637,829,3,2016-12-31
1638,830,1,2016-12-31
1639,831,2,2016-12-31
1640,832,2,2016-12-31
1641,833,1,2016-12-31
1642,834,1,2016-12-31
1643,835,3,2016-12-31
1644,836,2,2016-12-31
1645,837,4,2016-12-31
1646,838,1,2016-12-31
1647,839,4,2016-12-31
1648,840,5,2016-12-31
1649,841,4,2016-12-31
1650,842,3,2016-12-31
1651,843,4,2016-12-31
1652,844,4,2016-12-31
1653,845,2,2016-12-31
1654,846,5,2016-12-31
1655,847,3,2016-12-31
1656,848,3,2016-12-31
1657,849,4,2016-12-31
1658,850,3,2016-12-31
1659,851,1,2016-12-31
1660,852,1,2016-12-31
1661,853,3,2016-12-31
1662,854,5,2016-12-31
1663,855,3,2016-12-31
1664,856,3,2016-12-31
1665,857,2,2016-12-31
1666,858,3,2016-12-31
1667,859,2,2016-12-31
1668,860,2,2016-12-31
1669,861,4,2016-12-31
1670,862,4,2016-12-31
1671,863,2,2016-12-31
1672,864,4,2016-12-31
1673,865,2,2016-12-31
1674,866,3,2016-12-31
1675,867,3,2016-12-31
1676,868,3,2016-12-31
1677,869,5,2016-12-31
1678,870,5,2016-12-31
1679,871,3,2016-12-31
1680,872,1,2016-12-31
1681,873,3,2016-12-31
1682,874,2,2016-12-31
1683,875,4,2016-12-31
1684,876,4,2016-12-31
1685,877,3,2016-12-31
1686,878,4,2016-12-31
1687,879,4,2016-12-31
1688,880,3,2016-12-31
1689,881,2,2016-12-31
1690,883,2,2016-12-31
1691,884,3,2016-12-31
1692,885,2,2016-12-31
1693,886,3,2016-12-31
1694,887,3,2016-12-31
1695,888,3,2016-12-31
1696,889,4,2016-12-31
1697,890,3,2016-12-31
1698,891,4,2016-12-31
1699,892,4,2016-12-31
1700,893,4,2016-12-31
1701,895,1,2016-12-31
1702,896,4,2016-12-31
1703,897,4,2016-12-31
1704,898,2,2016-12-31
1705,899,3,2016-12-31
1706,900,2,2016-12-31
1707,901,2,2016-12-31
1708,902,3,2016-12-31
1709,903,3,2016-12-31
1710,904,4,2016-12-31
1711,905,4,2016-12-31
1712,906,4,2016-12-31
1713,907,4,2016-12-31
1714,908,3,2016-12-31
1715,910,5,2016-12-31
1716,911,3,2016-12-31
1717,912,1,2016-12-31
1718,913,3,2016-12-31
1719,914,1,2016-12-31
1720,915,3,2016-12-31
1721,916,3,2016-12-31
1722,917,5,2016-12-31
1723,920,2,2016-12-31
1724,921,2,2016-12-31
1725,922,3,2016-12-31
1726,923,1,2016-12-31
1727,924,5,2016-12-31
1728,926,2,2016-12-31
1729,927,1,2016-12-31
1730,928,2,2016-12-31
1731,929,3,2016-12-31
1732,930,3,2016-12-31
1733,931,2,2016-12-31
1734,932,5,2016-12-31
1735,933,4,2016-12-31
1736,934,4,2016-12-31
1737,935,2,2016-12-31
1738,936,4,2016-12-31
1739,937,4,2016-12-31
1740,938,3,2016-12-31
1741,939,2,2016-12-31
1742,940,3,2016-12-31
1743,942,1,2016-12-31
1744,943,2,2016-12-31
1745,944,4,2016-12-31
1746,945,5,2016-12-31
1747,946,5,2016-12-31
1748,947,5,2016-12-31
1749,948,1,2016-12-31
1750,949,1,2016-12-31
1751,950,5,2016-12-31
1752,951,2,2016-12-31
1753,952,2,2016-12-31
1754,954,3,2016-12-31
1755,955,4,2016-12-31
1756,956,4,2016-12-31
1757,957,4,2016-12-31
1758,960,4,2016-12-31
1759,961,4,2016-12-31
1760,962,3,2016-12-31
1761,963,3,2016-12-31
1762,964,1,2016-12-31
1763,965,2,2016-12-31
1764,966,2,2016-12-31
1765,967,2,2016-12-31
1766,968,4,2016-12-31
1767,969,4,2016-12-31
1768,970,2,2016-12-31
1769,971,2,2016-12-31
1770,972,3,2016-12-31
1771,973,2,2016-12-31
1772,974,2,2016-12-31
1773,975,1,2016-12-31
1774,977,4,2016-12-31
1775,978,5,2016-12-31
1776,979,2,2016-12-31
1777,980,3,2016-12-31
1778,981,3,2016-12-31
1779,982,4,2016-12-31
1780,983,1,2016-12-31
1781,984,5,2016-12-31
1782,985,4,2016-12-31
1783,986,4,2016-12-31
1784,987,3,2016-12-31
1785,988,4,2016-12-31
1786,989,3,2016-12-31
1787,990,3,2016-12-31
1788,991,3,2016-12-31
1789,992,2,2016-12-31
1790,993,4,2016-12-31
1791,994,2,2016-12-31
1792,995,3,2016-12-31
1793,996,3,2016-12-31
1794,997,3,2016-12-31
1795,998,1,2016-12-31
1796,999,5,2016-12-31
1797,1000,3,2016-12-31
1798,1001,4,2016-12-31
1799,1002,2,2016-12-31
1800,1003,3,2016-12-31
1801,1004,3,2016-12-31
1802,1005,2,2016-12-31
1803,1007,4,2016-12-31
1804,1008,4,2016-12-31
1805,1009,4,2016-12-31
1806,1010,3,2016-12-31
1807,1011,3,2016-12-31
1808,1012,5,2016-12-31
1809,1013,4,2016-12-31
1810,1014,4,2016-12-31
1811,1015,3,2016-12-31
1812,1016,4,2016-12-31
1813,1017,4,2016-12-31
1814,1018,1,2016-12-31
1815,1019,3,2016-12-31
1816,1020,1,2016-12-31
1817,1021,4,2016-12-31
1818,1022,2,2016-12-31
1819,1023,4,2016-12-31
1820,1024,3,2016-12-31
1821,1025,4,2016-12-31
1822,1026,2,2016-12-31
1823,1027,2,2016-12-31
1824,1028,3,2016-12-31
1825,1029,1,2016-12-31
1826,1030,2,2016-12-31
1827,1031,3,2016-12-31
1828,1032,4,2016-12-31
1829,1033,2,2016-12-31
1830,1034,4,2016-12-31
1831,1035,1,2016-12-31
1832,1036,2,2016-12-31
1833,1037,3,2016-12-31
1834,1038,2,2016-12-31
1835,1039,3,2016-12-31
1836,1040,4,2016-12-31
1837,1041,3,2016-12-31
1838,1042,2,2016-12-31
1839,1043,1,2016-12-31
1840,1044,3,2016-12-31
1841,1045,2,2016-12-31
1842,1047,3,2016-12-31
1843,1048,1,2016-12-31
1844,1049,3,2016-12-31
1845,1050,2,2016-12-31
1846,1051,2,2016-12-31
1847,1052,2,2016-12-31
1848,1053,1,2016-12-31
1849,1054,3,2016-12-31
1850,1055,4,2016-12-31
1851,1056,2,2016-12-31
1852,1057,3,2016-12-31
1853,1059,3,2016-12-31
1854,1061,4,2016-12-31
1855,1062,2,2016-12-31
1856,1063,1,2016-12-31
1857,1064,3,2016-12-31
1858,1065,2,2016-12-31
1859,1066,3,2016-12-31
1860,1067,2,2016-12-31
1861,1068,2,2016-12-31
1862,1069,4,2016-12-31
1863,1070,4,2016-12-31
1864,1071,3,2016-12-31
1865,1072,2,2016-12-31
1866,1073,3,2016-12-31
1867,1074,3,2016-12-31
1868,1075,5,2016-12-31
1869,1076,3,2016-12-31
1870,1077,1,2016-12-31
1871,1078,3,2016-12-31
1872,1079,3,2016-12-31
1873,1080,3,2016-12-31
1874,1081,1,2016-12-31
1875,1082,3,2016-12-31
1876,1083,2,2016-12-31
1877,1084,3,2016-12-31
1878,1085,2,2016-12-31
1879,1086,2,2016-12-31
1880,1087,3,2016-12-31
1881,1088,1,2016-12-31
1882,1089,3,2016-12-31
1883,1090,2,2016-12-31
1884,1091,5,2016-12-31
1885,1092,5,2016-12-31
1886,1093,3,2016-12-31
1887,1094,3,2016-12-31
1888,1095,1,2016-12-31
1889,1096,4,2016-12-31
1890,1097,2,2016-12-31
1891,1098,4,2016-12-31
1892,1099,4,2016-12-31
1893,1100,3,2016-12-31
1894,1101,3,2016-12-31
1895,1102,4,2016-12-31
1896,1103,2,2016-12-31
1897,1104,2,2016-12-31
1898,1105,2,2016-12-31
1899,1132,3,2016-12-31
1900,2,5,2017-12-31
1901,3,5,2017-12-31
1902,4,2,2017-12-31
1903,5,4,2017-12-31
1904,6,3,2017-12-31
1905,7,4,2017-12-31
1906,8,3,2017-12-31
1907,10,3,2017-12-31
1908,11,3,2017-12-31
1909,12,3,2017-12-31
1910,13,3,2017-12-31
1911,14,4,2017-12-31
1912,15,5,2017-12-31
1913,16,5,2017-12-31
1914,17,4,2017-12-31
1915,18,4,2017-12-31
1916,19,5,2017-12-31
1917,20,5,2017-12-31
1918,21,3,2017-12-31
1919,22,3,2017-12-31
1920,23,3,2017-12-31
1921,24,3,2017-12-31
1922,25,5,2017-12-31
1923,26,3,2017-12-31
1924,27,3,2017-12-31
1925,28,1,2017-12-31
1926,29,3,2017-12-31
1927,30,3,2017-12-31
1928,31,1,2017-12-31
1929,32,2,2017-12-31
1930,33,3,2017-12-31
1931,34,1,2017-12-31
1932,35,4,2017-12-31
1933,36,2,2017-12-31
1934,37,3,2017-12-31
1935,38,4,2017-12-31
1936,39,1,2017-12-31
1937,41,3,2017-12-31
1938,42,3,2017-12-31
1939,43,2,2017-12-31
1940,44,3,2017-12-31
1941,45,3,2017-12-31
1942,46,1,2017-12-31
1943,47,3,2017-12-31
1944,48,5,2017-12-31
1945,49,4,2017-12-31
1946,50,3,2017-12-31
1947,51,5,2017-12-31
1948,52,5,2017-12-31
1949,54,3,2017-12-31
1950,55,3,2017-12-31
1951,56,2,2017-12-31
1952,57,3,2017-12-31
1953,58,2,2017-12-31
1954,59,3,2017-12-31
1955,60,4,2017-12-31
1956,61,3,2017-12-31
1957,62,5,2017-12-31
1958,64,3,2017-12-31
1959,65,4,2017-12-31
1960,66,3,2017-12-31
1961,67,3,2017-12-31
1962,68,4,2017-12-31
1963,69,3,2017-12-31
1964,70,1,2017-12-31
1965,71,3,2017-12-31
1966,72,2,2017-12-31
1967,73,2,2017-12-31
1968,74,4,2017-12-31
1969,75,2,2017-12-31
1970,76,2,2017-12-31
1971,77,4,2017-12-31
1972,78,1,2017-12-31
1973,79,4,2017-12-31
1974,80,4,2017-12-31
1975,81,3,2017-12-31
1976,83,2,2017-12-31
1977,84,3,2017-12-31
1978,85,4,2017-12-31
1979,86,3,2017-12-31
1980,87,3,2017-12-31
1981,88,3,2017-12-31
1982,89,4,2017-12-31
1983,90,5,2017-12-31
1984,91,5,2017-12-31
1985,92,3,2017-12-31
1986,93,3,2017-12-31
1987,94,3,2017-12-31
1988,96,3,2017-12-31
1989,97,2,2017-12-31
1990,98,2,2017-12-31
1991,99,3,2017-12-31
1992,100,3,2017-12-31
1993,101,3,2017-12-31
1994,102,3,2017-12-31
1995,103,3,2017-12-31
1996,104,3,2017-12-31
1997,105,2,2017-12-31
1998,106,5,2017-12-31
1999,107,4,2017-12-31
2000,108,4,2017-12-31
2001,109,3,2017-12-31
2002,110,3,2017-12-31
2003,111,2,2017-12-31
2004,112,4,2017-12-31
2005,113,3,2017-12-31
2006,114,2,2017-12-31
2007,115,4,2017-12-31
2008,116,3,2017-12-31
2009,118,4,2017-12-31
2010,119,1,2017-12-31
2011,120,2,2017-12-31
2012,121,2,2017-12-31
2013,122,3,2017-12-31
2014,123,3,2017-12-31
2015,124,4,2017-12-31
2016,125,1,2017-12-31
2017,127,5,2017-12-31
2018,128,2,2017-12-31
2019,129,2,2017-12-31
2020,130,1,2017-12-31
2021,131,3,2017-12-31
2022,132,3,2017-12-31
2023,134,4,2017-12-31
2024,135,2,2017-12-31
2025,136,3,2017-12-31
2026,137,3,2017-12-31
2027,139,3,2017-12-31
2028,140,3,2017-12-31
2029,141,3,2017-12-31
2030,142,3,2017-12-31
2031,143,5,2017-12-31
2032,144,4,2017-12-31
2033,145,4,2017-12-31
2034,146,2,2017-12-31
2035,148,3,2017-12-31
2036,149,3,2017-12-31
2037,150,2,2017-12-31
2038,151,5,2017-12-31
2039,152,3,2017-12-31
2040,153,2,2017-12-31
2041,154,3,2017-12-31
2042,155,2,2017-12-31
2043,156,4,2017-12-31
2044,157,3,2017-12-31
2045,159,1,2017-12-31
2046,160,5,2017-12-31
2047,161,3,2017-12-31
2048,162,2,2017-12-31
2049,163,5,2017-12-31
2050,164,2,2017-12-31
2051,166,3,2017-12-31
2052,167,2,2017-12-31
2053,168,4,2017-12-31
2054,169,4,2017-12-31
2055,170,2,2017-12-31
2056,171,5,2017-12-31
2057,172,5,2017-12-31
2058,173,1,2017-12-31
2059,174,3,2017-12-31
2060,175,4,2017-12-31
2061,176,4,2017-12-31
2062,177,4,2017-12-31
2063,179,3,2017-12-31
2064,180,3,2017-12-31
2065,181,5,2017-12-31
2066,182,3,2017-12-31
2067,184,3,2017-12-31
2068,185,3,2017-12-31
2069,186,4,2017-12-31
2070,187,2,2017-12-31
2071,188,1,2017-12-31
2072,189,3,2017-12-31
2073,191,1,2017-12-31
2074,192,2,2017-12-31
2075,193,3,2017-12-31
2076,194,4,2017-12-31
2077,195,2,2017-12-31
2078,196,5,2017-12-31
2079,197,4,2017-12-31
2080,198,4,2017-12-31
2081,199,3,2017-12-31
2082,200,2,2017-12-31
2083,202,3,2017-12-31
2084,203,3,2017-12-31
2085,204,4,2017-12-31
2086,205,5,2017-12-31
2087,206,1,2017-12-31
2088,208,3,2017-12-31
2089,209,5,2017-12-31
2090,210,2,2017-12-31
2091,212,3,2017-12-31
2092,213,2,2017-12-31
2093,215,3,2017-12-31
2094,216,2,2017-12-31
2095,217,2,2017-12-31
2096,218,5,2017-12-31
2097,219,2,2017-12-31
2098,220,4,2017-12-31
2099,221,3,2017-12-31
2100,222,2,2017-12-31
2101,223,3,2017-12-31
2102,224,2,2017-12-31
2103,225,2,2017-12-31
2104,227,2,2017-12-31
2105,228,3,2017-12-31
2106,229,3,2017-12-31
2107,230,4,2017-12-31
2108,231,2,2017-12-31
2109,232,4,2017-12-31
2110,234,4,2017-12-31
2111,235,4,2017-12-31
2112,236,4,2017-12-31
2113,237,2,2017-12-31
2114,238,3,2017-12-31
2115,239,3,2017-12-31
2116,240,4,2017-12-31
2117,241,4,2017-12-31
2118,242,3,2017-12-31
2119,243,5,2017-12-31
2120,244,4,2017-12-31
2121,245,4,2017-12-31
2122,246,4,2017-12-31
2123,247,3,2017-12-31
2124,248,4,2017-12-31
2125,249,3,2017-12-31
2126,251,3,2017-12-31
2127,252,4,2017-12-31
2128,253,3,2017-12-31
2129,254,1,2017-12-31
2130,255,3,2017-12-31
2131,256,3,2017-12-31
2132,257,3,2017-12-31
2133,258,3,2017-12-31
2134,259,3,2017-12-31
2135,260,2,2017-12-31
2136,261,2,2017-12-31
2137,262,5,2017-12-31
2138,263,3,2017-12-31
2139,264,3,2017-12-31
2140,265,3,2017-12-31
2141,266,4,2017-12-31
2142,267,3,2017-12-31
2143,268,3,2017-12-31
2144,269,4,2017-12-31
2145,270,2,2017-12-31
2146,271,3,2017-12-31
2147,272,4,2017-12-31
2148,274,3,2017-12-31
2149,275,3,2017-12-31
2150,276,4,2017-12-31
2151,277,1,2017-12-31
2152,278,3,2017-12-31
2153,279,3,2017-12-31
2154,280,4,2017-12-31
2155,281,4,2017-12-31
2156,282,3,2017-12-31
2157,283,3,2017-12-31
2158,284,5,2017-12-31
2159,285,5,2017-12-31
2160,286,3,2017-12-31
2161,287,3,2017-12-31
2162,288,3,2017-12-31
2163,289,1,2017-12-31
2164,290,1,2017-12-31
2165,291,1,2017-12-31
2166,292,5,2017-12-31
2167,294,3,2017-12-31
2168,295,5,2017-12-31
2169,296,2,2017-12-31
2170,297,2,2017-12-31
2171,298,3,2017-12-31
2172,299,4,2017-12-31
2173,300,3,2017-12-31
2174,301,3,2017-12-31
2175,302,3,2017-12-31
2176,303,3,2017-12-31
2177,304,3,2017-12-31
2178,305,4,2017-12-31
2179,306,3,2017-12-31
2180,307,2,2017-12-31
2181,308,4,2017-12-31
2182,310,2,2017-12-31
2183,311,4,2017-12-31
2184,312,3,2017-12-31
2185,313,2,2017-12-31
2186,314,4,2017-12-31
2187,315,2,2017-12-31
2188,316,3,2017-12-31
2189,317,4,2017-12-31
2190,318,1,2017-12-31
2191,319,3,2017-12-31
2192,320,1,2017-12-31
2193,322,1,2017-12-31
2194,323,3,2017-12-31
2195,324,4,2017-12-31
2196,325,2,2017-12-31
2197,326,5,2017-12-31
2198,327,2,2017-12-31
2199,329,3,2017-12-31
2200,330,4,2017-12-31
2201,331,5,2017-12-31
2202,332,3,2017-12-31
2203,333,3,2017-12-31
2204,334,4,2017-12-31
2205,335,3,2017-12-31
2206,336,3,2017-12-31
2207,337,3,2017-12-31
2208,338,4,2017-12-31
2209,339,3,2017-12-31
2210,340,1,2017-12-31
2211,341,2,2017-12-31
2212,342,5,2017-12-31
2213,343,3,2017-12-31
2214,344,2,2017-12-31
2215,345,3,2017-12-31
2216,346,3,2017-12-31
2217,347,3,2017-12-31
2218,348,4,2017-12-31
2219,349,4,2017-12-31
2220,350,3,2017-12-31
2221,351,3,2017-12-31
2222,352,3,2017-12-31
2223,353,3,2017-12-31
2224,354,4,2017-12-31
2225,355,5,2017-12-31
2226,356,4,2017-12-31
2227,357,3,2017-12-31
2228,359,3,2017-12-31
2229,360,3,2017-12-31
2230,361,3,2017-12-31
2231,362,1,2017-12-31
2232,363,3,2017-12-31
2233,364,3,2017-12-31
2234,365,5,2017-12-31
2235,366,5,2017-12-31
2236,367,4,2017-12-31
2237,368,5,2017-12-31
2238,369,2,2017-12-31
2239,371,3,2017-12-31
2240,372,2,2017-12-31
2241,374,3,2017-12-31
2242,375,3,2017-12-31
2243,376,1,2017-12-31
2244,377,3,2017-12-31
2245,378,2,2017-12-31
2246,379,2,2017-12-31
2247,380,3,2017-12-31
2248,381,3,2017-12-31
2249,382,3,2017-12-31
2250,383,3,2017-12-31
2251,384,3,2017-12-31
2252,385,1,2017-12-31
2253,386,3,2017-12-31
2254,387,4,2017-12-31
2255,388,3,2017-12-31
2256,389,5,2017-12-31
2257,390,5,2017-12-31
2258,391,1,2017-12-31
2259,392,2,2017-12-31
2260,393,3,2017-12-31
2261,394,3,2017-12-31
2262,395,5,2017-12-31
2263,396,3,2017-12-31
2264,397,3,2017-12-31
2265,398,2,2017-12-31
2266,399,1,2017-12-31
2267,400,3,2017-12-31
2268,402,3,2017-12-31
2269,403,4,2017-12-31
2270,404,1,2017-12-31
2271,405,3,2017-12-31
2272,406,3,2017-12-31
2273,407,3,2017-12-31
2274,408,3,2017-12-31
2275,409,3,2017-12-31
2276,410,3,2017-12-31
2277,411,3,2017-12-31
2278,412,1,2017-12-31
2279,413,5,2017-12-31
2280,415,1,2017-12-31
2281,416,2,2017-12-31
2282,417,4,2017-12-31
2283,418,2,2017-12-31
2284,419,3,2017-12-31
2285,421,3,2017-12-31
2286,422,4,2017-12-31
2287,423,3,2017-12-31
2288,424,3,2017-12-31
2289,425,3,2017-12-31
2290,426,1,2017-12-31
2291,427,3,2017-12-31
2292,428,2,2017-12-31
2293,429,3,2017-12-31
2294,430,2,2017-12-31
2295,431,3,2017-12-31
2296,432,3,2017-12-31
2297,433,4,2017-12-31
2298,434,5,2017-12-31
2299,435,5,2017-12-31
2300,436,2,2017-12-31
2301,437,3,2017-12-31
2302,438,1,2017-12-31
2303,439,3,2017-12-31
2304,440,4,2017-12-31
2305,442,2,2017-12-31
2306,443,3,2017-12-31
2307,444,3,2017-12-31
2308,445,3,2017-12-31
2309,446,3,2017-12-31
2310,447,5,2017-12-31
2311,448,3,2017-12-31
2312,449,4,2017-12-31
2313,450,1,2017-12-31
2314,451,3,2017-12-31
2315,452,2,2017-12-31
2316,453,3,2017-12-31
2317,454,3,2017-12-31
2318,455,3,2017-12-31
2319,456,4,2017-12-31
2320,457,3,2017-12-31
2321,458,2,2017-12-31
2322,459,2,2017-12-31
2323,460,1,2017-12-31
2324,461,2,2017-12-31
2325,462,3,2017-12-31
2326,463,3,2017-12-31
2327,464,4,2017-12-31
2328,465,3,2017-12-31
2329,466,3,2017-12-31
2330,467,1,2017-12-31
2331,468,1,2017-12-31
2332,469,3,2017-12-31
2333,470,4,2017-12-31
2334,471,4,2017-12-31
2335,472,3,2017-12-31
2336,473,4,2017-12-31
2337,474,3,2017-12-31
2338,475,5,2017-12-31
2339,476,2,2017-12-31
2340,477,2,2017-12-31
2341,478,3,2017-12-31
2342,479,3,2017-12-31
2343,480,2,2017-12-31
2344,481,4,2017-12-31
2345,483,3,2017-12-31
2346,484,1,2017-12-31
2347,485,3,2017-12-31
2348,487,2,2017-12-31
2349,490,2,2017-12-31
2350,491,3,2017-12-31
2351,492,3,2017-12-31
2352,493,3,2017-12-31
2353,494,3,2017-12-31
2354,495,3,2017-12-31
2355,496,2,2017-12-31
2356,497,5,2017-12-31
2357,498,2,2017-12-31
2358,499,4,2017-12-31
2359,500,3,2017-12-31
2360,501,3,2017-12-31
2361,502,2,2017-12-31
2362,503,3,2017-12-31
2363,504,2,2017-12-31
2364,505,4,2017-12-31
2365,506,3,2017-12-31
2366,507,3,2017-12-31
2367,508,4,2017-12-31
2368,509,3,2017-12-31
2369,510,3,2017-12-31
2370,511,4,2017-12-31
2371,512,2,2017-12-31
2372,513,2,2017-12-31
2373,515,3,2017-12-31
2374,516,3,2017-12-31
2375,517,2,2017-12-31
2376,518,3,2017-12-31
2377,519,3,2017-12-31
2378,520,2,2017-12-31
2379,521,2,2017-12-31
2380,522,4,2017-12-31
2381,523,5,2017-12-31
2382,524,2,2017-12-31
2383,525,5,2017-12-31
2384,526,2,2017-12-31
2385,527,4,2017-12-31
2386,528,2,2017-12-31
2387,529,2,2017-12-31
2388,530,2,2017-12-31
2389,532,3,2017-12-31
2390,533,3,2017-12-31
2391,534,4,2017-12-31
2392,535,3,2017-12-31
2393,536,1,2017-12-31
2394,537,3,2017-12-31
2395,538,2,2017-12-31
2396,539,5,2017-12-31
2397,540,3,2017-12-31
2398,541,3,2017-12-31
2399,542,3,2017-12-31
2400,543,3,2017-12-31
2401,544,5,2017-12-31
2402,545,3,2017-12-31
2403,546,4,2017-12-31
2404,547,5,2017-12-31
2405,548,4,2017-12-31
2406,549,2,2017-12-31
2407,550,3,2017-12-31
2408,551,3,2017-12-31
2409,552,3,2017-12-31
2410,553,4,2017-12-31
2411,554,3,2017-12-31
2412,555,3,2017-12-31
2413,556,2,2017-12-31
2414,557,3,2017-12-31
2415,558,3,2017-12-31
2416,559,3,2017-12-31
2417,560,2,2017-12-31
2418,561,3,2017-12-31
2419,562,3,2017-12-31
2420,563,3,2017-12-31
2421,565,4,2017-12-31
2422,566,5,2017-12-31
2423,567,3,2017-12-31
2424,568,1,2017-12-31
2425,569,3,2017-12-31
2426,570,3,2017-12-31
2427,571,1,2017-12-31
2428,572,4,2017-12-31
2429,573,3,2017-12-31
2430,574,5,2017-12-31
2431,575,2,2017-12-31
2432,576,3,2017-12-31
2433,577,5,2017-12-31
2434,578,3,2017-12-31
2435,579,2,2017-12-31
2436,581,4,2017-12-31
2437,583,2,2017-12-31
2438,584,1,2017-12-31
2439,585,3,2017-12-31
2440,586,4,2017-12-31
2441,588,3,2017-12-31
2442,589,1,2017-12-31
2443,590,4,2017-12-31
2444,591,2,2017-12-31
2445,593,5,2017-12-31
2446,594,1,2017-12-31
2447,595,3,2017-12-31
2448,596,3,2017-12-31
2449,597,3,2017-12-31
2450,598,1,2017-12-31
2451,600,2,2017-12-31
2452,601,5,2017-12-31
2453,602,1,2017-12-31
2454,604,5,2017-12-31
2455,605,5,2017-12-31
2456,606,3,2017-12-31
2457,607,3,2017-12-31
2458,609,5,2017-12-31
2459,610,2,2017-12-31
2460,611,2,2017-12-31
2461,612,4,2017-12-31
2462,613,1,2017-12-31
2463,614,1,2017-12-31
2464,615,3,2017-12-31
2465,616,4,2017-12-31
2466,617,2,2017-12-31
2467,618,3,2017-12-31
2468,619,4,2017-12-31
2469,620,3,2017-12-31
2470,622,2,2017-12-31
2471,623,5,2017-12-31
2472,624,2,2017-12-31
2473,626,3,2017-12-31
2474,627,3,2017-12-31
2475,629,3,2017-12-31
2476,632,5,2017-12-31
2477,633,4,2017-12-31
2478,634,3,2017-12-31
2479,635,3,2017-12-31
2480,636,1,2017-12-31
2481,638,4,2017-12-31
2482,639,5,2017-12-31
2483,640,4,2017-12-31
2484,641,3,2017-12-31
2485,642,4,2017-12-31
2486,643,4,2017-12-31
2487,644,3,2017-12-31
2488,645,4,2017-12-31
2489,646,3,2017-12-31
2490,647,4,2017-12-31
2491,649,2,2017-12-31
2492,651,1,2017-12-31
2493,652,3,2017-12-31
2494,653,3,2017-12-31
2495,654,2,2017-12-31
2496,655,3,2017-12-31
2497,656,3,2017-12-31
2498,657,2,2017-12-31
2499,658,1,2017-12-31
2500,659,4,2017-12-31
2501,660,4,2017-12-31
2502,661,3,2017-12-31
2503,663,2,2017-12-31
2504,664,3,2017-12-31
2505,666,3,2017-12-31
2506,667,4,2017-12-31
2507,668,2,2017-12-31
2508,669,4,2017-12-31
2509,670,5,2017-12-31
2510,672,5,2017-12-31
2511,673,1,2017-12-31
2512,675,2,2017-12-31
2513,676,3,2017-12-31
2514,677,1,2017-12-31
2515,678,3,2017-12-31
2516,679,3,2017-12-31
2517,680,3,2017-12-31
2518,681,3,2017-12-31
2519,682,3,2017-12-31
2520,683,5,2017-12-31
2521,684,3,2017-12-31
2522,685,3,2017-12-31
2523,686,3,2017-12-31
2524,687,4,2017-12-31
2525,688,3,2017-12-31
2526,689,4,2017-12-31
2527,690,4,2017-12-31
2528,691,5,2017-12-31
2529,692,3,2017-12-31
2530,693,3,2017-12-31
2531,694,5,2017-12-31
2532,695,2,2017-12-31
2533,696,3,2017-12-31
2534,698,3,2017-12-31
2535,699,2,2017-12-31
2536,700,5,2017-12-31
2537,701,3,2017-12-31
2538,702,1,2017-12-31
2539,703,4,2017-12-31
2540,704,3,2017-12-31
2541,705,2,2017-12-31
2542,706,3,2017-12-31
2543,707,4,2017-12-31
2544,708,1,2017-12-31
2545,709,4,2017-12-31
2546,710,2,2017-12-31
2547,711,1,2017-12-31
2548,712,4,2017-12-31
2549,713,2,2017-12-31
2550,714,3,2017-12-31
2551,715,2,2017-12-31
2552,716,2,2017-12-31
2553,717,4,2017-12-31
2554,718,2,2017-12-31
2555,719,3,2017-12-31
2556,720,1,2017-12-31
2557,721,3,2017-12-31
2558,722,3,2017-12-31
2559,723,1,2017-12-31
2560,724,2,2017-12-31
2561,725,4,2017-12-31
2562,726,3,2017-12-31
2563,727,2,2017-12-31
2564,728,2,2017-12-31
2565,729,2,2017-12-31
2566,730,3,2017-12-31
2567,731,3,2017-12-31
2568,732,3,2017-12-31
2569,733,3,2017-12-31
2570,734,5,2017-12-31
2571,735,2,2017-12-31
2572,736,2,2017-12-31
2573,737,2,2017-12-31
2574,738,3,2017-12-31
2575,739,4,2017-12-31
2576,740,3,2017-12-31
2577,741,3,2017-12-31
2578,742,3,2017-12-31
2579,743,3,2017-12-31
2580,744,1,2017-12-31
2581,745,3,2017-12-31
2582,746,2,2017-12-31
2583,747,1,2017-12-31
2584,748,2,2017-12-31
2585,749,3,2017-12-31
2586,750,1,2017-12-31
2587,751,2,2017-12-31
2588,752,3,2017-12-31
2589,753,5,2017-12-31
2590,754,3,2017-12-31
2591,755,3,2017-12-31
2592,757,4,2017-12-31
2593,758,3,2017-12-31
2594,759,4,2017-12-31
2595,760,5,2017-12-31
2596,761,2,2017-12-31
2597,762,4,2017-12-31
2598,763,3,2017-12-31
2599,764,3,2017-12-31
2600,765,2,2017-12-31
2601,767,3,2017-12-31
2602,768,4,2017-12-31
2603,770,1,2017-12-31
2604,771,4,2017-12-31
2605,772,1,2017-12-31
2606,773,1,2017-12-31
2607,774,4,2017-12-31
2608,775,1,2017-12-31
2609,776,2,2017-12-31
2610,777,3,2017-12-31
2611,778,3,2017-12-31
2612,780,3,2017-12-31
2613,782,4,2017-12-31
2614,783,4,2017-12-31
2615,784,3,2017-12-31
2616,785,1,2017-12-31
2617,786,2,2017-12-31
2618,787,2,2017-12-31
2619,788,1,2017-12-31
2620,789,2,2017-12-31
2621,790,3,2017-12-31
2622,791,4,2017-12-31
2623,792,3,2017-12-31
2624,793,3,2017-12-31
2625,795,2,2017-12-31
2626,796,3,2017-12-31
2627,797,3,2017-12-31
2628,798,1,2017-12-31
2629,800,3,2017-12-31
2630,801,3,2017-12-31
2631,802,1,2017-12-31
2632,803,4,2017-12-31
2633,805,4,2017-12-31
2634,806,4,2017-12-31
2635,807,2,2017-12-31
2636,808,4,2017-12-31
2637,809,3,2017-12-31
2638,810,4,2017-12-31
2639,811,2,2017-12-31
2640,812,2,2017-12-31
2641,813,4,2017-12-31
2642,814,3,2017-12-31
2643,815,4,2017-12-31
2644,816,2,2017-12-31
2645,817,4,2017-12-31
2646,818,1,2017-12-31
2647,819,3,2017-12-31
2648,820,1,2017-12-31
2649,821,3,2017-12-31
2650,822,3,2017-12-31
2651,823,5,2017-12-31
2652,824,2,2017-12-31
2653,825,2,2017-12-31
2654,826,3,2017-12-31
2655,827,3,2017-12-31
2656,828,4,2017-12-31
2657,829,1,2017-12-31
2658,830,3,2017-12-31
2659,831,4,2017-12-31
2660,832,2,2017-12-31
2661,833,4,2017-12-31
2662,836,3,2017-12-31
2663,838,3,2017-12-31
2664,840,3,2017-12-31
2665,841,5,2017-12-31
2666,842,3,2017-12-31
2667,843,4,2017-12-31
2668,844,4,2017-12-31
2669,845,3,2017-12-31
2670,846,3,2017-12-31
2671,847,3,2017-12-31
2672,848,2,2017-12-31
2673,849,4,2017-12-31
2674,850,3,2017-12-31
2675,851,2,2017-12-31
2676,852,5,2017-12-31
2677,853,4,2017-12-31
2678,854,2,2017-12-31
2679,855,4,2017-12-31
2680,856,3,2017-12-31
2681,857,2,2017-12-31
2682,858,3,2017-12-31
2683,859,2,2017-12-31
2684,860,4,2017-12-31
2685,861,4,2017-12-31
2686,862,2,2017-12-31
2687,863,3,2017-12-31
2688,864,5,2017-12-31
2689,865,3,2017-12-31
2690,866,1,2017-12-31
2691,867,4,2017-12-31
2692,868,2,2017-12-31
2693,869,3,2017-12-31
2694,870,2,2017-12-31
2695,871,3,2017-12-31
2696,872,1,2017-12-31
2697,873,2,2017-12-31
2698,874,4,2017-12-31
2699,875,4,2017-12-31
2700,876,3,2017-12-31
2701,877,2,2017-12-31
2702,878,2,2017-12-31
2703,879,4,2017-12-31
2704,880,4,2017-12-31
2705,881,4,2017-12-31
2706,883,3,2017-12-31
2707,884,3,2017-12-31
2708,885,3,2017-12-31
2709,886,4,2017-12-31
2710,887,4,2017-12-31
2711,888,4,2017-12-31
2712,889,3,2017-12-31
2713,890,1,2017-12-31
2714,891,3,2017-12-31
2715,892,3,2017-12-31
2716,893,3,2017-12-31
2717,894,4,2017-12-31
2718,895,5,2017-12-31
2719,896,3,2017-12-31
2720,897,3,2017-12-31
2721,898,4,2017-12-31
2722,899,3,2017-12-31
2723,900,3,2017-12-31
2724,901,5,2017-12-31
2725,902,4,2017-12-31
2726,903,2,2017-12-31
2727,904,3,2017-12-31
2728,905,4,2017-12-31
2729,906,1,2017-12-31
2730,907,4,2017-12-31
2731,908,4,2017-12-31
2732,910,3,2017-12-31
2733,911,4,2017-12-31
2734,912,1,2017-12-31
2735,913,4,2017-12-31
2736,914,3,2017-12-31
2737,915,5,2017-12-31
2738,916,3,2017-12-31
2739,917,1,2017-12-31
2740,918,2,2017-12-31
2741,919,2,2017-12-31
2742,920,4,2017-12-31
2743,921,3,2017-12-31
2744,922,1,2017-12-31
2745,923,3,2017-12-31
2746,924,2,2017-12-31
2747,926,3,2017-12-31
2748,927,2,2017-12-31
2749,928,3,2017-12-31
2750,929,3,2017-12-31
2751,930,5,2017-12-31
2752,931,2,2017-12-31
2753,932,2,2017-12-31
2754,933,4,2017-12-31
2755,934,3,2017-12-31
2756,935,2,2017-12-31
2757,936,1,2017-12-31
2758,937,3,2017-12-31
2759,938,2,2017-12-31
2760,939,2,2017-12-31
2761,940,2,2017-12-31
2762,941,3,2017-12-31
2763,942,3,2017-12-31
2764,943,3,2017-12-31
2765,945,3,2017-12-31
2766,946,5,2017-12-31
2767,947,2,2017-12-31
2768,948,1,2017-12-31
2769,949,2,2017-12-31
2770,950,2,2017-12-31
2771,951,3,2017-12-31
2772,952,1,2017-12-31
2773,953,4,2017-12-31
2774,954,3,2017-12-31
2775,956,3,2017-12-31
2776,957,4,2017-12-31
2777,960,3,2017-12-31
2778,961,5,2017-12-31
2779,962,4,2017-12-31
2780,963,2,2017-12-31
2781,964,4,2017-12-31
2782,965,3,2017-12-31
2783,966,3,2017-12-31
2784,967,4,2017-12-31
2785,968,4,2017-12-31
2786,969,3,2017-12-31
2787,970,4,2017-12-31
2788,971,2,2017-12-31
2789,972,3,2017-12-31
2790,973,2,2017-12-31
2791,974,4,2017-12-31
2792,975,3,2017-12-31
2793,977,2,2017-12-31
2794,978,5,2017-12-31
2795,979,4,2017-12-31
2796,980,3,2017-12-31
2797,981,4,2017-12-31
2798,982,4,2017-12-31
2799,983,5,2017-12-31
2800,984,3,2017-12-31
2801,986,2,2017-12-31
2802,987,4,2017-12-31
2803,988,3,2017-12-31
2804,989,3,2017-12-31
2805,990,4,2017-12-31
2806,991,3,2017-12-31
2807,992,5,2017-12-31
2808,993,2,2017-12-31
2809,994,3,2017-12-31
2810,995,4,2017-12-31
2811,996,1,2017-12-31
2812,997,3,2017-12-31
2813,998,4,2017-12-31
2814,999,3,2017-12-31
2815,1000,3,2017-12-31
2816,1001,3,2017-12-31
2817,1002,2,2017-12-31
2818,1003,2,2017-12-31
2819,1004,2,2017-12-31
2820,1005,3,2017-12-31
2821,1007,4,2017-12-31
2822,1008,3,2017-12-31
2823,1009,3,2017-12-31
2824,1010,4,2017-12-31
2825,1011,2,2017-12-31
2826,1012,3,2017-12-31
2827,1013,1,2017-12-31
2828,1014,5,2017-12-31
2829,1015,2,2017-12-31
2830,1016,3,2017-12-31
2831,1017,4,2017-12-31
2832,1018,4,2017-12-31
2833,1020,1,2017-12-31
2834,1021,3,2017-12-31
2835,1022,2,2017-12-31
2836,1023,1,2017-12-31
2837,1024,2,2017-12-31
2838,1025,2,2017-12-31
2839,1026,4,2017-12-31
2840,1027,3,2017-12-31
2841,1029,2,2017-12-31
2842,1030,4,2017-12-31
2843,1031,3,2017-12-31
2844,1032,2,2017-12-31
2845,1033,3,2017-12-31
2846,1034,5,2017-12-31
2847,1035,3,2017-12-31
2848,1036,4,2017-12-31
2849,1037,2,2017-12-31
2850,1038,3,2017-12-31
2851,1039,3,2017-12-31
2852,1041,2,2017-12-31
2853,1042,2,2017-12-31
2854,1043,5,2017-12-31
2855,1044,2,2017-12-31
2856,1045,4,2017-12-31
2857,1047,5,2017-12-31
2858,1048,2,2017-12-31
2859,1049,3,2017-12-31
2860,1050,3,2017-12-31
2861,1051,2,2017-12-31
2862,1053,3,2017-12-31
2863,1054,2,2017-12-31
2864,1055,4,2017-12-31
2865,1056,3,2017-12-31
2866,1057,4,2017-12-31
2867,1058,5,2017-12-31
2868,1059,3,2017-12-31
2869,1060,4,2017-12-31
2870,1061,2,2017-12-31
2871,1062,2,2017-12-31
2872,1063,5,2017-12-31
2873,1064,3,2017-12-31
2874,1065,3,2017-12-31
2875,1066,2,2017-12-31
2876,1067,3,2017-12-31
2877,1068,1,2017-12-31
2878,1069,4,2017-12-31
2879,1070,3,2017-12-31
2880,1072,2,2017-12-31
2881,1073,2,2017-12-31
2882,1074,3,2017-12-31
2883,1075,5,2017-12-31
2884,1076,3,2017-12-31
2885,1077,2,2017-12-31
2886,1078,3,2017-12-31
2887,1079,3,2017-12-31
2888,1080,3,2017-12-31
2889,1081,1,2017-12-31
2890,1082,3,2017-12-31
2891,1083,5,2017-12-31
2892,1084,3,2017-12-31
2893,1085,1,2017-12-31
2894,1086,5,2017-12-31
2895,1087,2,2017-12-31
2896,1088,4,2017-12-31
2897,1089,4,2017-12-31
2898,1090,4,2017-12-31
2899,1091,2,2017-12-31
2900,1092,3,2017-12-31
2901,1093,1,2017-12-31
2902,1094,4,2017-12-31
2903,1095,2,2017-12-31
2904,1096,1,2017-12-31
2905,1097,3,2017-12-31
2906,1098,1,2017-12-31
2907,1100,2,2017-12-31
2908,1101,4,2017-12-31
2909,1102,3,2017-12-31
2910,1103,2,2017-12-31
2911,1104,5,2017-12-31
2912,1105,1,2017-12-31
2913,1106,3,2017-12-31
2914,1107,2,2017-12-31
2915,1108,1,2017-12-31
2916,1109,5,2017-12-31
2917,1110,3,2017-12-31
2918,1111,2,2017-12-31
2919,1112,4,2017-12-31
2920,1113,4,2017-12-31
2921,1114,2,2017-12-31
2922,1115,1,2017-12-31
2923,1116,2,2017-12-31
2924,1117,3,2017-12-31
2925,1118,3,2017-12-31
2926,1119,1,2017-12-31
2927,1120,4,2017-12-31
2928,1121,3,2017-12-31
2929,1122,5,2017-12-31
2930,1123,2,2017-12-31
2931,1124,2,2017-12-31
2932,1125,1,2017-12-31
2933,1126,4,2017-12-31
2934,1127,4,2017-12-31
2935,1128,4,2017-12-31
2936,1129,5,2017-12-31
2937,1130,4,2017-12-31
2938,1131,3,2017-12-31
2939,1132,1,2017-12-31
2940,1133,4,2017-12-31
2941,1134,4,2017-12-31
2942,1135,4,2017-12-31
2943,1136,4,2017-12-31
2944,1137,2,2017-12-31
2945,1138,5,2017-12-31
2946,1139,5,2017-12-31
2947,1140,4,2017-12-31
2948,1141,3,2017-12-31
2949,1142,3,2017-12-31
2950,1143,3,2017-12-31
2951,1144,5,2017-12-31
2952,1145,4,2017-12-31
2953,1146,1,2017-12-31
2954,1147,1,2017-12-31
2955,1148,1,2017-12-31
2956,1149,3,2017-12-31
2957,1150,3,2017-12-31
2958,1151,2,2017-12-31
2959,1152,2,2017-12-31
2960,1153,5,2017-12-31
2961,1154,4,2017-12-31
2962,1155,3,2017-12-31
2963,1156,4,2017-12-31
2964,1157,3,2017-12-31
2965,1158,2,2017-12-31
2966,1159,3,2017-12-31
2967,1160,4,2017-12-31
2968,1161,4,2017-12-31
2969,1207,2,2017-12-31
2970,1218,5,2017-12-31
2971,2,4,2018-12-31
2972,3,4,2018-12-31
2973,4,2,2018-12-31
2974,5,1,2018-12-31
2975,6,4,2018-12-31
2976,8,3,2018-12-31
2977,10,2,2018-12-31
2978,11,1,2018-12-31
2979,12,3,2018-12-31
2980,13,4,2018-12-31
2981,14,1,2018-12-31
2982,15,3,2018-12-31
2983,16,2,2018-12-31
2984,17,2,2018-12-31
2985,18,3,2018-12-31
2986,19,2,2018-12-31
2987,20,4,2018-12-31
2988,21,1,2018-12-31
2989,22,2,2018-12-31
2990,23,4,2018-12-31
2991,24,1,2018-12-31
2992,25,3,2018-12-31
2993,26,3,2018-12-31
2994,27,4,2018-12-31
2995,28,3,2018-12-31
2996,29,4,2018-12-31
2997,30,2,2018-12-31
2998,32,5,2018-12-31
2999,33,5,2018-12-31
3000,34,3,2018-12-31
3001,35,1,2018-12-31
3002,36,4,2018-12-31
3003,37,3,2018-12-31
3004,38,4,2018-12-31
3005,39,3,2018-12-31
3006,41,4,2018-12-31
3007,42,4,2018-12-31
3008,43,3,2018-12-31
3009,44,3,2018-12-31
3010,45,4,2018-12-31
3011,46,5,2018-12-31
3012,47,4,2018-12-31
3013,48,3,2018-12-31
3014,50,2,2018-12-31
3015,51,1,2018-12-31
3016,54,3,2018-12-31
3017,55,3,2018-12-31
3018,56,1,2018-12-31
3019,57,2,2018-12-31
3020,58,4,2018-12-31
3021,59,3,2018-12-31
3022,60,5,2018-12-31
3023,62,4,2018-12-31
3024,64,1,2018-12-31
3025,65,2,2018-12-31
3026,66,4,2018-12-31
3027,67,2,2018-12-31
3028,68,3,2018-12-31
3029,69,3,2018-12-31
3030,70,5,2018-12-31
3031,71,4,2018-12-31
3032,72,3,2018-12-31
3033,74,3,2018-12-31
3034,75,3,2018-12-31
3035,77,3,2018-12-31
3036,78,3,2018-12-31
3037,79,2,2018-12-31
3038,80,4,2018-12-31
3039,81,4,2018-12-31
3040,83,3,2018-12-31
3041,84,3,2018-12-31
3042,85,3,2018-12-31
3043,86,3,2018-12-31
3044,87,3,2018-12-31
3045,88,2,2018-12-31
3046,89,4,2018-12-31
3047,90,3,2018-12-31
3048,91,3,2018-12-31
3049,92,3,2018-12-31
3050,93,2,2018-12-31
3051,94,4,2018-12-31
3052,96,3,2018-12-31
3053,97,1,2018-12-31
3054,98,4,2018-12-31
3055,99,4,2018-12-31
3056,100,3,2018-12-31
3057,101,5,2018-12-31
3058,102,4,2018-12-31
3059,104,3,2018-12-31
3060,105,1,2018-12-31
3061,106,4,2018-12-31
3062,107,3,2018-12-31
3063,108,3,2018-12-31
3064,109,4,2018-12-31
3065,110,4,2018-12-31
3066,111,3,2018-12-31
3067,112,1,2018-12-31
3068,113,3,2018-12-31
3069,114,4,2018-12-31
3070,115,3,2018-12-31
3071,116,2,2018-12-31
3072,118,4,2018-12-31
3073,119,1,2018-12-31
3074,120,3,2018-12-31
3075,121,2,2018-12-31
3076,122,3,2018-12-31
3077,123,2,2018-12-31
3078,124,3,2018-12-31
3079,125,3,2018-12-31
3080,127,3,2018-12-31
3081,128,3,2018-12-31
3082,129,2,2018-12-31
3083,130,4,2018-12-31
3084,131,4,2018-12-31
3085,132,3,2018-12-31
3086,134,3,2018-12-31
3087,135,3,2018-12-31
3088,136,3,2018-12-31
3089,137,3,2018-12-31
3090,139,5,2018-12-31
3091,140,4,2018-12-31
3092,141,4,2018-12-31
3093,143,2,2018-12-31
3094,144,3,2018-12-31
3095,145,3,2018-12-31
3096,146,3,2018-12-31
3097,148,4,2018-12-31
3098,149,3,2018-12-31
3099,150,4,2018-12-31
3100,151,2,2018-12-31
3101,152,4,2018-12-31
3102,153,3,2018-12-31
3103,154,2,2018-12-31
3104,155,3,2018-12-31
3105,156,5,2018-12-31
3106,157,3,2018-12-31
3107,159,3,2018-12-31
3108,160,5,2018-12-31
3109,161,3,2018-12-31
3110,162,5,2018-12-31
3111,163,2,2018-12-31
3112,166,2,2018-12-31
3113,167,4,2018-12-31
3114,168,3,2018-12-31
3115,169,3,2018-12-31
3116,170,2,2018-12-31
3117,171,3,2018-12-31
3118,172,3,2018-12-31
3119,174,3,2018-12-31
3120,175,4,2018-12-31
3121,176,2,2018-12-31
3122,177,3,2018-12-31
3123,179,1,2018-12-31
3124,180,5,2018-12-31
3125,181,2,2018-12-31
3126,182,2,2018-12-31
3127,185,2,2018-12-31
3128,186,2,2018-12-31
3129,187,4,2018-12-31
3130,188,4,2018-12-31
3131,189,3,2018-12-31
3132,191,1,2018-12-31
3133,192,2,2018-12-31
3134,193,4,2018-12-31
3135,194,4,2018-12-31
3136,195,3,2018-12-31
3137,196,3,2018-12-31
3138,197,2,2018-12-31
3139,198,3,2018-12-31
3140,199,3,2018-12-31
3141,200,1,2018-12-31
3142,202,2,2018-12-31
3143,203,4,2018-12-31
3144,204,5,2018-12-31
3145,205,3,2018-12-31
3146,206,1,2018-12-31
3147,208,4,2018-12-31
3148,209,3,2018-12-31
3149,212,4,2018-12-31
3150,213,4,2018-12-31
3151,215,3,2018-12-31
3152,216,4,2018-12-31
3153,217,3,2018-12-31
3154,218,3,2018-12-31
3155,219,4,2018-12-31
3156,220,3,2018-12-31
3157,221,1,2018-12-31
3158,222,5,2018-12-31
3159,223,4,2018-12-31
3160,224,2,2018-12-31
3161,225,3,2018-12-31
3162,227,2,2018-12-31
3163,229,2,2018-12-31
3164,230,5,2018-12-31
3165,231,1,2018-12-31
3166,232,3,2018-12-31
3167,234,4,2018-12-31
3168,235,3,2018-12-31
3169,236,3,2018-12-31
3170,237,4,2018-12-31
3171,238,2,2018-12-31
3172,239,2,2018-12-31
3173,240,4,2018-12-31
3174,241,4,2018-12-31
3175,242,2,2018-12-31
3176,243,4,2018-12-31
3177,244,3,2018-12-31
3178,245,3,2018-12-31
3179,246,5,2018-12-31
3180,247,4,2018-12-31
3181,248,5,2018-12-31
3182,249,1,2018-12-31
3183,251,3,2018-12-31
3184,252,1,2018-12-31
3185,253,2,2018-12-31
3186,254,5,2018-12-31
3187,255,2,2018-12-31
3188,256,1,2018-12-31
3189,258,3,2018-12-31
3190,259,4,2018-12-31
3191,260,3,2018-12-31
3192,261,4,2018-12-31
3193,262,3,2018-12-31
3194,263,3,2018-12-31
3195,264,1,2018-12-31
3196,265,4,2018-12-31
3197,266,5,2018-12-31
3198,267,3,2018-12-31
3199,268,3,2018-12-31
3200,269,5,2018-12-31
3201,270,3,2018-12-31
3202,271,2,2018-12-31
3203,272,1,2018-12-31
3204,274,3,2018-12-31
3205,275,3,2018-12-31
3206,276,3,2018-12-31
3207,277,5,2018-12-31
3208,278,3,2018-12-31
3209,279,3,2018-12-31
3210,280,4,2018-12-31
3211,281,1,2018-12-31
3212,282,3,2018-12-31
3213,283,4,2018-12-31
3214,284,5,2018-12-31
3215,285,3,2018-12-31
3216,286,2,2018-12-31
3217,287,3,2018-12-31
3218,288,5,2018-12-31
3219,289,1,2018-12-31
3220,291,3,2018-12-31
3221,292,3,2018-12-31
3222,294,3,2018-12-31
3223,295,3,2018-12-31
3224,296,2,2018-12-31
3225,297,3,2018-12-31
3226,298,2,2018-12-31
3227,299,5,2018-12-31
3228,301,3,2018-12-31
3229,302,1,2018-12-31
3230,304,3,2018-12-31
3231,305,4,2018-12-31
3232,306,3,2018-12-31
3233,307,3,2018-12-31
3234,308,2,2018-12-31
3235,310,3,2018-12-31
3236,311,3,2018-12-31
3237,312,2,2018-12-31
3238,313,4,2018-12-31
3239,314,2,2018-12-31
3240,315,3,2018-12-31
3241,316,2,2018-12-31
3242,317,4,2018-12-31
3243,318,3,2018-12-31
3244,319,4,2018-12-31
3245,320,1,2018-12-31
3246,322,4,2018-12-31
3247,323,3,2018-12-31
3248,324,4,2018-12-31
3249,325,3,2018-12-31
3250,326,2,2018-12-31
3251,327,3,2018-12-31
3252,329,3,2018-12-31
3253,330,5,2018-12-31
3254,331,3,2018-12-31
3255,332,1,2018-12-31
3256,333,3,2018-12-31
3257,334,2,2018-12-31
3258,335,4,2018-12-31
3259,336,2,2018-12-31
3260,337,3,2018-12-31
3261,338,2,2018-12-31
3262,339,3,2018-12-31
3263,340,1,2018-12-31
3264,341,4,2018-12-31
3265,342,5,2018-12-31
3266,343,5,2018-12-31
3267,344,4,2018-12-31
3268,345,1,2018-12-31
3269,346,4,2018-12-31
3270,347,3,2018-12-31
3271,349,3,2018-12-31
3272,350,3,2018-12-31
3273,351,4,2018-12-31
3274,352,3,2018-12-31
3275,353,2,2018-12-31
3276,354,5,2018-12-31
3277,355,1,2018-12-31
3278,356,5,2018-12-31
3279,357,5,2018-12-31
3280,359,1,2018-12-31
3281,360,3,2018-12-31
3282,361,4,2018-12-31
3283,362,5,2018-12-31
3284,363,2,2018-12-31
3285,364,4,2018-12-31
3286,365,1,2018-12-31
3287,366,4,2018-12-31
3288,367,3,2018-12-31
3289,368,3,2018-12-31
3290,369,5,2018-12-31
3291,371,3,2018-12-31
3292,372,2,2018-12-31
3293,374,3,2018-12-31
3294,375,2,2018-12-31
3295,376,1,2018-12-31
3296,377,3,2018-12-31
3297,378,3,2018-12-31
3298,379,3,2018-12-31
3299,380,4,2018-12-31
3300,381,4,2018-12-31
3301,382,5,2018-12-31
3302,383,3,2018-12-31
3303,384,2,2018-12-31
3304,385,5,2018-12-31
3305,386,4,2018-12-31
3306,387,3,2018-12-31
3307,388,5,2018-12-31
3308,389,3,2018-12-31
3309,390,3,2018-12-31
3310,391,1,2018-12-31
3311,392,3,2018-12-31
3312,393,2,2018-12-31
3313,394,2,2018-12-31
3314,395,3,2018-12-31
3315,396,3,2018-12-31
3316,397,4,2018-12-31
3317,398,1,2018-12-31
3318,399,3,2018-12-31
3319,400,5,2018-12-31
3320,402,5,2018-12-31
3321,403,2,2018-12-31
3322,404,3,2018-12-31
3323,405,1,2018-12-31
3324,406,1,2018-12-31
3325,407,5,2018-12-31
3326,408,2,2018-12-31
3327,409,1,2018-12-31
3328,410,1,2018-12-31
3329,411,2,2018-12-31
3330,412,5,2018-12-31
3331,413,5,2018-12-31
3332,415,2,2018-12-31
3333,416,2,2018-12-31
3334,417,2,2018-12-31
3335,418,3,2018-12-31
3336,419,1,2018-12-31
3337,421,2,2018-12-31
3338,423,2,2018-12-31
3339,424,2,2018-12-31
3340,425,4,2018-12-31
3341,426,2,2018-12-31
3342,427,5,2018-12-31
3343,428,3,2018-12-31
3344,429,5,2018-12-31
3345,430,2,2018-12-31
3346,431,3,2018-12-31
3347,432,2,2018-12-31
3348,433,4,2018-12-31
3349,434,3,2018-12-31
3350,435,5,2018-12-31
3351,436,5,2018-12-31
3352,437,3,2018-12-31
3353,438,3,2018-12-31
3354,439,1,2018-12-31
3355,440,1,2018-12-31
3356,442,4,2018-12-31
3357,443,3,2018-12-31
3358,444,4,2018-12-31
3359,445,1,2018-12-31
3360,446,4,2018-12-31
3361,447,3,2018-12-31
3362,448,2,2018-12-31
3363,449,2,2018-12-31
3364,450,3,2018-12-31
3365,451,4,2018-12-31
3366,452,3,2018-12-31
3367,453,4,2018-12-31
3368,454,1,2018-12-31
3369,455,2,2018-12-31
3370,456,4,2018-12-31
3371,457,3,2018-12-31
3372,458,3,2018-12-31
3373,460,5,2018-12-31
3374,462,2,2018-12-31
3375,463,4,2018-12-31
3376,464,5,2018-12-31
3377,465,3,2018-12-31
3378,466,3,2018-12-31
3379,467,5,2018-12-31
3380,468,3,2018-12-31
3381,469,3,2018-12-31
3382,470,3,2018-12-31
3383,471,4,2018-12-31
3384,472,2,2018-12-31
3385,473,5,2018-12-31
3386,474,2,2018-12-31
3387,475,3,2018-12-31
3388,476,3,2018-12-31
3389,477,4,2018-12-31
3390,478,4,2018-12-31
3391,479,4,2018-12-31
3392,480,3,2018-12-31
3393,481,2,2018-12-31
3394,483,4,2018-12-31
3395,484,2,2018-12-31
3396,485,5,2018-12-31
3397,487,3,2018-12-31
3398,490,3,2018-12-31
3399,491,3,2018-12-31
3400,492,1,2018-12-31
3401,493,1,2018-12-31
3402,494,4,2018-12-31
3403,495,2,2018-12-31
3404,496,4,2018-12-31
3405,497,2,2018-12-31
3406,498,3,2018-12-31
3407,499,4,2018-12-31
3408,500,3,2018-12-31
3409,501,3,2018-12-31
3410,502,3,2018-12-31
3411,503,3,2018-12-31
3412,504,2,2018-12-31
3413,505,2,2018-12-31
3414,506,2,2018-12-31
3415,507,3,2018-12-31
3416,508,3,2018-12-31
3417,509,5,2018-12-31
3418,510,3,2018-12-31
3419,511,4,2018-12-31
3420,512,1,2018-12-31
3421,513,5,2018-12-31
3422,515,4,2018-12-31
3423,516,3,2018-12-31
3424,517,3,2018-12-31
3425,518,3,2018-12-31
3426,519,2,2018-12-31
3427,520,5,2018-12-31
3428,521,2,2018-12-31
3429,522,5,2018-12-31
3430,523,2,2018-12-31
3431,524,2,2018-12-31
3432,526,2,2018-12-31
3433,527,5,2018-12-31
3434,528,2,2018-12-31
3435,529,3,2018-12-31
3436,530,3,2018-12-31
3437,532,3,2018-12-31
3438,533,2,2018-12-31
3439,534,3,2018-12-31
3440,535,3,2018-12-31
3441,536,4,2018-12-31
3442,537,3,2018-12-31
3443,538,3,2018-12-31
3444,539,4,2018-12-31
3445,540,3,2018-12-31
3446,541,3,2018-12-31
3447,542,3,2018-12-31
3448,543,2,2018-12-31
3449,544,4,2018-12-31
3450,545,5,2018-12-31
3451,546,4,2018-12-31
3452,547,2,2018-12-31
3453,548,3,2018-12-31
3454,549,2,2018-12-31
3455,550,2,2018-12-31
3456,551,5,2018-12-31
3457,552,2,2018-12-31
3458,553,2,2018-12-31
3459,554,3,2018-12-31
3460,555,3,2018-12-31
3461,556,2,2018-12-31
3462,558,3,2018-12-31
3463,559,4,2018-12-31
3464,560,5,2018-12-31
3465,561,2,2018-12-31
3466,562,2,2018-12-31
3467,563,4,2018-12-31
3468,565,2,2018-12-31
3469,566,5,2018-12-31
3470,567,3,2018-12-31
3471,568,3,2018-12-31
3472,569,5,2018-12-31
3473,570,5,2018-12-31
3474,572,3,2018-12-31
3475,573,2,2018-12-31
3476,574,3,2018-12-31
3477,575,3,2018-12-31
3478,576,5,2018-12-31
3479,577,1,2018-12-31
3480,578,3,2018-12-31
3481,579,1,2018-12-31
3482,581,2,2018-12-31
3483,583,2,2018-12-31
3484,584,2,2018-12-31
3485,585,5,2018-12-31
3486,586,3,2018-12-31
3487,588,3,2018-12-31
3488,589,3,2018-12-31
3489,590,3,2018-12-31
3490,591,4,2018-12-31
3491,593,1,2018-12-31
3492,594,3,2018-12-31
3493,595,3,2018-12-31
3494,596,3,2018-12-31
3495,597,2,2018-12-31
3496,598,5,2018-12-31
3497,600,3,2018-12-31
3498,601,4,2018-12-31
3499,602,2,2018-12-31
3500,604,4,2018-12-31
3501,605,4,2018-12-31
3502,606,4,2018-12-31
3503,607,3,2018-12-31
3504,610,2,2018-12-31
3505,611,1,2018-12-31
3506,612,4,2018-12-31
3507,613,2,2018-12-31
3508,614,5,2018-12-31
3509,615,3,2018-12-31
3510,616,1,2018-12-31
3511,617,3,2018-12-31
3512,618,3,2018-12-31
3513,619,4,2018-12-31
3514,620,3,2018-12-31
3515,622,2,2018-12-31
3516,623,4,2018-12-31
3517,624,3,2018-12-31
3518,626,1,2018-12-31
3519,627,5,2018-12-31
3520,629,2,2018-12-31
3521,632,3,2018-12-31
3522,633,4,2018-12-31
3523,634,5,2018-12-31
3524,635,3,2018-12-31
3525,636,5,2018-12-31
3526,638,4,2018-12-31
3527,639,2,2018-12-31
3528,640,4,2018-12-31
3529,641,4,2018-12-31
3530,642,2,2018-12-31
3531,643,3,2018-12-31
3532,644,3,2018-12-31
3533,645,4,2018-12-31
3534,646,4,2018-12-31
3535,651,2,2018-12-31
3536,652,4,2018-12-31
3537,653,3,2018-12-31
3538,654,5,2018-12-31
3539,655,5,2018-12-31
3540,656,4,2018-12-31
3541,657,4,2018-12-31
3542,658,3,2018-12-31
3543,659,2,2018-12-31
3544,660,1,2018-12-31
3545,661,3,2018-12-31
3546,664,1,2018-12-31
3547,666,5,2018-12-31
3548,667,3,2018-12-31
3549,668,3,2018-12-31
3550,669,5,2018-12-31
3551,670,2,2018-12-31
3552,672,3,2018-12-31
3553,673,2,2018-12-31
3554,675,4,2018-12-31
3555,677,3,2018-12-31
3556,678,3,2018-12-31
3557,679,3,2018-12-31
3558,680,3,2018-12-31
3559,681,3,2018-12-31
3560,682,4,2018-12-31
3561,683,2,2018-12-31
3562,684,3,2018-12-31
3563,685,3,2018-12-31
3564,686,4,2018-12-31
3565,688,5,2018-12-31
3566,689,3,2018-12-31
3567,690,4,2018-12-31
3568,691,4,2018-12-31
3569,692,4,2018-12-31
3570,693,1,2018-12-31
3571,694,5,2018-12-31
3572,695,2,2018-12-31
3573,696,3,2018-12-31
3574,698,4,2018-12-31
3575,699,1,2018-12-31
3576,700,2,2018-12-31
3577,702,5,2018-12-31
3578,703,1,2018-12-31
3579,704,3,2018-12-31
3580,705,3,2018-12-31
3581,706,2,2018-12-31
3582,707,4,2018-12-31
3583,708,1,2018-12-31
3584,709,3,2018-12-31
3585,710,2,2018-12-31
3586,711,3,2018-12-31
3587,712,4,2018-12-31
3588,713,4,2018-12-31
3589,714,2,2018-12-31
3590,715,4,2018-12-31
3591,716,3,2018-12-31
3592,717,4,2018-12-31
3593,718,4,2018-12-31
3594,719,3,2018-12-31
3595,720,4,2018-12-31
3596,721,4,2018-12-31
3597,722,5,2018-12-31
3598,723,4,2018-12-31
3599,724,3,2018-12-31
3600,725,4,2018-12-31
3601,726,3,2018-12-31
3602,727,2,2018-12-31
3603,728,4,2018-12-31
3604,729,3,2018-12-31
3605,730,4,2018-12-31
3606,731,2,2018-12-31
3607,732,3,2018-12-31
3608,733,4,2018-12-31
3609,734,5,2018-12-31
3610,735,3,2018-12-31
3611,736,3,2018-12-31
3612,737,1,2018-12-31
3613,738,5,2018-12-31
3614,739,4,2018-12-31
3615,740,1,2018-12-31
3616,741,1,2018-12-31
3617,742,1,2018-12-31
3618,743,3,2018-12-31
3619,744,2,2018-12-31
3620,745,1,2018-12-31
3621,746,1,2018-12-31
3622,747,3,2018-12-31
3623,748,2,2018-12-31
3624,749,3,2018-12-31
3625,750,4,2018-12-31
3626,751,3,2018-12-31
3627,752,1,2018-12-31
3628,753,3,2018-12-31
3629,754,3,2018-12-31
3630,755,2,2018-12-31
3631,757,2,2018-12-31
3632,758,4,2018-12-31
3633,759,2,2018-12-31
3634,760,3,2018-12-31
3635,761,5,2018-12-31
3636,762,3,2018-12-31
3637,763,3,2018-12-31
3638,764,5,2018-12-31
3639,765,2,2018-12-31
3640,767,3,2018-12-31
3641,768,3,2018-12-31
3642,770,4,2018-12-31
3643,771,4,2018-12-31
3644,772,1,2018-12-31
3645,773,2,2018-12-31
3646,774,5,2018-12-31
3647,775,3,2018-12-31
3648,776,1,2018-12-31
3649,777,4,2018-12-31
3650,778,4,2018-12-31
3651,780,3,2018-12-31
3652,782,3,2018-12-31
3653,783,3,2018-12-31
3654,784,3,2018-12-31
3655,785,3,2018-12-31
3656,786,5,2018-12-31
3657,787,3,2018-12-31
3658,788,4,2018-12-31
3659,789,3,2018-12-31
3660,790,2,2018-12-31
3661,791,2,2018-12-31
3662,792,2,2018-12-31
3663,793,2,2018-12-31
3664,795,4,2018-12-31
3665,796,2,2018-12-31
3666,797,3,2018-12-31
3667,798,3,2018-12-31
3668,800,4,2018-12-31
3669,801,3,2018-12-31
3670,802,3,2018-12-31
3671,803,5,2018-12-31
3672,805,1,2018-12-31
3673,806,2,2018-12-31
3674,807,3,2018-12-31
3675,808,3,2018-12-31
3676,809,1,2018-12-31
3677,810,1,2018-12-31
3678,812,2,2018-12-31
3679,813,3,2018-12-31
3680,815,1,2018-12-31
3681,816,4,2018-12-31
3682,817,4,2018-12-31
3683,818,3,2018-12-31
3684,819,1,2018-12-31
3685,820,3,2018-12-31
3686,821,3,2018-12-31
3687,822,3,2018-12-31
3688,823,3,2018-12-31
3689,824,1,2018-12-31
3690,825,2,2018-12-31
3691,826,3,2018-12-31
3692,827,4,2018-12-31
3693,828,3,2018-12-31
3694,829,3,2018-12-31
3695,830,4,2018-12-31
3696,831,3,2018-12-31
3697,832,3,2018-12-31
3698,833,1,2018-12-31
3699,836,3,2018-12-31
3700,838,3,2018-12-31
3701,840,4,2018-12-31
3702,841,3,2018-12-31
3703,842,2,2018-12-31
3704,843,4,2018-12-31
3705,844,3,2018-12-31
3706,845,2,2018-12-31
3707,846,3,2018-12-31
3708,847,4,2018-12-31
3709,848,5,2018-12-31
3710,849,4,2018-12-31
3711,850,4,2018-12-31
3712,851,3,2018-12-31
3713,852,2,2018-12-31
3714,853,4,2018-12-31
3715,854,3,2018-12-31
3716,855,2,2018-12-31
3717,856,4,2018-12-31
3718,857,2,2018-12-31
3719,858,4,2018-12-31
3720,859,1,2018-12-31
3721,860,3,2018-12-31
3722,861,3,2018-12-31
3723,862,3,2018-12-31
3724,863,2,2018-12-31
3725,864,1,2018-12-31
3726,865,4,2018-12-31
3727,866,5,2018-12-31
3728,867,3,2018-12-31
3729,868,3,2018-12-31
3730,869,2,2018-12-31
3731,870,3,2018-12-31
3732,871,2,2018-12-31
3733,873,4,2018-12-31
3734,874,3,2018-12-31
3735,875,1,2018-12-31
3736,876,3,2018-12-31
3737,877,4,2018-12-31
3738,878,3,2018-12-31
3739,879,2,2018-12-31
3740,880,2,2018-12-31
3741,881,1,2018-12-31
3742,883,1,2018-12-31
3743,884,3,2018-12-31
3744,885,3,2018-12-31
3745,886,3,2018-12-31
3746,887,3,2018-12-31
3747,888,3,2018-12-31
3748,889,1,2018-12-31
3749,890,5,2018-12-31
3750,891,1,2018-12-31
3751,892,2,2018-12-31
3752,893,3,2018-12-31
3753,894,2,2018-12-31
3754,895,3,2018-12-31
3755,896,3,2018-12-31
3756,897,3,2018-12-31
3757,898,3,2018-12-31
3758,899,3,2018-12-31
3759,900,4,2018-12-31
3760,901,5,2018-12-31
3761,902,4,2018-12-31
3762,903,4,2018-12-31
3763,904,4,2018-12-31
3764,905,4,2018-12-31
3765,906,4,2018-12-31
3766,907,3,2018-12-31
3767,908,3,2018-12-31
3768,910,3,2018-12-31
3769,911,3,2018-12-31
3770,912,2,2018-12-31
3771,913,3,2018-12-31
3772,914,1,2018-12-31
3773,915,3,2018-12-31
3774,916,3,2018-12-31
3775,918,3,2018-12-31
3776,919,2,2018-12-31
3777,920,4,2018-12-31
3778,921,4,2018-12-31
3779,922,5,2018-12-31
3780,923,5,2018-12-31
3781,924,3,2018-12-31
3782,925,1,2018-12-31
3783,926,2,2018-12-31
3784,927,2,2018-12-31
3785,928,2,2018-12-31
3786,929,4,2018-12-31
3787,930,2,2018-12-31
3788,931,2,2018-12-31
3789,932,3,2018-12-31
3790,933,5,2018-12-31
3791,934,4,2018-12-31
3792,935,3,2018-12-31
3793,936,4,2018-12-31
3794,937,2,2018-12-31
3795,938,4,2018-12-31
3796,939,3,2018-12-31
3797,940,4,2018-12-31
3798,941,5,2018-12-31
3799,942,4,2018-12-31
3800,943,4,2018-12-31
3801,945,4,2018-12-31
3802,946,3,2018-12-31
3803,947,4,2018-12-31
3804,948,1,2018-12-31
3805,949,3,2018-12-31
3806,950,3,2018-12-31
3807,951,3,2018-12-31
3808,952,2,2018-12-31
3809,953,1,2018-12-31
3810,954,4,2018-12-31
3811,956,5,2018-12-31
3812,957,3,2018-12-31
3813,960,3,2018-12-31
3814,961,2,2018-12-31
3815,962,1,2018-12-31
3816,963,4,2018-12-31
3817,964,1,2018-12-31
3818,965,3,2018-12-31
3819,966,3,2018-12-31
3820,967,3,2018-12-31
3821,968,3,2018-12-31
3822,969,3,2018-12-31
3823,970,5,2018-12-31
3824,971,3,2018-12-31
3825,972,2,2018-12-31
3826,973,2,2018-12-31
3827,974,3,2018-12-31
3828,975,3,2018-12-31
3829,977,3,2018-12-31
3830,978,4,2018-12-31
3831,979,4,2018-12-31
3832,980,4,2018-12-31
3833,981,4,2018-12-31
3834,982,2,2018-12-31
3835,983,3,2018-12-31
3836,984,5,2018-12-31
3837,986,3,2018-12-31
3838,987,3,2018-12-31
3839,988,5,2018-12-31
3840,989,3,2018-12-31
3841,990,4,2018-12-31
3842,991,5,2018-12-31
3843,992,3,2018-12-31
3844,993,3,2018-12-31
3845,994,2,2018-12-31
3846,995,3,2018-12-31
3847,996,2,2018-12-31
3848,997,1,2018-12-31
3849,998,5,2018-12-31
3850,999,2,2018-12-31
3851,1000,4,2018-12-31
3852,1001,1,2018-12-31
3853,1002,5,2018-12-31
3854,1003,2,2018-12-31
3855,1004,2,2018-12-31
3856,1005,3,2018-12-31
3857,1007,1,2018-12-31
3858,1008,3,2018-12-31
3859,1009,3,2018-12-31
3860,1010,4,2018-12-31
3861,1011,2,2018-12-31
3862,1012,3,2018-12-31
3863,1013,1,2018-12-31
3864,1014,4,2018-12-31
3865,1015,3,2018-12-31
3866,1016,4,2018-12-31
3867,1017,2,2018-12-31
3868,1018,3,2018-12-31
3869,1020,3,2018-12-31
3870,1021,3,2018-12-31
3871,1022,3,2018-12-31
3872,1023,3,2018-12-31
3873,1024,3,2018-12-31
3874,1025,3,2018-12-31
3875,1026,5,2018-12-31
3876,1027,2,2018-12-31
3877,1029,3,2018-12-31
3878,1030,4,2018-12-31
3879,1031,3,2018-12-31
3880,1032,3,2018-12-31
3881,1033,2,2018-12-31
3882,1034,3,2018-12-31
3883,1035,2,2018-12-31
3884,1036,2,2018-12-31
3885,1037,3,2018-12-31
3886,1038,4,2018-12-31
3887,1039,3,2018-12-31
3888,1041,2,2018-12-31
3889,1043,1,2018-12-31
3890,1044,3,2018-12-31
3891,1045,2,2018-12-31
3892,1047,2,2018-12-31
3893,1048,3,2018-12-31
3894,1049,3,2018-12-31
3895,1050,2,2018-12-31
3896,1051,4,2018-12-31
3897,1054,3,2018-12-31
3898,1055,1,2018-12-31
3899,1056,2,2018-12-31
3900,1057,3,2018-12-31
3901,1058,5,2018-12-31
3902,1059,2,2018-12-31
3903,1060,4,2018-12-31
3904,1061,3,2018-12-31
3905,1062,4,2018-12-31
3906,1063,4,2018-12-31
3907,1064,4,2018-12-31
3908,1065,2,2018-12-31
3909,1066,4,2018-12-31
3910,1067,4,2018-12-31
3911,1068,3,2018-12-31
3912,1069,1,2018-12-31
3913,1070,3,2018-12-31
3914,1072,3,2018-12-31
3915,1073,2,2018-12-31
3916,1074,2,2018-12-31
3917,1075,1,2018-12-31
3918,1076,3,2018-12-31
3919,1077,4,2018-12-31
3920,1078,3,2018-12-31
3921,1079,3,2018-12-31
3922,1080,3,2018-12-31
3923,1081,3,2018-12-31
3924,1082,3,2018-12-31
3925,1083,2,2018-12-31
3926,1084,2,2018-12-31
3927,1085,5,2018-12-31
3928,1086,3,2018-12-31
3929,1087,4,2018-12-31
3930,1088,3,2018-12-31
3931,1089,4,2018-12-31
3932,1090,2,2018-12-31
3933,1091,3,2018-12-31
3934,1092,1,2018-12-31
3935,1093,5,2018-12-31
3936,1094,3,2018-12-31
3937,1095,3,2018-12-31
3938,1096,2,2018-12-31
3939,1097,2,2018-12-31
3940,1098,3,2018-12-31
3941,1100,3,2018-12-31
3942,1101,4,2018-12-31
3943,1102,3,2018-12-31
3944,1103,3,2018-12-31
3945,1104,1,2018-12-31
3946,1105,3,2018-12-31
3947,1106,2,2018-12-31
3948,1107,1,2018-12-31
3949,1108,1,2018-12-31
3950,1109,2,2018-12-31
3951,1110,3,2018-12-31
3952,1111,4,2018-12-31
3953,1112,4,2018-12-31
3954,1113,3,2018-12-31
3955,1114,1,2018-12-31
3956,1115,2,2018-12-31
3957,1116,1,2018-12-31
3958,1117,1,2018-12-31
3959,1118,4,2018-12-31
3960,1119,3,2018-12-31
3961,1120,5,2018-12-31
3962,1121,2,2018-12-31
3963,1122,2,2018-12-31
3964,1123,3,2018-12-31
3965,1124,4,2018-12-31
3966,1125,3,2018-12-31
3967,1126,3,2018-12-31
3968,1127,5,2018-12-31
3969,1128,5,2018-12-31
3970,1129,2,2018-12-31
3971,1130,3,2018-12-31
3972,1131,3,2018-12-31
3973,1132,1,2018-12-31
3974,1133,4,2018-12-31
3975,1134,5,2018-12-31
3976,1135,4,2018-12-31
3977,1136,1,2018-12-31
3978,1137,3,2018-12-31
3979,1138,3,2018-12-31
3980,1140,3,2018-12-31
3981,1141,3,2018-12-31
3982,1142,3,2018-12-31
3983,1143,1,2018-12-31
3984,1144,1,2018-12-31
3985,1145,3,2018-12-31
3986,1146,2,2018-12-31
3987,1147,3,2018-12-31
3988,1148,2,2018-12-31
3989,1149,2,2018-12-31
3990,1150,3,2018-12-31
3991,1151,5,2018-12-31
3992,1152,2,2018-12-31
3993,1153,2,2018-12-31
3994,1154,3,2018-12-31
3995,1155,3,2018-12-31
3996,1156,2,2018-12-31
3997,1157,2,2018-12-31
3998,1158,4,2018-12-31
3999,1159,5,2018-12-31
4000,1160,3,2018-12-31
4001,1161,3,2018-12-31
4002,1162,3,2018-12-31
4003,1163,3,2018-12-31
4004,1164,3,2018-12-31
4005,1166,3,2018-12-31
4006,1167,3,2018-12-31
4007,1169,3,2018-12-31
4008,1170,3,2018-12-31
4009,1171,2,2018-12-31
4010,1172,3,2018-12-31
4011,1173,4,2018-12-31
4012,1174,5,2018-12-31
4013,1175,3,2018-12-31
4014,1177,2,2018-12-31
4015,1178,2,2018-12-31
4016,1179,4,2018-12-31
4017,1180,2,2018-12-31
4018,1181,5,2018-12-31
4019,1182,4,2018-12-31
4020,1183,1,2018-12-31
4021,1184,2,2018-12-31
4022,1185,4,2018-12-31
4023,1186,4,2018-12-31
4024,1187,4,2018-12-31
4025,1188,3,2018-12-31
4026,1189,4,2018-12-31
4027,1190,2,2018-12-31
4028,1191,2,2018-12-31
4029,1192,2,2018-12-31
4030,1193,2,2018-12-31
4031,1194,2,2018-12-31
4032,1195,2,2018-12-31
4033,1196,5,2018-12-31
4034,1197,3,2018-12-31
4035,1198,1,2018-12-31
4036,1199,3,2018-12-31
4037,1200,5,2018-12-31
4038,1201,2,2018-12-31
4039,1202,3,2018-12-31
4040,1203,4,2018-12-31
4041,1204,4,2018-12-31
4042,1205,3,2018-12-31
4043,1206,4,2018-12-31
4044,1207,4,2018-12-31
4045,1208,3,2018-12-31
4046,1209,4,2018-12-31
4047,1210,2,2018-12-31
4048,1211,1,2018-12-31
4049,1212,4,2018-12-31
4050,1213,4,2018-12-31
4051,1214,2,2018-12-31
4052,1215,2,2018-12-31
4053,1216,5,2018-12-31
4054,1217,1,2018-12-31
4055,1218,5,2018-12-31
4056,1219,3,2018-12-31
4057,1220,4,2018-12-31
4058,2,3,2019-12-31
4059,4,3,2019-12-31
4060,5,3,2019-12-31
4061,6,3,2019-12-31
4062,8,5,2019-12-31
4063,10,4,2019-12-31
4064,11,3,2019-12-31
4065,12,3,2019-12-31
4066,13,3,2019-12-31
4067,14,4,2019-12-31
4068,15,4,2019-12-31
4069,16,5,2019-12-31
4070,17,3,2019-12-31
4071,18,5,2019-12-31
4072,19,3,2019-12-31
4073,20,2,2019-12-31
4074,21,3,2019-12-31
4075,22,4,2019-12-31
4076,23,4,2019-12-31
4077,24,3,2019-12-31
4078,25,2,2019-12-31
4079,26,3,2019-12-31
4080,27,4,2019-12-31
4081,28,5,2019-12-31
4082,29,3,2019-12-31
4083,30,3,2019-12-31
4084,32,5,2019-12-31
4085,33,3,2019-12-31
4086,34,4,2019-12-31
4087,35,4,2019-12-31
4088,36,1,2019-12-31
4089,37,3,2019-12-31
4090,38,4,2019-12-31
4091,39,2,2019-12-31
4092,41,4,2019-12-31
4093,42,3,2019-12-31
4094,44,4,2019-12-31
4095,45,5,2019-12-31
4096,46,3,2019-12-31
4097,47,3,2019-12-31
4098,48,2,2019-12-31
4099,50,4,2019-12-31
4100,51,2,2019-12-31
4101,54,5,2019-12-31
4102,55,4,2019-12-31
4103,56,3,2019-12-31
4104,57,5,2019-12-31
4105,58,2,2019-12-31
4106,59,2,2019-12-31
4107,60,2,2019-12-31
4108,62,3,2019-12-31
4109,64,4,2019-12-31
4110,65,3,2019-12-31
4111,66,3,2019-12-31
4112,67,5,2019-12-31
4113,68,4,2019-12-31
4114,69,1,2019-12-31
4115,70,2,2019-12-31
4116,72,3,2019-12-31
4117,74,2,2019-12-31
4118,75,4,2019-12-31
4119,77,1,2019-12-31
4120,78,5,2019-12-31
4121,79,2,2019-12-31
4122,80,5,2019-12-31
4123,81,5,2019-12-31
4124,83,4,2019-12-31
4125,84,2,2019-12-31
4126,85,3,2019-12-31
4127,86,1,2019-12-31
4128,87,1,2019-12-31
4129,88,3,2019-12-31
4130,89,1,2019-12-31
4131,90,4,2019-12-31
4132,91,3,2019-12-31
4133,92,5,2019-12-31
4134,93,4,2019-12-31
4135,94,4,2019-12-31
4136,96,5,2019-12-31
4137,97,4,2019-12-31
4138,98,4,2019-12-31
4139,99,4,2019-12-31
4140,100,4,2019-12-31
4141,101,3,2019-12-31
4142,102,3,2019-12-31
4143,104,4,2019-12-31
4144,105,4,2019-12-31
4145,106,4,2019-12-31
4146,107,2,2019-12-31
4147,108,3,2019-12-31
4148,109,3,2019-12-31
4149,110,3,2019-12-31
4150,111,3,2019-12-31
4151,112,3,2019-12-31
4152,113,3,2019-12-31
4153,114,4,2019-12-31
4154,115,5,2019-12-31
4155,116,3,2019-12-31
4156,118,4,2019-12-31
4157,119,3,2019-12-31
4158,120,5,2019-12-31
4159,121,4,2019-12-31
4160,122,3,2019-12-31
4161,123,4,2019-12-31
4162,124,3,2019-12-31
4163,125,3,2019-12-31
4164,127,4,2019-12-31
4165,128,5,2019-12-31
4166,129,3,2019-12-31
4167,130,4,2019-12-31
4168,131,2,2019-12-31
4169,134,4,2019-12-31
4170,135,3,2019-12-31
4171,136,4,2019-12-31
4172,137,4,2019-12-31
4173,139,4,2019-12-31
4174,140,3,2019-12-31
4175,141,5,2019-12-31
4176,143,3,2019-12-31
4177,144,3,2019-12-31
4178,145,4,2019-12-31
4179,146,3,2019-12-31
4180,148,3,2019-12-31
4181,149,4,2019-12-31
4182,150,4,2019-12-31
4183,151,3,2019-12-31
4184,152,3,2019-12-31
4185,154,3,2019-12-31
4186,155,1,2019-12-31
4187,156,5,2019-12-31
4188,157,4,2019-12-31
4189,159,3,2019-12-31
4190,160,3,2019-12-31
4191,161,3,2019-12-31
4192,162,3,2019-12-31
4193,163,1,2019-12-31
4194,166,3,2019-12-31
4195,168,3,2019-12-31
4196,169,5,2019-12-31
4197,170,3,2019-12-31
4198,171,2,2019-12-31
4199,172,2,2019-12-31
4200,174,3,2019-12-31
4201,175,3,2019-12-31
4202,176,3,2019-12-31
4203,177,1,2019-12-31
4204,179,3,2019-12-31
4205,180,4,2019-12-31
4206,181,4,2019-12-31
4207,182,4,2019-12-31
4208,185,3,2019-12-31
4209,186,3,2019-12-31
4210,187,5,2019-12-31
4211,188,1,2019-12-31
4212,189,3,2019-12-31
4213,191,3,2019-12-31
4214,192,2,2019-12-31
4215,193,5,2019-12-31
4216,194,4,2019-12-31
4217,195,4,2019-12-31
4218,196,2,2019-12-31
4219,197,3,2019-12-31
4220,198,3,2019-12-31
4221,200,4,2019-12-31
4222,203,3,2019-12-31
4223,204,3,2019-12-31
4224,205,3,2019-12-31
4225,206,3,2019-12-31
4226,208,3,2019-12-31
4227,209,4,2019-12-31
4228,212,1,2019-12-31
4229,213,5,2019-12-31
4230,216,4,2019-12-31
4231,217,4,2019-12-31
4232,218,1,2019-12-31
4233,219,3,2019-12-31
4234,220,4,2019-12-31
4235,221,2,2019-12-31
4236,222,5,2019-12-31
4237,223,5,2019-12-31
4238,224,2,2019-12-31
4239,225,3,2019-12-31
4240,227,3,2019-12-31
4241,229,4,2019-12-31
4242,230,3,2019-12-31
4243,231,5,2019-12-31
4244,232,2,2019-12-31
4245,235,4,2019-12-31
4246,236,3,2019-12-31
4247,237,3,2019-12-31
4248,238,5,2019-12-31
4249,239,3,2019-12-31
4250,240,3,2019-12-31
4251,241,4,2019-12-31
4252,242,1,2019-12-31
4253,243,5,2019-12-31
4254,244,4,2019-12-31
4255,245,4,2019-12-31
4256,246,2,2019-12-31
4257,247,5,2019-12-31
4258,248,3,2019-12-31
4259,249,4,2019-12-31
4260,251,4,2019-12-31
4261,252,3,2019-12-31
4262,253,3,2019-12-31
4263,254,2,2019-12-31
4264,255,3,2019-12-31
4265,256,3,2019-12-31
4266,258,3,2019-12-31
4267,259,3,2019-12-31
4268,260,4,2019-12-31
4269,261,2,2019-12-31
4270,262,4,2019-12-31
4271,263,4,2019-12-31
4272,264,4,2019-12-31
4273,265,3,2019-12-31
4274,267,3,2019-12-31
4275,268,3,2019-12-31
4276,269,2,2019-12-31
4277,270,4,2019-12-31
4278,271,3,2019-12-31
4279,272,3,2019-12-31
4280,274,3,2019-12-31
4281,275,3,2019-12-31
4282,276,5,2019-12-31
4283,277,3,2019-12-31
4284,278,5,2019-12-31
4285,279,3,2019-12-31
4286,280,2,2019-12-31
4287,281,5,2019-12-31
4288,282,4,2019-12-31
4289,283,3,2019-12-31
4290,284,4,2019-12-31
4291,285,4,2019-12-31
4292,286,3,2019-12-31
4293,287,2,2019-12-31
4294,288,2,2019-12-31
4295,289,1,2019-12-31
4296,291,1,2019-12-31
4297,292,5,2019-12-31
4298,294,3,2019-12-31
4299,295,3,2019-12-31
4300,296,3,2019-12-31
4301,297,3,2019-12-31
4302,298,3,2019-12-31
4303,299,3,2019-12-31
4304,301,3,2019-12-31
4305,302,3,2019-12-31
4306,304,3,2019-12-31
4307,305,4,2019-12-31
4308,306,3,2019-12-31
4309,307,2,2019-12-31
4310,308,2,2019-12-31
4311,310,4,2019-12-31
4312,312,4,2019-12-31
4313,313,4,2019-12-31
4314,315,3,2019-12-31
4315,316,3,2019-12-31
4316,317,1,2019-12-31
4317,318,3,2019-12-31
4318,319,2,2019-12-31
4319,320,5,2019-12-31
4320,323,4,2019-12-31
4321,324,4,2019-12-31
4322,325,2,2019-12-31
4323,326,3,2019-12-31
4324,327,5,2019-12-31
4325,329,1,2019-12-31
4326,330,3,2019-12-31
4327,331,3,2019-12-31
4328,332,3,2019-12-31
4329,333,3,2019-12-31
4330,334,3,2019-12-31
4331,335,5,2019-12-31
4332,336,3,2019-12-31
4333,337,4,2019-12-31
4334,338,4,2019-12-31
4335,339,2,2019-12-31
4336,340,4,2019-12-31
4337,341,2,2019-12-31
4338,342,4,2019-12-31
4339,343,3,2019-12-31
4340,344,2,2019-12-31
4341,345,3,2019-12-31
4342,346,2,2019-12-31
4343,347,3,2019-12-31
4344,349,4,2019-12-31
4345,352,3,2019-12-31
4346,353,3,2019-12-31
4347,354,3,2019-12-31
4348,355,3,2019-12-31
4349,356,2,2019-12-31
4350,357,3,2019-12-31
4351,359,3,2019-12-31
4352,360,4,2019-12-31
4353,362,4,2019-12-31
4354,363,4,2019-12-31
4355,364,3,2019-12-31
4356,365,3,2019-12-31
4357,366,4,2019-12-31
4358,367,3,2019-12-31
4359,368,3,2019-12-31
4360,369,4,2019-12-31
4361,371,2,2019-12-31
4362,372,3,2019-12-31
4363,374,3,2019-12-31
4364,375,4,2019-12-31
4365,376,3,2019-12-31
4366,377,3,2019-12-31
4367,378,3,2019-12-31
4368,379,3,2019-12-31
4369,380,4,2019-12-31
4370,381,4,2019-12-31
4371,382,5,2019-12-31
4372,383,4,2019-12-31
4373,384,3,2019-12-31
4374,385,1,2019-12-31
4375,386,2,2019-12-31
4376,387,5,2019-12-31
4377,388,4,2019-12-31
4378,389,3,2019-12-31
4379,390,3,2019-12-31
4380,391,3,2019-12-31
4381,392,3,2019-12-31
4382,393,3,2019-12-31
4383,394,1,2019-12-31
4384,395,3,2019-12-31
4385,396,3,2019-12-31
4386,397,2,2019-12-31
4387,398,2,2019-12-31
4388,399,4,2019-12-31
4389,400,4,2019-12-31
4390,402,3,2019-12-31
4391,403,3,2019-12-31
4392,404,4,2019-12-31
4393,405,2,2019-12-31
4394,406,3,2019-12-31
4395,407,4,2019-12-31
4396,408,3,2019-12-31
4397,409,3,2019-12-31
4398,410,4,2019-12-31
4399,411,3,2019-12-31
4400,412,3,2019-12-31
4401,413,3,2019-12-31
4402,415,2,2019-12-31
4403,416,5,2019-12-31
4404,417,3,2019-12-31
4405,418,3,2019-12-31
4406,419,2,2019-12-31
4407,421,3,2019-12-31
4408,423,1,2019-12-31
4409,424,2,2019-12-31
4410,425,4,2019-12-31
4411,426,3,2019-12-31
4412,427,1,2019-12-31
4413,428,1,2019-12-31
4414,429,3,2019-12-31
4415,430,2,2019-12-31
4416,431,1,2019-12-31
4417,432,4,2019-12-31
4418,433,3,2019-12-31
4419,434,3,2019-12-31
4420,435,4,2019-12-31
4421,436,5,2019-12-31
4422,437,3,2019-12-31
4423,438,3,2019-12-31
4424,439,3,2019-12-31
4425,440,3,2019-12-31
4426,442,2,2019-12-31
4427,443,5,2019-12-31
4428,444,3,2019-12-31
4429,445,4,2019-12-31
4430,446,4,2019-12-31
4431,447,2,2019-12-31
4432,448,4,2019-12-31
4433,449,3,2019-12-31
4434,450,4,2019-12-31
4435,451,3,2019-12-31
4436,452,3,2019-12-31
4437,453,5,2019-12-31
4438,454,3,2019-12-31
4439,455,3,2019-12-31
4440,456,3,2019-12-31
4441,457,3,2019-12-31
4442,458,1,2019-12-31
4443,460,5,2019-12-31
4444,462,3,2019-12-31
4445,463,3,2019-12-31
4446,464,3,2019-12-31
4447,465,4,2019-12-31
4448,466,3,2019-12-31
4449,467,3,2019-12-31
4450,468,1,2019-12-31
4451,469,2,2019-12-31
4452,470,4,2019-12-31
4453,471,3,2019-12-31
4454,472,3,2019-12-31
4455,473,4,2019-12-31
4456,474,2,2019-12-31
4457,475,3,2019-12-31
4458,476,2,2019-12-31
4459,478,1,2019-12-31
4460,479,1,2019-12-31
4461,480,3,2019-12-31
4462,483,3,2019-12-31
4463,484,3,2019-12-31
4464,485,3,2019-12-31
4465,487,3,2019-12-31
4466,490,3,2019-12-31
4467,491,1,2019-12-31
4468,492,5,2019-12-31
4469,493,1,2019-12-31
4470,494,2,2019-12-31
4471,495,5,2019-12-31
4472,496,3,2019-12-31
4473,497,2,2019-12-31
4474,498,3,2019-12-31
4475,499,4,2019-12-31
4476,501,5,2019-12-31
4477,503,2,2019-12-31
4478,504,3,2019-12-31
4479,505,3,2019-12-31
4480,506,5,2019-12-31
4481,507,3,2019-12-31
4482,508,3,2019-12-31
4483,509,3,2019-12-31
4484,510,2,2019-12-31
4485,511,5,2019-12-31
4486,512,3,2019-12-31
4487,515,4,2019-12-31
4488,516,3,2019-12-31
4489,517,2,2019-12-31
4490,518,1,2019-12-31
4491,519,3,2019-12-31
4492,520,3,2019-12-31
4493,521,3,2019-12-31
4494,522,3,2019-12-31
4495,523,3,2019-12-31
4496,524,3,2019-12-31
4497,526,3,2019-12-31
4498,527,3,2019-12-31
4499,528,4,2019-12-31
4500,529,2,2019-12-31
4501,530,4,2019-12-31
4502,532,2,2019-12-31
4503,533,4,2019-12-31
4504,534,2,2019-12-31
4505,535,4,2019-12-31
4506,536,3,2019-12-31
4507,537,3,2019-12-31
4508,538,3,2019-12-31
4509,539,1,2019-12-31
4510,540,2,2019-12-31
4511,541,3,2019-12-31
4512,542,5,2019-12-31
4513,543,3,2019-12-31
4514,544,1,2019-12-31
4515,545,2,2019-12-31
4516,546,4,2019-12-31
4517,547,2,2019-12-31
4518,548,4,2019-12-31
4519,549,4,2019-12-31
4520,550,1,2019-12-31
4521,551,3,2019-12-31
4522,552,3,2019-12-31
4523,553,3,2019-12-31
4524,554,4,2019-12-31
4525,555,2,2019-12-31
4526,556,3,2019-12-31
4527,558,3,2019-12-31
4528,559,3,2019-12-31
4529,560,3,2019-12-31
4530,561,4,2019-12-31
4531,562,3,2019-12-31
4532,563,3,2019-12-31
4533,565,2,2019-12-31
4534,566,4,2019-12-31
4535,567,2,2019-12-31
4536,568,4,2019-12-31
4537,569,2,2019-12-31
4538,570,2,2019-12-31
4539,572,3,2019-12-31
4540,574,3,2019-12-31
4541,575,3,2019-12-31
4542,576,1,2019-12-31
4543,577,1,2019-12-31
4544,578,3,2019-12-31
4545,579,1,2019-12-31
4546,581,2,2019-12-31
4547,583,2,2019-12-31
4548,584,2,2019-12-31
4549,585,3,2019-12-31
4550,586,1,2019-12-31
4551,588,1,2019-12-31
4552,589,3,2019-12-31
4553,590,3,2019-12-31
4554,591,3,2019-12-31
4555,593,3,2019-12-31
4556,594,1,2019-12-31
4557,595,3,2019-12-31
4558,596,3,2019-12-31
4559,597,2,2019-12-31
4560,598,4,2019-12-31
4561,600,3,2019-12-31
4562,601,1,2019-12-31
4563,602,3,2019-12-31
4564,604,3,2019-12-31
4565,605,2,2019-12-31
4566,606,4,2019-12-31
4567,607,3,2019-12-31
4568,610,5,2019-12-31
4569,611,4,2019-12-31
4570,612,2,2019-12-31
4571,613,2,2019-12-31
4572,614,4,2019-12-31
4573,615,3,2019-12-31
4574,616,2,2019-12-31
4575,617,2,2019-12-31
4576,618,5,2019-12-31
4577,619,4,2019-12-31
4578,622,2,2019-12-31
4579,623,3,2019-12-31
4580,624,4,2019-12-31
4581,626,4,2019-12-31
4582,627,3,2019-12-31
4583,629,3,2019-12-31
4584,632,4,2019-12-31
4585,633,4,2019-12-31
4586,634,2,2019-12-31
4587,635,4,2019-12-31
4588,636,4,2019-12-31
4589,638,2,2019-12-31
4590,639,3,2019-12-31
4591,640,4,2019-12-31
4592,641,3,2019-12-31
4593,642,5,2019-12-31
4594,643,3,2019-12-31
4595,644,3,2019-12-31
4596,645,1,2019-12-31
4597,646,2,2019-12-31
4598,651,4,2019-12-31
4599,652,2,2019-12-31
4600,653,4,2019-12-31
4601,654,3,2019-12-31
4602,655,2,2019-12-31
4603,656,5,2019-12-31
4604,657,3,2019-12-31
4605,658,2,2019-12-31
4606,659,2,2019-12-31
4607,660,1,2019-12-31
4608,661,4,2019-12-31
4609,664,4,2019-12-31
4610,666,3,2019-12-31
4611,667,5,2019-12-31
4612,668,5,2019-12-31
4613,669,2,2019-12-31
4614,670,3,2019-12-31
4615,672,4,2019-12-31
4616,673,2,2019-12-31
4617,675,3,2019-12-31
4618,677,3,2019-12-31
4619,678,3,2019-12-31
4620,679,3,2019-12-31
4621,680,4,2019-12-31
4622,681,5,2019-12-31
4623,682,4,2019-12-31
4624,683,3,2019-12-31
4625,684,3,2019-12-31
4626,685,2,2019-12-31
4627,686,3,2019-12-31
4628,688,3,2019-12-31
4629,689,4,2019-12-31
4630,690,4,2019-12-31
4631,691,3,2019-12-31
4632,692,1,2019-12-31
4633,693,5,2019-12-31
4634,694,3,2019-12-31
4635,695,3,2019-12-31
4636,696,3,2019-12-31
4637,698,3,2019-12-31
4638,699,3,2019-12-31
4639,700,3,2019-12-31
4640,702,3,2019-12-31
4641,703,2,2019-12-31
4642,704,3,2019-12-31
4643,705,4,2019-12-31
4644,708,4,2019-12-31
4645,709,4,2019-12-31
4646,710,2,2019-12-31
4647,711,3,2019-12-31
4648,712,3,2019-12-31
4649,713,3,2019-12-31
4650,714,3,2019-12-31
4651,715,4,2019-12-31
4652,716,4,2019-12-31
4653,717,2,2019-12-31
4654,718,3,2019-12-31
4655,719,3,2019-12-31
4656,720,1,2019-12-31
4657,721,3,2019-12-31
4658,723,2,2019-12-31
4659,724,5,2019-12-31
4660,725,3,2019-12-31
4661,726,3,2019-12-31
4662,727,4,2019-12-31
4663,728,2,2019-12-31
4664,729,3,2019-12-31
4665,730,2,2019-12-31
4666,731,4,2019-12-31
4667,732,3,2019-12-31
4668,735,2,2019-12-31
4669,736,4,2019-12-31
4670,737,2,2019-12-31
4671,738,2,2019-12-31
4672,739,5,2019-12-31
4673,740,2,2019-12-31
4674,741,3,2019-12-31
4675,742,3,2019-12-31
4676,743,4,2019-12-31
4677,744,3,2019-12-31
4678,745,1,2019-12-31
4679,746,1,2019-12-31
4680,747,2,2019-12-31
4681,748,3,2019-12-31
4682,749,2,2019-12-31
4683,750,2,2019-12-31
4684,751,4,2019-12-31
4685,752,1,2019-12-31
4686,753,3,2019-12-31
4687,754,2,2019-12-31
4688,755,2,2019-12-31
4689,757,3,2019-12-31
4690,758,4,2019-12-31
4691,759,4,2019-12-31
4692,760,1,2019-12-31
4693,761,2,2019-12-31
4694,762,3,2019-12-31
4695,763,2,2019-12-31
4696,764,2,2019-12-31
4697,765,3,2019-12-31
4698,767,3,2019-12-31
4699,768,1,2019-12-31
4700,770,1,2019-12-31
4701,771,1,2019-12-31
4702,772,5,2019-12-31
4703,773,3,2019-12-31
4704,774,3,2019-12-31
4705,775,3,2019-12-31
4706,776,3,2019-12-31
4707,777,4,2019-12-31
4708,778,3,2019-12-31
4709,783,4,2019-12-31
4710,784,3,2019-12-31
4711,785,3,2019-12-31
4712,787,4,2019-12-31
4713,788,5,2019-12-31
4714,789,2,2019-12-31
4715,790,5,2019-12-31
4716,791,3,2019-12-31
4717,792,4,2019-12-31
4718,793,3,2019-12-31
4719,795,4,2019-12-31
4720,796,4,2019-12-31
4721,797,2,2019-12-31
4722,798,3,2019-12-31
4723,800,2,2019-12-31
4724,801,3,2019-12-31
4725,803,2,2019-12-31
4726,805,3,2019-12-31
4727,806,4,2019-12-31
4728,807,3,2019-12-31
4729,808,3,2019-12-31
4730,809,4,2019-12-31
4731,810,3,2019-12-31
4732,812,1,2019-12-31
4733,813,4,2019-12-31
4734,815,3,2019-12-31
4735,816,1,2019-12-31
4736,817,2,2019-12-31
4737,818,2,2019-12-31
4738,819,2,2019-12-31
4739,820,1,2019-12-31
4740,821,3,2019-12-31
4741,823,2,2019-12-31
4742,824,2,2019-12-31
4743,825,2,2019-12-31
4744,826,3,2019-12-31
4745,827,2,2019-12-31
4746,828,4,2019-12-31
4747,829,2,2019-12-31
4748,830,1,2019-12-31
4749,831,1,2019-12-31
4750,832,4,2019-12-31
4751,833,3,2019-12-31
4752,836,5,2019-12-31
4753,838,4,2019-12-31
4754,840,2,2019-12-31
4755,841,3,2019-12-31
4756,842,3,2019-12-31
4757,843,1,2019-12-31
4758,844,5,2019-12-31
4759,846,3,2019-12-31
4760,847,1,2019-12-31
4761,848,3,2019-12-31
4762,849,2,2019-12-31
4763,850,4,2019-12-31
4764,851,2,2019-12-31
4765,852,5,2019-12-31
4766,853,3,2019-12-31
4767,854,4,2019-12-31
4768,855,3,2019-12-31
4769,856,3,2019-12-31
4770,857,5,2019-12-31
4771,859,4,2019-12-31
4772,860,1,2019-12-31
4773,861,2,2019-12-31
4774,863,2,2019-12-31
4775,864,2,2019-12-31
4776,865,1,2019-12-31
4777,866,5,2019-12-31
4778,867,5,2019-12-31
4779,868,5,2019-12-31
4780,869,2,2019-12-31
4781,870,1,2019-12-31
4782,871,3,2019-12-31
4783,873,4,2019-12-31
4784,874,3,2019-12-31
4785,875,1,2019-12-31
4786,876,2,2019-12-31
4787,877,5,2019-12-31
4788,878,3,2019-12-31
4789,879,1,2019-12-31
4790,880,2,2019-12-31
4791,881,4,2019-12-31
4792,883,5,2019-12-31
4793,884,1,2019-12-31
4794,885,3,2019-12-31
4795,886,3,2019-12-31
4796,887,2,2019-12-31
4797,888,2,2019-12-31
4798,889,4,2019-12-31
4799,890,2,2019-12-31
4800,891,2,2019-12-31
4801,892,4,2019-12-31
4802,893,2,2019-12-31
4803,894,4,2019-12-31
4804,895,4,2019-12-31
4805,896,5,2019-12-31
4806,897,3,2019-12-31
4807,898,5,2019-12-31
4808,899,3,2019-12-31
4809,900,2,2019-12-31
4810,901,3,2019-12-31
4811,902,5,2019-12-31
4812,903,5,2019-12-31
4813,904,2,2019-12-31
4814,905,3,2019-12-31
4815,906,2,2019-12-31
4816,907,1,2019-12-31
4817,908,4,2019-12-31
4818,910,2,2019-12-31
4819,911,4,2019-12-31
4820,912,2,2019-12-31
4821,913,4,2019-12-31
4822,914,5,2019-12-31
4823,915,5,2019-12-31
4824,916,2,2019-12-31
4825,918,1,2019-12-31
4826,919,4,2019-12-31
4827,920,2,2019-12-31
4828,921,4,2019-12-31
4829,922,3,2019-12-31
4830,923,4,2019-12-31
4831,924,3,2019-12-31
4832,925,2,2019-12-31
4833,926,4,2019-12-31
4834,927,4,2019-12-31
4835,928,4,2019-12-31
4836,929,1,2019-12-31
4837,930,2,2019-12-31
4838,931,1,2019-12-31
4839,932,2,2019-12-31
4840,933,5,2019-12-31
4841,934,5,2019-12-31
4842,935,2,2019-12-31
4843,936,5,2019-12-31
4844,937,4,2019-12-31
4845,938,3,2019-12-31
4846,939,3,2019-12-31
4847,941,2,2019-12-31
4848,942,3,2019-12-31
4849,943,3,2019-12-31
4850,946,3,2019-12-31
4851,947,3,2019-12-31
4852,948,2,2019-12-31
4853,949,3,2019-12-31
4854,950,4,2019-12-31
4855,951,2,2019-12-31
4856,952,2,2019-12-31
4857,953,3,2019-12-31
4858,954,4,2019-12-31
4859,956,2,2019-12-31
4860,957,4,2019-12-31
4861,960,4,2019-12-31
4862,961,3,2019-12-31
4863,962,4,2019-12-31
4864,963,3,2019-12-31
4865,964,3,2019-12-31
4866,965,3,2019-12-31
4867,966,3,2019-12-31
4868,967,1,2019-12-31
4869,968,3,2019-12-31
4870,969,3,2019-12-31
4871,970,4,2019-12-31
4872,971,4,2019-12-31
4873,972,4,2019-12-31
4874,973,2,2019-12-31
4875,974,2,2019-12-31
4876,975,3,2019-12-31
4877,977,3,2019-12-31
4878,978,1,2019-12-31
4879,979,1,2019-12-31
4880,980,2,2019-12-31
4881,981,2,2019-12-31
4882,982,3,2019-12-31
4883,983,4,2019-12-31
4884,984,3,2019-12-31
4885,986,3,2019-12-31
4886,987,1,2019-12-31
4887,989,3,2019-12-31
4888,990,3,2019-12-31
4889,991,3,2019-12-31
4890,992,1,2019-12-31
4891,993,2,2019-12-31
4892,994,2,2019-12-31
4893,995,4,2019-12-31
4894,997,3,2019-12-31
4895,998,3,2019-12-31
4896,999,3,2019-12-31
4897,1000,2,2019-12-31
4898,1001,4,2019-12-31
4899,1002,4,2019-12-31
4900,1003,1,2019-12-31
4901,1004,3,2019-12-31
4902,1005,2,2019-12-31
4903,1007,3,2019-12-31
4904,1008,2,2019-12-31
4905,1009,3,2019-12-31
4906,1010,5,2019-12-31
4907,1011,2,2019-12-31
4908,1012,2,2019-12-31
4909,1013,3,2019-12-31
4910,1014,5,2019-12-31
4911,1015,2,2019-12-31
4912,1016,2,2019-12-31
4913,1017,2,2019-12-31
4914,1018,3,2019-12-31
4915,1020,3,2019-12-31
4916,1021,2,2019-12-31
4917,1022,4,2019-12-31
4918,1023,2,2019-12-31
4919,1024,2,2019-12-31
4920,1025,3,2019-12-31
4921,1026,1,2019-12-31
4922,1027,5,2019-12-31
4923,1029,1,2019-12-31
4924,1030,2,2019-12-31
4925,1031,4,2019-12-31
4926,1032,3,2019-12-31
4927,1033,3,2019-12-31
4928,1034,2,2019-12-31
4929,1035,2,2019-12-31
4930,1036,3,2019-12-31
4931,1037,1,2019-12-31
4932,1038,4,2019-12-31
4933,1039,2,2019-12-31
4934,1041,3,2019-12-31
4935,1043,4,2019-12-31
4936,1044,4,2019-12-31
4937,1045,5,2019-12-31
4938,1047,4,2019-12-31
4939,1048,3,2019-12-31
4940,1049,3,2019-12-31
4941,1050,3,2019-12-31
4942,1051,5,2019-12-31
4943,1054,4,2019-12-31
4944,1055,3,2019-12-31
4945,1057,3,2019-12-31
4946,1058,3,2019-12-31
4947,1059,3,2019-12-31
4948,1060,4,2019-12-31
4949,1061,3,2019-12-31
4950,1062,4,2019-12-31
4951,1063,1,2019-12-31
4952,1064,3,2019-12-31
4953,1065,2,2019-12-31
4954,1066,3,2019-12-31
4955,1067,5,2019-12-31
4956,1068,3,2019-12-31
4957,1069,4,2019-12-31
4958,1070,4,2019-12-31
4959,1072,3,2019-12-31
4960,1073,1,2019-12-31
4961,1074,2,2019-12-31
4962,1075,5,2019-12-31
4963,1076,2,2019-12-31
4964,1077,3,2019-12-31
4965,1078,1,2019-12-31
4966,1079,3,2019-12-31
4967,1080,3,2019-12-31
4968,1081,2,2019-12-31
4969,1082,3,2019-12-31
4970,1083,4,2019-12-31
4971,1084,3,2019-12-31
4972,1085,2,2019-12-31
4973,1086,3,2019-12-31
4974,1087,3,2019-12-31
4975,1088,2,2019-12-31
4976,1089,3,2019-12-31
4977,1090,3,2019-12-31
4978,1091,1,2019-12-31
4979,1092,4,2019-12-31
4980,1093,3,2019-12-31
4981,1094,2,2019-12-31
4982,1095,3,2019-12-31
4983,1096,2,2019-12-31
4984,1097,3,2019-12-31
4985,1098,5,2019-12-31
4986,1101,3,2019-12-31
4987,1102,4,2019-12-31
4988,1103,2,2019-12-31
4989,1104,2,2019-12-31
4990,1105,3,2019-12-31
4991,1106,4,2019-12-31
4992,1107,1,2019-12-31
4993,1108,4,2019-12-31
4994,1109,3,2019-12-31
4995,1110,1,2019-12-31
4996,1111,4,2019-12-31
4997,1112,2,2019-12-31
4998,1113,1,2019-12-31
4999,1114,3,2019-12-31
5000,1115,1,2019-12-31
5001,1116,3,2019-12-31
5002,1117,2,2019-12-31
5003,1119,2,2019-12-31
5004,1121,3,2019-12-31
5005,1122,3,2019-12-31
5006,1123,3,2019-12-31
5007,1124,2,2019-12-31
5008,1125,2,2019-12-31
5009,1126,3,2019-12-31
5010,1127,3,2019-12-31
5011,1128,3,2019-12-31
5012,1129,3,2019-12-31
5013,1130,3,2019-12-31
5014,1131,3,2019-12-31
5015,1132,1,2019-12-31
5016,1133,5,2019-12-31
5017,1134,3,2019-12-31
5018,1135,3,2019-12-31
5019,1136,1,2019-12-31
5020,1137,5,2019-12-31
5021,1138,5,2019-12-31
5022,1140,4,2019-12-31
5023,1141,1,2019-12-31
5024,1142,3,2019-12-31
5025,1143,4,2019-12-31
5026,1145,3,2019-12-31
5027,1146,1,2019-12-31
5028,1147,4,2019-12-31
5029,1148,3,2019-12-31
5030,1150,3,2019-12-31
5031,1151,4,2019-12-31
5032,1152,3,2019-12-31
5033,1153,3,2019-12-31
5034,1154,4,2019-12-31
5035,1155,3,2019-12-31
5036,1157,3,2019-12-31
5037,1158,3,2019-12-31
5038,1160,3,2019-12-31
5039,1161,3,2019-12-31
5040,1162,3,2019-12-31
5041,1163,4,2019-12-31
5042,1164,2,2019-12-31
5043,1165,2,2019-12-31
5044,1166,3,2019-12-31
5045,1167,3,2019-12-31
5046,1169,2,2019-12-31
5047,1170,1,2019-12-31
5048,1171,3,2019-12-31
5049,1172,5,2019-12-31
5050,1174,3,2019-12-31
5051,1175,3,2019-12-31
5052,1177,2,2019-12-31
5053,1178,5,2019-12-31
5054,1179,1,2019-12-31
5055,1180,3,2019-12-31
5056,1181,2,2019-12-31
5057,1182,2,2019-12-31
5058,1183,1,2019-12-31
5059,1184,2,2019-12-31
5060,1185,3,2019-12-31
5061,1186,2,2019-12-31
5062,1187,1,2019-12-31
5063,1188,4,2019-12-31
5064,1189,1,2019-12-31
5065,1190,1,2019-12-31
5066,1191,3,2019-12-31
5067,1192,3,2019-12-31
5068,1193,3,2019-12-31
5069,1194,3,2019-12-31
5070,1195,3,2019-12-31
5071,1196,2,2019-12-31
5072,1197,1,2019-12-31
5073,1199,2,2019-12-31
5074,1200,3,2019-12-31
5075,1201,1,2019-12-31
5076,1202,3,2019-12-31
5077,1203,3,2019-12-31
5078,1204,5,2019-12-31
5079,1205,3,2019-12-31
5080,1206,5,2019-12-31
5081,1207,2,2019-12-31
5082,1208,4,2019-12-31
5083,1209,2,2019-12-31
5084,1210,2,2019-12-31
5085,1211,3,2019-12-31
5086,1212,1,2019-12-31
5087,1213,3,2019-12-31
5088,1214,3,2019-12-31
5089,1216,5,2019-12-31
5090,1217,3,2019-12-31
5091,1218,2,2019-12-31
5092,1219,2,2019-12-31
5093,1220,2,2019-12-31
5094,1221,5,2019-12-31
5095,1222,5,2019-12-31
5096,1223,3,2019-12-31
5097,1224,3,2019-12-31
5098,1226,3,2019-12-31
5099,1227,3,2019-12-31
5100,1228,5,2019-12-31
5101,1229,2,2019-12-31
5102,1230,2,2019-12-31
5103,1231,5,2019-12-31
5104,1232,1,2019-12-31
5105,1233,2,2019-12-31
5106,1234,4,2019-12-31
5107,1235,5,2019-12-31
5108,1236,3,2019-12-31
5109,1237,5,2019-12-31
5110,1238,4,2019-12-31
5111,1239,3,2019-12-31
5112,1240,2,2019-12-31
5113,1241,2,2019-12-31
5114,1242,3,2019-12-31
5115,1243,3,2019-12-31
5116,1245,4,2019-12-31
5117,1246,1,2019-12-31
5118,1247,4,2019-12-31
5119,1248,4,2019-12-31
5120,1249,3,2019-12-31
5121,1250,2,2019-12-31
5122,1251,5,2019-12-31
5123,1252,4,2019-12-31
5124,1253,1,2019-12-31
5125,1254,4,2019-12-31
5126,1255,2,2019-12-31
5127,1256,3,2019-12-31
5128,1257,3,2019-12-31
5129,1258,3,2019-12-31
5130,1259,4,2019-12-31
5131,1260,4,2019-12-31
5132,1261,2,2019-12-31
5133,1262,4,2019-12-31
5134,1263,2,2019-12-31
5135,1264,2,2019-12-31
5136,1265,2,2019-12-31
5137,1266,3,2019-12-31
5138,1267,5,2019-12-31
5139,1268,4,2019-12-31
5140,1269,5,2019-12-31
5141,1270,2,2019-12-31
5142,1271,3,2019-12-31
5143,1272,1,2019-12-31
5144,1273,2,2019-12-31
5145,1274,3,2019-12-31
5146,1275,2,2019-12-31
5147,1276,3,2019-12-31
5148,1277,2,2019-12-31
5149,1278,5,2019-12-31
5150,1279,1,2019-12-31
5151,1280,2,2019-12-31
5152,1281,3,2019-12-31
5153,1282,1,2019-12-31
5154,1315,2,2019-12-31
5155,2,3,2020-12-31
5156,4,4,2020-12-31
5157,6,4,2020-12-31
5158,8,4,2020-12-31
5159,10,4,2020-12-31
5160,11,3,2020-12-31
5161,12,3,2020-12-31
5162,13,3,2020-12-31
5163,14,4,2020-12-31
5164,15,5,2020-12-31
5165,16,2,2020-12-31
5166,17,4,2020-12-31
5167,18,3,2020-12-31
5168,19,4,2020-12-31
5169,20,3,2020-12-31
5170,21,3,2020-12-31
5171,22,5,2020-12-31
5172,23,4,2020-12-31
5173,24,2,2020-12-31
5174,25,4,2020-12-31
5175,26,3,2020-12-31
5176,27,2,2020-12-31
5177,28,3,2020-12-31
5178,29,4,2020-12-31
5179,30,3,2020-12-31
5180,32,2,2020-12-31
5181,33,2,2020-12-31
5182,34,1,2020-12-31
5183,35,2,2020-12-31
5184,36,4,2020-12-31
5185,37,2,2020-12-31
5186,38,4,2020-12-31
5187,39,4,2020-12-31
5188,41,4,2020-12-31
5189,44,2,2020-12-31
5190,45,3,2020-12-31
5191,46,4,2020-12-31
5192,47,4,2020-12-31
5193,48,3,2020-12-31
5194,50,2,2020-12-31
5195,51,1,2020-12-31
5196,54,3,2020-12-31
5197,55,3,2020-12-31
5198,56,3,2020-12-31
5199,57,4,2020-12-31
5200,58,3,2020-12-31
5201,59,2,2020-12-31
5202,60,5,2020-12-31
5203,62,3,2020-12-31
5204,64,4,2020-12-31
5205,65,4,2020-12-31
5206,66,3,2020-12-31
5207,67,3,2020-12-31
5208,68,3,2020-12-31
5209,69,3,2020-12-31
5210,70,2,2020-12-31
5211,72,4,2020-12-31
5212,74,5,2020-12-31
5213,75,4,2020-12-31
5214,77,3,2020-12-31
5215,78,5,2020-12-31
5216,79,3,2020-12-31
5217,80,5,2020-12-31
5218,81,3,2020-12-31
5219,83,3,2020-12-31
5220,84,3,2020-12-31
5221,85,5,2020-12-31
5222,86,5,2020-12-31
5223,87,3,2020-12-31
5224,88,4,2020-12-31
5225,89,3,2020-12-31
5226,90,4,2020-12-31
5227,91,2,2020-12-31
5228,92,2,2020-12-31
5229,93,3,2020-12-31
5230,94,5,2020-12-31
5231,96,4,2020-12-31
5232,97,3,2020-12-31
5233,98,1,2020-12-31
5234,99,4,2020-12-31
5235,100,3,2020-12-31
5236,101,2,2020-12-31
5237,102,4,2020-12-31
5238,104,5,2020-12-31
5239,105,3,2020-12-31
5240,106,3,2020-12-31
5241,107,2,2020-12-31
5242,108,5,2020-12-31
5243,109,4,2020-12-31
5244,110,1,2020-12-31
5245,111,1,2020-12-31
5246,112,3,2020-12-31
5247,113,2,2020-12-31
5248,114,3,2020-12-31
5249,115,4,2020-12-31
5250,116,5,2020-12-31
5251,118,4,2020-12-31
5252,119,3,2020-12-31
5253,121,5,2020-12-31
5254,122,2,2020-12-31
5255,123,5,2020-12-31
5256,125,4,2020-12-31
5257,127,1,2020-12-31
5258,128,3,2020-12-31
5259,129,3,2020-12-31
5260,130,3,2020-12-31
5261,131,1,2020-12-31
5262,134,4,2020-12-31
5263,135,2,2020-12-31
5264,136,3,2020-12-31
5265,137,3,2020-12-31
5266,139,3,2020-12-31
5267,143,4,2020-12-31
5268,144,3,2020-12-31
5269,145,4,2020-12-31
5270,146,3,2020-12-31
5271,148,5,2020-12-31
5272,149,1,2020-12-31
5273,150,1,2020-12-31
5274,151,3,2020-12-31
5275,152,4,2020-12-31
5276,154,3,2020-12-31
5277,155,3,2020-12-31
5278,156,1,2020-12-31
5279,157,5,2020-12-31
5280,159,5,2020-12-31
5281,160,4,2020-12-31
5282,161,4,2020-12-31
5283,162,2,2020-12-31
5284,163,4,2020-12-31
5285,166,1,2020-12-31
5286,168,3,2020-12-31
5287,169,3,2020-12-31
5288,170,5,2020-12-31
5289,171,1,2020-12-31
5290,172,3,2020-12-31
5291,174,2,2020-12-31
5292,176,3,2020-12-31
5293,177,4,2020-12-31
5294,179,3,2020-12-31
5295,180,2,2020-12-31
5296,181,2,2020-12-31
5297,182,3,2020-12-31
5298,185,4,2020-12-31
5299,186,5,2020-12-31
5300,187,2,2020-12-31
5301,188,3,2020-12-31
5302,189,3,2020-12-31
5303,191,4,2020-12-31
5304,192,3,2020-12-31
5305,193,1,2020-12-31
5306,194,4,2020-12-31
5307,195,5,2020-12-31
5308,196,3,2020-12-31
5309,197,4,2020-12-31
5310,198,3,2020-12-31
5311,200,3,2020-12-31
5312,203,3,2020-12-31
5313,204,2,2020-12-31
5314,205,3,2020-12-31
5315,206,4,2020-12-31
5316,208,2,2020-12-31
5317,209,3,2020-12-31
5318,212,4,2020-12-31
5319,213,3,2020-12-31
5320,216,3,2020-12-31
5321,218,3,2020-12-31
5322,219,2,2020-12-31
5323,220,3,2020-12-31
5324,221,1,2020-12-31
5325,222,3,2020-12-31
5326,223,3,2020-12-31
5327,224,3,2020-12-31
5328,225,3,2020-12-31
5329,227,2,2020-12-31
5330,229,3,2020-12-31
5331,230,4,2020-12-31
5332,231,3,2020-12-31
5333,232,2,2020-12-31
5334,235,3,2020-12-31
5335,236,1,2020-12-31
5336,237,3,2020-12-31
5337,238,3,2020-12-31
5338,239,3,2020-12-31
5339,240,3,2020-12-31
5340,241,3,2020-12-31
5341,242,2,2020-12-31
5342,243,3,2020-12-31
5343,244,4,2020-12-31
5344,245,3,2020-12-31
5345,246,5,2020-12-31
5346,247,4,2020-12-31
5347,248,4,2020-12-31
5348,249,3,2020-12-31
5349,251,4,2020-12-31
5350,252,3,2020-12-31
5351,253,4,2020-12-31
5352,255,3,2020-12-31
5353,256,3,2020-12-31
5354,258,5,2020-12-31
5355,259,4,2020-12-31
5356,260,4,2020-12-31
5357,261,4,2020-12-31
5358,262,3,2020-12-31
5359,263,3,2020-12-31
5360,264,3,2020-12-31
5361,265,5,2020-12-31
5362,267,2,2020-12-31
5363,268,3,2020-12-31
5364,269,3,2020-12-31
5365,270,2,2020-12-31
5366,271,4,2020-12-31
5367,272,3,2020-12-31
5368,274,2,2020-12-31
5369,276,4,2020-12-31
5370,277,2,2020-12-31
5371,278,3,2020-12-31
5372,279,4,2020-12-31
5373,280,3,2020-12-31
5374,281,1,2020-12-31
5375,282,4,2020-12-31
5376,283,3,2020-12-31
5377,284,4,2020-12-31
5378,286,2,2020-12-31
5379,287,3,2020-12-31
5380,288,3,2020-12-31
5381,289,3,2020-12-31
5382,291,3,2020-12-31
5383,292,4,2020-12-31
5384,294,4,2020-12-31
5385,295,3,2020-12-31
5386,296,5,2020-12-31
5387,297,5,2020-12-31
5388,298,2,2020-12-31
5389,299,4,2020-12-31
5390,302,3,2020-12-31
5391,304,4,2020-12-31
5392,305,3,2020-12-31
5393,306,2,2020-12-31
5394,307,5,2020-12-31
5395,308,4,2020-12-31
5396,310,4,2020-12-31
5397,312,4,2020-12-31
5398,313,3,2020-12-31
5399,315,3,2020-12-31
5400,316,3,2020-12-31
5401,317,2,2020-12-31
5402,318,3,2020-12-31
5403,319,3,2020-12-31
5404,320,3,2020-12-31
5405,323,3,2020-12-31
5406,324,1,2020-12-31
5407,325,5,2020-12-31
5408,326,3,2020-12-31
5409,327,4,2020-12-31
5410,329,5,2020-12-31
5411,330,2,2020-12-31
5412,331,2,2020-12-31
5413,332,2,2020-12-31
5414,333,4,2020-12-31
5415,334,3,2020-12-31
5416,335,2,2020-12-31
5417,336,3,2020-12-31
5418,337,4,2020-12-31
5419,338,3,2020-12-31
5420,339,3,2020-12-31
5421,340,2,2020-12-31
5422,341,3,2020-12-31
5423,342,3,2020-12-31
5424,343,2,2020-12-31
5425,344,4,2020-12-31
5426,345,4,2020-12-31
5427,346,3,2020-12-31
5428,347,4,2020-12-31
5429,349,1,2020-12-31
5430,352,5,2020-12-31
5431,354,3,2020-12-31
5432,355,2,2020-12-31
5433,356,2,2020-12-31
5434,357,3,2020-12-31
5435,359,3,2020-12-31
5436,360,5,2020-12-31
5437,362,4,2020-12-31
5438,363,3,2020-12-31
5439,364,2,2020-12-31
5440,365,4,2020-12-31
5441,366,4,2020-12-31
5442,367,1,2020-12-31
5443,368,3,2020-12-31
5444,369,4,2020-12-31
5445,371,3,2020-12-31
5446,372,3,2020-12-31
5447,374,3,2020-12-31
5448,375,3,2020-12-31
5449,376,2,2020-12-31
5450,377,2,2020-12-31
5451,378,3,2020-12-31
5452,379,3,2020-12-31
5453,380,5,2020-12-31
5454,381,2,2020-12-31
5455,382,2,2020-12-31
5456,383,3,2020-12-31
5457,384,3,2020-12-31
5458,385,5,2020-12-31
5459,386,2,2020-12-31
5460,388,3,2020-12-31
5461,389,5,2020-12-31
5462,390,2,2020-12-31
5463,391,5,2020-12-31
5464,392,2,2020-12-31
5465,393,5,2020-12-31
5466,394,3,2020-12-31
5467,395,3,2020-12-31
5468,396,1,2020-12-31
5469,397,3,2020-12-31
5470,398,3,2020-12-31
5471,399,4,2020-12-31
5472,400,5,2020-12-31
5473,402,2,2020-12-31
5474,403,3,2020-12-31
5475,404,4,2020-12-31
5476,405,2,2020-12-31
5477,406,3,2020-12-31
5478,407,3,2020-12-31
5479,408,3,2020-12-31
5480,410,5,2020-12-31
5481,411,2,2020-12-31
5482,412,3,2020-12-31
5483,413,4,2020-12-31
5484,415,3,2020-12-31
5485,416,3,2020-12-31
5486,417,3,2020-12-31
5487,418,1,2020-12-31
5488,419,3,2020-12-31
5489,421,2,2020-12-31
5490,423,3,2020-12-31
5491,424,4,2020-12-31
5492,425,3,2020-12-31
5493,427,3,2020-12-31
5494,428,3,2020-12-31
5495,429,3,2020-12-31
5496,430,3,2020-12-31
5497,431,2,2020-12-31
5498,432,3,2020-12-31
5499,433,5,2020-12-31
5500,434,2,2020-12-31
5501,435,1,2020-12-31
5502,436,2,2020-12-31
5503,437,4,2020-12-31
5504,438,5,2020-12-31
5505,439,2,2020-12-31
5506,442,4,2020-12-31
5507,443,2,2020-12-31
5508,444,3,2020-12-31
5509,445,2,2020-12-31
5510,446,3,2020-12-31
5511,447,3,2020-12-31
5512,448,1,2020-12-31
5513,449,3,2020-12-31
5514,450,5,2020-12-31
5515,451,4,2020-12-31
5516,452,3,2020-12-31
5517,453,3,2020-12-31
5518,454,2,2020-12-31
5519,455,3,2020-12-31
5520,456,1,2020-12-31
5521,458,5,2020-12-31
5522,460,3,2020-12-31
5523,462,2,2020-12-31
5524,464,2,2020-12-31
5525,465,4,2020-12-31
5526,466,3,2020-12-31
5527,467,2,2020-12-31
5528,468,2,2020-12-31
5529,469,2,2020-12-31
5530,470,3,2020-12-31
5531,471,5,2020-12-31
5532,472,1,2020-12-31
5533,473,5,2020-12-31
5534,474,4,2020-12-31
5535,475,1,2020-12-31
5536,476,4,2020-12-31
5537,478,3,2020-12-31
5538,479,4,2020-12-31
5539,480,3,2020-12-31
5540,483,5,2020-12-31
5541,484,4,2020-12-31
5542,485,3,2020-12-31
5543,487,1,2020-12-31
5544,490,4,2020-12-31
5545,491,3,2020-12-31
5546,492,1,2020-12-31
5547,493,3,2020-12-31
5548,494,3,2020-12-31
5549,496,4,2020-12-31
5550,497,2,2020-12-31
5551,498,3,2020-12-31
5552,499,2,2020-12-31
5553,501,2,2020-12-31
5554,504,4,2020-12-31
5555,505,3,2020-12-31
5556,506,3,2020-12-31
5557,507,3,2020-12-31
5558,508,4,2020-12-31
5559,509,3,2020-12-31
5560,510,3,2020-12-31
5561,511,4,2020-12-31
5562,512,1,2020-12-31
5563,515,5,2020-12-31
5564,516,3,2020-12-31
5565,517,2,2020-12-31
5566,518,2,2020-12-31
5567,519,3,2020-12-31
5568,520,3,2020-12-31
5569,521,3,2020-12-31
5570,522,1,2020-12-31
5571,523,3,2020-12-31
5572,524,2,2020-12-31
5573,526,2,2020-12-31
5574,527,5,2020-12-31
5575,528,4,2020-12-31
5576,529,5,2020-12-31
5577,530,3,2020-12-31
5578,532,3,2020-12-31
5579,533,2,2020-12-31
5580,534,3,2020-12-31
5581,535,2,2020-12-31
5582,536,2,2020-12-31
5583,537,3,2020-12-31
5584,538,3,2020-12-31
5585,539,2,2020-12-31
5586,540,2,2020-12-31
5587,541,2,2020-12-31
5588,542,5,2020-12-31
5589,543,4,2020-12-31
5590,544,3,2020-12-31
5591,545,3,2020-12-31
5592,546,3,2020-12-31
5593,547,3,2020-12-31
5594,548,5,2020-12-31
5595,549,2,2020-12-31
5596,550,3,2020-12-31
5597,551,3,2020-12-31
5598,552,2,2020-12-31
5599,553,2,2020-12-31
5600,554,3,2020-12-31
5601,555,3,2020-12-31
5602,556,3,2020-12-31
5603,558,3,2020-12-31
5604,559,3,2020-12-31
5605,560,3,2020-12-31
5606,561,4,2020-12-31
5607,562,5,2020-12-31
5608,565,4,2020-12-31
5609,566,4,2020-12-31
5610,567,3,2020-12-31
5611,568,2,2020-12-31
5612,569,3,2020-12-31
5613,570,1,2020-12-31
5614,572,3,2020-12-31
5615,574,3,2020-12-31
5616,575,3,2020-12-31
5617,576,3,2020-12-31
5618,577,4,2020-12-31
5619,578,3,2020-12-31
5620,579,1,2020-12-31
5621,581,1,2020-12-31
5622,583,2,2020-12-31
5623,584,3,2020-12-31
5624,585,2,2020-12-31
5625,586,4,2020-12-31
5626,588,3,2020-12-31
5627,589,4,2020-12-31
5628,590,4,2020-12-31
5629,591,3,2020-12-31
5630,593,3,2020-12-31
5631,594,2,2020-12-31
5632,595,3,2020-12-31
5633,596,5,2020-12-31
5634,597,1,2020-12-31
5635,598,1,2020-12-31
5636,600,3,2020-12-31
5637,601,4,2020-12-31
5638,602,4,2020-12-31
5639,604,3,2020-12-31
5640,605,4,2020-12-31
5641,606,5,2020-12-31
5642,607,3,2020-12-31
5643,610,1,2020-12-31
5644,611,2,2020-12-31
5645,612,3,2020-12-31
5646,613,3,2020-12-31
5647,614,2,2020-12-31
5648,615,4,2020-12-31
5649,616,3,2020-12-31
5650,617,5,2020-12-31
5651,618,2,2020-12-31
5652,619,4,2020-12-31
5653,622,4,2020-12-31
5654,623,3,2020-12-31
5655,627,1,2020-12-31
5656,629,5,2020-12-31
5657,632,3,2020-12-31
5658,633,2,2020-12-31
5659,634,3,2020-12-31
5660,635,1,2020-12-31
5661,636,3,2020-12-31
5662,638,1,2020-12-31
5663,639,2,2020-12-31
5664,640,3,2020-12-31
5665,642,3,2020-12-31
5666,643,4,2020-12-31
5667,644,5,2020-12-31
5668,645,4,2020-12-31
5669,646,2,2020-12-31
5670,651,3,2020-12-31
5671,652,4,2020-12-31
5672,653,1,2020-12-31
5673,654,3,2020-12-31
5674,655,4,2020-12-31
5675,656,2,2020-12-31
5676,657,4,2020-12-31
5677,658,4,2020-12-31
5678,659,2,2020-12-31
5679,660,4,2020-12-31
5680,661,5,2020-12-31
5681,664,4,2020-12-31
5682,667,2,2020-12-31
5683,668,3,2020-12-31
5684,669,2,2020-12-31
5685,670,5,2020-12-31
5686,672,3,2020-12-31
5687,673,3,2020-12-31
5688,675,1,2020-12-31
5689,677,4,2020-12-31
5690,678,3,2020-12-31
5691,679,3,2020-12-31
5692,680,2,2020-12-31
5693,681,3,2020-12-31
5694,682,5,2020-12-31
5695,683,3,2020-12-31
5696,684,2,2020-12-31
5697,685,3,2020-12-31
5698,686,2,2020-12-31
5699,688,5,2020-12-31
5700,689,1,2020-12-31
5701,690,4,2020-12-31
5702,691,4,2020-12-31
5703,693,3,2020-12-31
5704,694,2,2020-12-31
5705,695,3,2020-12-31
5706,696,1,2020-12-31
5707,698,2,2020-12-31
5708,699,3,2020-12-31
5709,700,5,2020-12-31
5710,702,3,2020-12-31
5711,703,3,2020-12-31
5712,704,4,2020-12-31
5713,705,2,2020-12-31
5714,709,1,2020-12-31
5715,711,3,2020-12-31
5716,712,3,2020-12-31
5717,713,5,2020-12-31
5718,714,3,2020-12-31
5719,715,5,2020-12-31
5720,716,4,2020-12-31
5721,717,3,2020-12-31
5722,718,5,2020-12-31
5723,719,4,2020-12-31
5724,720,2,2020-12-31
5725,723,5,2020-12-31
5726,724,2,2020-12-31
5727,725,4,2020-12-31
5728,726,2,2020-12-31
5729,727,1,2020-12-31
5730,728,2,2020-12-31
5731,729,1,2020-12-31
5732,730,1,2020-12-31
5733,731,4,2020-12-31
5734,732,4,2020-12-31
5735,735,5,2020-12-31
5736,736,3,2020-12-31
5737,737,4,2020-12-31
5738,738,3,2020-12-31
5739,739,3,2020-12-31
5740,740,2,2020-12-31
5741,741,2,2020-12-31
5742,742,3,2020-12-31
5743,743,3,2020-12-31
5744,744,3,2020-12-31
5745,745,2,2020-12-31
5746,746,3,2020-12-31
5747,747,4,2020-12-31
5748,749,2,2020-12-31
5749,750,4,2020-12-31
5750,751,3,2020-12-31
5751,752,3,2020-12-31
5752,753,3,2020-12-31
5753,754,1,2020-12-31
5754,755,2,2020-12-31
5755,757,4,2020-12-31
5756,758,4,2020-12-31
5757,759,3,2020-12-31
5758,760,3,2020-12-31
5759,761,1,2020-12-31
5760,762,5,2020-12-31
5761,763,2,2020-12-31
5762,764,1,2020-12-31
5763,765,3,2020-12-31
5764,767,3,2020-12-31
5765,768,3,2020-12-31
5766,772,5,2020-12-31
5767,773,5,2020-12-31
5768,774,2,2020-12-31
5769,776,3,2020-12-31
5770,777,2,2020-12-31
5771,778,3,2020-12-31
5772,784,4,2020-12-31
5773,785,4,2020-12-31
5774,788,3,2020-12-31
5775,789,4,2020-12-31
5776,791,3,2020-12-31
5777,792,5,2020-12-31
5778,793,2,2020-12-31
5779,795,2,2020-12-31
5780,796,4,2020-12-31
5781,797,5,2020-12-31
5782,798,4,2020-12-31
5783,800,2,2020-12-31
5784,801,3,2020-12-31
5785,803,3,2020-12-31
5786,806,3,2020-12-31
5787,807,3,2020-12-31
5788,808,2,2020-12-31
5789,809,3,2020-12-31
5790,810,1,2020-12-31
5791,812,3,2020-12-31
5792,813,3,2020-12-31
5793,815,3,2020-12-31
5794,816,3,2020-12-31
5795,817,5,2020-12-31
5796,818,5,2020-12-31
5797,819,3,2020-12-31
5798,820,3,2020-12-31
5799,821,3,2020-12-31
5800,824,3,2020-12-31
5801,825,5,2020-12-31
5802,826,4,2020-12-31
5803,827,3,2020-12-31
5804,828,3,2020-12-31
5805,829,3,2020-12-31
5806,831,1,2020-12-31
5807,832,3,2020-12-31
5808,833,2,2020-12-31
5809,836,3,2020-12-31
5810,838,3,2020-12-31
5811,840,3,2020-12-31
5812,841,3,2020-12-31
5813,842,3,2020-12-31
5814,843,2,2020-12-31
5815,844,3,2020-12-31
5816,846,5,2020-12-31
5817,847,4,2020-12-31
5818,848,3,2020-12-31
5819,849,1,2020-12-31
5820,850,3,2020-12-31
5821,851,4,2020-12-31
5822,852,1,2020-12-31
5823,853,5,2020-12-31
5824,856,4,2020-12-31
5825,857,3,2020-12-31
5826,859,3,2020-12-31
5827,860,5,2020-12-31
5828,861,2,2020-12-31
5829,864,4,2020-12-31
5830,865,2,2020-12-31
5831,866,5,2020-12-31
5832,867,3,2020-12-31
5833,868,2,2020-12-31
5834,869,3,2020-12-31
5835,870,1,2020-12-31
5836,871,3,2020-12-31
5837,873,4,2020-12-31
5838,874,3,2020-12-31
5839,875,4,2020-12-31
5840,876,4,2020-12-31
5841,877,1,2020-12-31
5842,878,5,2020-12-31
5843,879,3,2020-12-31
5844,880,2,2020-12-31
5845,881,1,2020-12-31
5846,883,3,2020-12-31
5847,884,2,2020-12-31
5848,885,2,2020-12-31
5849,886,5,2020-12-31
5850,887,3,2020-12-31
5851,888,3,2020-12-31
5852,889,1,2020-12-31
5853,890,3,2020-12-31
5854,891,3,2020-12-31
5855,892,4,2020-12-31
5856,893,1,2020-12-31
5857,894,1,2020-12-31
5858,895,1,2020-12-31
5859,896,1,2020-12-31
5860,897,3,2020-12-31
5861,898,4,2020-12-31
5862,899,3,2020-12-31
5863,900,2,2020-12-31
5864,901,2,2020-12-31
5865,902,3,2020-12-31
5866,903,3,2020-12-31
5867,904,3,2020-12-31
5868,905,1,2020-12-31
5869,906,3,2020-12-31
5870,907,2,2020-12-31
5871,908,4,2020-12-31
5872,911,5,2020-12-31
5873,912,3,2020-12-31
5874,913,4,2020-12-31
5875,914,3,2020-12-31
5876,915,1,2020-12-31
5877,916,3,2020-12-31
5878,918,2,2020-12-31
5879,919,3,2020-12-31
5880,920,3,2020-12-31
5881,921,1,2020-12-31
5882,922,3,2020-12-31
5883,923,4,2020-12-31
5884,924,4,2020-12-31
5885,925,4,2020-12-31
5886,926,4,2020-12-31
5887,927,2,2020-12-31
5888,928,3,2020-12-31
5889,929,5,2020-12-31
5890,930,2,2020-12-31
5891,931,3,2020-12-31
5892,932,3,2020-12-31
5893,934,4,2020-12-31
5894,935,3,2020-12-31
5895,936,3,2020-12-31
5896,938,4,2020-12-31
5897,939,4,2020-12-31
5898,941,3,2020-12-31
5899,942,3,2020-12-31
5900,943,4,2020-12-31
5901,946,3,2020-12-31
5902,947,4,2020-12-31
5903,948,1,2020-12-31
5904,949,3,2020-12-31
5905,952,2,2020-12-31
5906,953,2,2020-12-31
5907,954,3,2020-12-31
5908,956,3,2020-12-31
5909,957,3,2020-12-31
5910,961,5,2020-12-31
5911,963,4,2020-12-31
5912,964,5,2020-12-31
5913,965,3,2020-12-31
5914,966,3,2020-12-31
5915,967,1,2020-12-31
5916,968,3,2020-12-31
5917,969,3,2020-12-31
5918,970,4,2020-12-31
5919,971,3,2020-12-31
5920,972,5,2020-12-31
5921,973,3,2020-12-31
5922,974,3,2020-12-31
5923,975,3,2020-12-31
5924,977,2,2020-12-31
5925,978,3,2020-12-31
5926,979,3,2020-12-31
5927,980,3,2020-12-31
5928,981,5,2020-12-31
5929,982,2,2020-12-31
5930,983,3,2020-12-31
5931,984,5,2020-12-31
5932,986,4,2020-12-31
5933,987,3,2020-12-31
5934,989,3,2020-12-31
5935,990,3,2020-12-31
5936,991,2,2020-12-31
5937,992,4,2020-12-31
5938,993,3,2020-12-31
5939,994,4,2020-12-31
5940,995,4,2020-12-31
5941,997,1,2020-12-31
5942,998,5,2020-12-31
5943,999,3,2020-12-31
5944,1000,2,2020-12-31
5945,1001,3,2020-12-31
5946,1002,2,2020-12-31
5947,1003,5,2020-12-31
5948,1004,1,2020-12-31
5949,1005,2,2020-12-31
5950,1007,4,2020-12-31
5951,1008,3,2020-12-31
5952,1009,3,2020-12-31
5953,1010,3,2020-12-31
5954,1012,4,2020-12-31
5955,1013,4,2020-12-31
5956,1014,1,2020-12-31
5957,1015,1,2020-12-31
5958,1016,3,2020-12-31
5959,1017,4,2020-12-31
5960,1018,1,2020-12-31
5961,1020,4,2020-12-31
5962,1022,1,2020-12-31
5963,1023,3,2020-12-31
5964,1024,1,2020-12-31
5965,1025,5,2020-12-31
5966,1026,2,2020-12-31
5967,1027,5,2020-12-31
5968,1029,3,2020-12-31
5969,1030,2,2020-12-31
5970,1032,2,2020-12-31
5971,1033,3,2020-12-31
5972,1034,3,2020-12-31
5973,1035,4,2020-12-31
5974,1036,5,2020-12-31
5975,1037,3,2020-12-31
5976,1038,3,2020-12-31
5977,1039,2,2020-12-31
5978,1041,3,2020-12-31
5979,1043,3,2020-12-31
5980,1044,2,2020-12-31
5981,1045,2,2020-12-31
5982,1047,1,2020-12-31
5983,1048,3,2020-12-31
5984,1049,2,2020-12-31
5985,1050,3,2020-12-31
5986,1051,3,2020-12-31
5987,1054,4,2020-12-31
5988,1055,2,2020-12-31
5989,1057,2,2020-12-31
5990,1058,3,2020-12-31
5991,1059,3,2020-12-31
5992,1060,5,2020-12-31
5993,1061,5,2020-12-31
5994,1062,4,2020-12-31
5995,1063,3,2020-12-31
5996,1064,5,2020-12-31
5997,1065,3,2020-12-31
5998,1066,3,2020-12-31
5999,1067,3,2020-12-31
6000,1068,3,2020-12-31
6001,1069,2,2020-12-31
6002,1070,5,2020-12-31
6003,1072,3,2020-12-31
6004,1073,3,2020-12-31
6005,1074,4,2020-12-31
6006,1075,3,2020-12-31
6007,1076,3,2020-12-31
6008,1077,4,2020-12-31
6009,1078,4,2020-12-31
6010,1079,2,2020-12-31
6011,1080,2,2020-12-31
6012,1081,4,2020-12-31
6013,1083,3,2020-12-31
6014,1084,2,2020-12-31
6015,1085,2,2020-12-31
6016,1086,1,2020-12-31
6017,1087,4,2020-12-31
6018,1088,5,2020-12-31
6019,1089,3,2020-12-31
6020,1090,4,2020-12-31
6021,1091,2,2020-12-31
6022,1092,3,2020-12-31
6023,1093,4,2020-12-31
6024,1094,3,2020-12-31
6025,1095,2,2020-12-31
6026,1096,5,2020-12-31
6027,1097,2,2020-12-31
6028,1098,5,2020-12-31
6029,1101,2,2020-12-31
6030,1102,2,2020-12-31
6031,1103,3,2020-12-31
6032,1104,5,2020-12-31
6033,1105,4,2020-12-31
6034,1106,3,2020-12-31
6035,1107,3,2020-12-31
6036,1108,4,2020-12-31
6037,1109,3,2020-12-31
6038,1110,2,2020-12-31
6039,1111,3,2020-12-31
6040,1112,2,2020-12-31
6041,1113,3,2020-12-31
6042,1114,5,2020-12-31
6043,1115,3,2020-12-31
6044,1117,1,2020-12-31
6045,1119,4,2020-12-31
6046,1121,5,2020-12-31
6047,1122,1,2020-12-31
6048,1123,4,2020-12-31
6049,1124,3,2020-12-31
6050,1125,3,2020-12-31
6051,1126,2,2020-12-31
6052,1127,2,2020-12-31
6053,1128,1,2020-12-31
6054,1129,4,2020-12-31
6055,1130,1,2020-12-31
6056,1131,1,2020-12-31
6057,1132,2,2020-12-31
6058,1133,3,2020-12-31
6059,1134,4,2020-12-31
6060,1135,3,2020-12-31
6061,1136,3,2020-12-31
6062,1137,3,2020-12-31
6063,1138,3,2020-12-31
6064,1140,5,2020-12-31
6065,1141,5,2020-12-31
6066,1142,4,2020-12-31
6067,1143,3,2020-12-31
6068,1145,4,2020-12-31
6069,1146,2,2020-12-31
6070,1147,4,2020-12-31
6071,1148,3,2020-12-31
6072,1150,3,2020-12-31
6073,1151,3,2020-12-31
6074,1152,4,2020-12-31
6075,1153,4,2020-12-31
6076,1154,2,2020-12-31
6077,1155,3,2020-12-31
6078,1157,4,2020-12-31
6079,1158,2,2020-12-31
6080,1160,5,2020-12-31
6081,1161,2,2020-12-31
6082,1162,3,2020-12-31
6083,1163,4,2020-12-31
6084,1164,4,2020-12-31
6085,1165,1,2020-12-31
6086,1166,2,2020-12-31
6087,1167,2,2020-12-31
6088,1169,3,2020-12-31
6089,1170,2,2020-12-31
6090,1171,2,2020-12-31
6091,1172,4,2020-12-31
6092,1174,2,2020-12-31
6093,1175,3,2020-12-31
6094,1177,2,2020-12-31
6095,1178,2,2020-12-31
6096,1179,3,2020-12-31
6097,1180,3,2020-12-31
6098,1181,1,2020-12-31
6099,1182,3,2020-12-31
6100,1183,2,2020-12-31
6101,1184,5,2020-12-31
6102,1185,1,2020-12-31
6103,1186,4,2020-12-31
6104,1187,2,2020-12-31
6105,1188,2,2020-12-31
6106,1189,2,2020-12-31
6107,1190,5,2020-12-31
6108,1191,3,2020-12-31
6109,1192,1,2020-12-31
6110,1193,3,2020-12-31
6111,1194,3,2020-12-31
6112,1195,2,2020-12-31
6113,1196,1,2020-12-31
6114,1197,3,2020-12-31
6115,1199,1,2020-12-31
6116,1200,1,2020-12-31
6117,1201,3,2020-12-31
6118,1202,1,2020-12-31
6119,1203,2,2020-12-31
6120,1204,1,2020-12-31
6121,1205,4,2020-12-31
6122,1206,2,2020-12-31
6123,1207,2,2020-12-31
6124,1208,2,2020-12-31
6125,1209,2,2020-12-31
6126,1210,4,2020-12-31
6127,1211,4,2020-12-31
6128,1212,3,2020-12-31
6129,1213,4,2020-12-31
6130,1214,3,2020-12-31
6131,1216,2,2020-12-31
6132,1217,3,2020-12-31
6133,1218,2,2020-12-31
6134,1219,1,2020-12-31
6135,1220,2,2020-12-31
6136,1221,3,2020-12-31
6137,1222,3,2020-12-31
6138,1223,1,2020-12-31
6139,1224,4,2020-12-31
6140,1225,2,2020-12-31
6141,1226,5,2020-12-31
6142,1227,3,2020-12-31
6143,1228,4,2020-12-31
6144,1229,3,2020-12-31
6145,1230,4,2020-12-31
6146,1231,1,2020-12-31
6147,1232,3,2020-12-31
6148,1233,5,2020-12-31
6149,1234,2,2020-12-31
6150,1235,2,2020-12-31
6151,1236,3,2020-12-31
6152,1237,2,2020-12-31
6153,1238,4,2020-12-31
6154,1239,3,2020-12-31
6155,1240,2,2020-12-31
6156,1241,2,2020-12-31
6157,1242,5,2020-12-31
6158,1243,3,2020-12-31
6159,1245,3,2020-12-31
6160,1246,1,2020-12-31
6161,1247,5,2020-12-31
6162,1248,2,2020-12-31
6163,1249,2,2020-12-31
6164,1250,4,2020-12-31
6165,1251,4,2020-12-31
6166,1252,2,2020-12-31
6167,1253,3,2020-12-31
6168,1254,4,2020-12-31
6169,1255,3,2020-12-31
6170,1256,3,2020-12-31
6171,1257,1,2020-12-31
6172,1258,3,2020-12-31
6173,1259,4,2020-12-31
6174,1260,1,2020-12-31
6175,1261,3,2020-12-31
6176,1262,2,2020-12-31
6177,1263,3,2020-12-31
6178,1264,5,2020-12-31
6179,1265,3,2020-12-31
6180,1266,3,2020-12-31
6181,1267,4,2020-12-31
6182,1268,5,2020-12-31
6183,1269,3,2020-12-31
6184,1270,2,2020-12-31
6185,1271,4,2020-12-31
6186,1272,1,2020-12-31
6187,1273,1,2020-12-31
6188,1274,1,2020-12-31
6189,1275,3,2020-12-31
6190,1276,1,2020-12-31
6191,1277,2,2020-12-31
6192,1278,4,2020-12-31
6193,1279,3,2020-12-31
6194,1280,3,2020-12-31
6195,1281,5,2020-12-31
6196,1282,3,2020-12-31
6197,1284,1,2020-12-31
6198,1285,3,2020-12-31
6199,1286,3,2020-12-31
6200,1287,3,2020-12-31
6201,1288,2,2020-12-31
6202,1289,3,2020-12-31
6203,1290,3,2020-12-31
6204,1291,3,2020-12-31
6205,1292,3,2020-12-31
6206,1293,5,2020-12-31
6207,1295,5,2020-12-31
6208,1296,5,2020-12-31
6209,1297,2,2020-12-31
6210,1298,3,2020-12-31
6211,1299,3,2020-12-31
6212,1300,3,2020-12-31
6213,1301,1,2020-12-31
6214,1302,2,2020-12-31
6215,1303,2,2020-12-31
6216,1304,2,2020-12-31
6217,1305,2,2020-12-31
6218,1306,5,2020-12-31
6219,1307,3,2020-12-31
6220,1308,3,2020-12-31
6221,1309,4,2020-12-31
6222,1310,3,2020-12-31
6223,1311,1,2020-12-31
6224,1312,3,2020-12-31
6225,1313,4,2020-12-31
6226,1314,3,2020-12-31
6227,1315,2,2020-12-31
6228,1316,1,2020-12-31
6229,1317,2,2020-12-31
6230,1318,3,2020-12-31
6231,1319,3,2020-12-31
6232,1320,3,2020-12-31
6233,1321,4,2020-12-31
6234,1322,3,2020-12-31
6235,1323,5,2020-12-31
6236,1324,3,2020-12-31
6237,1325,3,2020-12-31
6238,1326,3,2020-12-31
6239,1327,2,2020-12-31
6240,1328,1,2020-12-31
6241,1329,3,2020-12-31
6242,1330,4,2020-12-31
6243,1331,3,2020-12-31
6244,1332,5,2020-12-31
6245,1333,4,2020-12-31
6246,1334,5,2020-12-31
6247,1335,2,2020-12-31
6248,1336,1,2020-12-31
6249,1337,2,2020-12-31
6250,1338,1,2020-12-31
6251,1339,3,2020-12-31
6252,1340,4,2020-12-31
6253,1341,5,2020-12-31
6254,1342,2,2020-12-31
6255,1343,2,2020-12-31
6256,1344,1,2020-12-31
6257,1345,2,2020-12-31
6258,1346,2,2020-12-31
6259,1347,3,2020-12-31
6260,1352,1,2020-12-31
6261,1391,3,2020-12-31
6262,1402,1,2020-12-31
6263,2,2,2021-12-31
6264,4,5,2021-12-31
6265,6,5,2021-12-31
6266,8,3,2021-12-31
6267,10,2,2021-12-31
6268,12,2,2021-12-31
6269,13,4,2021-12-31
6270,14,4,2021-12-31
6271,15,2,2021-12-31
6272,16,4,2021-12-31
6273,17,3,2021-12-31
6274,18,5,2021-12-31
6275,19,2,2021-12-31
6276,20,3,2021-12-31
6277,21,3,2021-12-31
6278,22,3,2021-12-31
6279,23,1,2021-12-31
6280,24,4,2021-12-31
6281,25,3,2021-12-31
6282,26,1,2021-12-31
6283,27,2,2021-12-31
6284,29,3,2021-12-31
6285,30,4,2021-12-31
6286,32,3,2021-12-31
6287,33,5,2021-12-31
6288,34,2,2021-12-31
6289,35,4,2021-12-31
6290,36,3,2021-12-31
6291,37,3,2021-12-31
6292,38,5,2021-12-31
6293,39,3,2021-12-31
6294,44,3,2021-12-31
6295,45,3,2021-12-31
6296,46,2,2021-12-31
6297,47,3,2021-12-31
6298,48,3,2021-12-31
6299,50,4,2021-12-31
6300,54,5,2021-12-31
6301,55,5,2021-12-31
6302,56,4,2021-12-31
6303,57,4,2021-12-31
6304,58,4,2021-12-31
6305,59,3,2021-12-31
6306,60,4,2021-12-31
6307,62,3,2021-12-31
6308,64,3,2021-12-31
6309,65,3,2021-12-31
6310,66,3,2021-12-31
6311,67,4,2021-12-31
6312,68,2,2021-12-31
6313,69,3,2021-12-31
6314,70,3,2021-12-31
6315,74,3,2021-12-31
6316,75,3,2021-12-31
6317,77,5,2021-12-31
6318,78,4,2021-12-31
6319,79,3,2021-12-31
6320,80,3,2021-12-31
6321,81,4,2021-12-31
6322,83,2,2021-12-31
6323,84,3,2021-12-31
6324,85,2,2021-12-31
6325,86,4,2021-12-31
6326,87,3,2021-12-31
6327,88,5,2021-12-31
6328,89,5,2021-12-31
6329,90,4,2021-12-31
6330,91,3,2021-12-31
6331,92,2,2021-12-31
6332,93,1,2021-12-31
6333,94,1,2021-12-31
6334,96,4,2021-12-31
6335,97,4,2021-12-31
6336,98,5,2021-12-31
6337,99,1,2021-12-31
6338,100,3,2021-12-31
6339,101,1,2021-12-31
6340,102,3,2021-12-31
6341,104,3,2021-12-31
6342,105,3,2021-12-31
6343,107,4,2021-12-31
6344,108,4,2021-12-31
6345,109,3,2021-12-31
6346,110,1,2021-12-31
6347,111,4,2021-12-31
6348,112,2,2021-12-31
6349,113,5,2021-12-31
6350,114,3,2021-12-31
6351,115,3,2021-12-31
6352,116,3,2021-12-31
6353,118,1,2021-12-31
6354,119,1,2021-12-31
6355,122,1,2021-12-31
6356,123,3,2021-12-31
6357,125,3,2021-12-31
6358,127,3,2021-12-31
6359,128,1,2021-12-31
6360,129,3,2021-12-31
6361,130,3,2021-12-31
6362,131,5,2021-12-31
6363,134,3,2021-12-31
6364,135,2,2021-12-31
6365,136,3,2021-12-31
6366,137,3,2021-12-31
6367,139,4,2021-12-31
6368,143,2,2021-12-31
6369,144,3,2021-12-31
6370,145,5,2021-12-31
6371,146,3,2021-12-31
6372,148,2,2021-12-31
6373,149,3,2021-12-31
6374,150,5,2021-12-31
6375,152,3,2021-12-31
6376,154,3,2021-12-31
6377,155,3,2021-12-31
6378,156,3,2021-12-31
6379,157,3,2021-12-31
6380,160,4,2021-12-31
6381,161,3,2021-12-31
6382,162,3,2021-12-31
6383,163,3,2021-12-31
6384,166,3,2021-12-31
6385,168,4,2021-12-31
6386,169,2,2021-12-31
6387,170,2,2021-12-31
6388,171,2,2021-12-31
6389,172,2,2021-12-31
6390,174,1,2021-12-31
6391,176,4,2021-12-31
6392,179,3,2021-12-31
6393,180,3,2021-12-31
6394,181,2,2021-12-31
6395,182,3,2021-12-31
6396,185,3,2021-12-31
6397,186,2,2021-12-31
6398,187,3,2021-12-31
6399,188,3,2021-12-31
6400,189,3,2021-12-31
6401,191,3,2021-12-31
6402,193,4,2021-12-31
6403,194,4,2021-12-31
6404,196,2,2021-12-31
6405,197,5,2021-12-31
6406,198,5,2021-12-31
6407,200,1,2021-12-31
6408,203,3,2021-12-31
6409,204,2,2021-12-31
6410,205,2,2021-12-31
6411,206,5,2021-12-31
6412,208,3,2021-12-31
6413,209,3,2021-12-31
6414,212,4,2021-12-31
6415,213,3,2021-12-31
6416,216,2,2021-12-31
6417,218,1,2021-12-31
6418,219,5,2021-12-31
6419,220,2,2021-12-31
6420,221,5,2021-12-31
6421,222,3,2021-12-31
6422,223,2,2021-12-31
6423,224,3,2021-12-31
6424,225,4,2021-12-31
6425,227,4,2021-12-31
6426,229,3,2021-12-31
6427,230,3,2021-12-31
6428,231,3,2021-12-31
6429,235,4,2021-12-31
6430,236,3,2021-12-31
6431,237,3,2021-12-31
6432,238,3,2021-12-31
6433,239,4,2021-12-31
6434,240,3,2021-12-31
6435,241,3,2021-12-31
6436,242,3,2021-12-31
6437,243,3,2021-12-31
6438,244,3,2021-12-31
6439,245,4,2021-12-31
6440,246,4,2021-12-31
6441,247,5,2021-12-31
6442,248,4,2021-12-31
6443,249,4,2021-12-31
6444,251,4,2021-12-31
6445,252,4,2021-12-31
6446,255,5,2021-12-31
6447,256,5,2021-12-31
6448,258,3,2021-12-31
6449,259,5,2021-12-31
6450,260,3,2021-12-31
6451,261,2,2021-12-31
6452,262,2,2021-12-31
6453,263,1,2021-12-31
6454,264,3,2021-12-31
6455,265,3,2021-12-31
6456,267,5,2021-12-31
6457,268,4,2021-12-31
6458,269,5,2021-12-31
6459,270,4,2021-12-31
6460,271,3,2021-12-31
6461,272,3,2021-12-31
6462,274,4,2021-12-31
6463,277,3,2021-12-31
6464,278,2,2021-12-31
6465,279,4,2021-12-31
6466,280,3,2021-12-31
6467,281,3,2021-12-31
6468,282,3,2021-12-31
6469,283,3,2021-12-31
6470,284,3,2021-12-31
6471,286,2,2021-12-31
6472,288,2,2021-12-31
6473,289,3,2021-12-31
6474,291,3,2021-12-31
6475,292,3,2021-12-31
6476,294,3,2021-12-31
6477,295,2,2021-12-31
6478,296,2,2021-12-31
6479,297,3,2021-12-31
6480,298,5,2021-12-31
6481,299,3,2021-12-31
6482,302,3,2021-12-31
6483,304,2,2021-12-31
6484,305,4,2021-12-31
6485,306,2,2021-12-31
6486,307,2,2021-12-31
6487,308,1,2021-12-31
6488,310,1,2021-12-31
6489,312,3,2021-12-31
6490,313,1,2021-12-31
6491,315,2,2021-12-31
6492,318,4,2021-12-31
6493,319,3,2021-12-31
6494,320,3,2021-12-31
6495,323,3,2021-12-31
6496,324,3,2021-12-31
6497,325,4,2021-12-31
6498,326,3,2021-12-31
6499,327,5,2021-12-31
6500,329,4,2021-12-31
6501,330,5,2021-12-31
6502,331,3,2021-12-31
6503,332,3,2021-12-31
6504,333,2,2021-12-31
6505,335,5,2021-12-31
6506,336,2,2021-12-31
6507,337,2,2021-12-31
6508,339,3,2021-12-31
6509,340,3,2021-12-31
6510,341,4,2021-12-31
6511,342,2,2021-12-31
6512,343,4,2021-12-31
6513,344,1,2021-12-31
6514,346,1,2021-12-31
6515,347,3,2021-12-31
6516,349,3,2021-12-31
6517,352,3,2021-12-31
6518,354,5,2021-12-31
6519,355,2,2021-12-31
6520,357,2,2021-12-31
6521,359,1,2021-12-31
6522,360,3,2021-12-31
6523,362,3,2021-12-31
6524,363,2,2021-12-31
6525,364,3,2021-12-31
6526,365,4,2021-12-31
6527,366,3,2021-12-31
6528,367,4,2021-12-31
6529,368,1,2021-12-31
6530,369,3,2021-12-31
6531,371,1,2021-12-31
6532,372,2,2021-12-31
6533,374,3,2021-12-31
6534,375,3,2021-12-31
6535,376,4,2021-12-31
6536,377,4,2021-12-31
6537,378,4,2021-12-31
6538,379,3,2021-12-31
6539,380,3,2021-12-31
6540,381,3,2021-12-31
6541,382,2,2021-12-31
6542,383,4,2021-12-31
6543,384,3,2021-12-31
6544,385,2,2021-12-31
6545,386,5,2021-12-31
6546,388,3,2021-12-31
6547,389,3,2021-12-31
6548,390,2,2021-12-31
6549,391,2,2021-12-31
6550,392,4,2021-12-31
6551,393,3,2021-12-31
6552,394,1,2021-12-31
6553,395,3,2021-12-31
6554,396,5,2021-12-31
6555,397,3,2021-12-31
6556,398,3,2021-12-31
6557,399,3,2021-12-31
6558,400,5,2021-12-31
6559,402,4,2021-12-31
6560,403,5,2021-12-31
6561,404,1,2021-12-31
6562,405,3,2021-12-31
6563,406,3,2021-12-31
6564,407,5,2021-12-31
6565,408,2,2021-12-31
6566,410,3,2021-12-31
6567,411,2,2021-12-31
6568,412,4,2021-12-31
6569,413,4,2021-12-31
6570,415,4,2021-12-31
6571,416,4,2021-12-31
6572,417,4,2021-12-31
6573,418,1,2021-12-31
6574,419,5,2021-12-31
6575,421,2,2021-12-31
6576,423,5,2021-12-31
6577,424,3,2021-12-31
6578,425,3,2021-12-31
6579,427,4,2021-12-31
6580,428,3,2021-12-31
6581,429,4,2021-12-31
6582,430,4,2021-12-31
6583,431,5,2021-12-31
6584,432,3,2021-12-31
6585,433,4,2021-12-31
6586,434,3,2021-12-31
6587,435,4,2021-12-31
6588,436,5,2021-12-31
6589,437,2,2021-12-31
6590,438,4,2021-12-31
6591,439,1,2021-12-31
6592,442,2,2021-12-31
6593,443,3,2021-12-31
6594,444,3,2021-12-31
6595,446,3,2021-12-31
6596,447,3,2021-12-31
6597,448,5,2021-12-31
6598,449,5,2021-12-31
6599,450,3,2021-12-31
6600,452,3,2021-12-31
6601,453,3,2021-12-31
6602,454,3,2021-12-31
6603,455,3,2021-12-31
6604,456,4,2021-12-31
6605,458,4,2021-12-31
6606,460,1,2021-12-31
6607,462,3,2021-12-31
6608,464,3,2021-12-31
6609,465,3,2021-12-31
6610,466,3,2021-12-31
6611,467,5,2021-12-31
6612,468,1,2021-12-31
6613,469,2,2021-12-31
6614,470,5,2021-12-31
6615,471,3,2021-12-31
6616,472,3,2021-12-31
6617,473,5,2021-12-31
6618,475,5,2021-12-31
6619,476,3,2021-12-31
6620,478,3,2021-12-31
6621,479,3,2021-12-31
6622,480,3,2021-12-31
6623,483,2,2021-12-31
6624,484,3,2021-12-31
6625,485,3,2021-12-31
6626,487,3,2021-12-31
6627,490,3,2021-12-31
6628,491,3,2021-12-31
6629,492,2,2021-12-31
6630,493,3,2021-12-31
6631,494,4,2021-12-31
6632,496,3,2021-12-31
6633,497,3,2021-12-31
6634,498,5,2021-12-31
6635,499,5,2021-12-31
6636,504,2,2021-12-31
6637,505,3,2021-12-31
6638,506,2,2021-12-31
6639,507,4,2021-12-31
6640,508,5,2021-12-31
6641,510,5,2021-12-31
6642,511,3,2021-12-31
6643,512,3,2021-12-31
6644,515,2,2021-12-31
6645,516,3,2021-12-31
6646,517,2,2021-12-31
6647,518,1,2021-12-31
6648,519,2,2021-12-31
6649,520,2,2021-12-31
6650,521,3,2021-12-31
6651,522,2,2021-12-31
6652,523,3,2021-12-31
6653,524,1,2021-12-31
6654,526,4,2021-12-31
6655,527,3,2021-12-31
6656,528,1,2021-12-31
6657,529,5,2021-12-31
6658,530,1,2021-12-31
6659,532,3,2021-12-31
6660,533,2,2021-12-31
6661,534,2,2021-12-31
6662,535,2,2021-12-31
6663,536,2,2021-12-31
6664,537,3,2021-12-31
6665,538,3,2021-12-31
6666,539,3,2021-12-31
6667,540,4,2021-12-31
6668,542,5,2021-12-31
6669,543,3,2021-12-31
6670,544,2,2021-12-31
6671,545,5,2021-12-31
6672,546,3,2021-12-31
6673,547,1,2021-12-31
6674,548,5,2021-12-31
6675,549,2,2021-12-31
6676,550,4,2021-12-31
6677,551,3,2021-12-31
6678,552,3,2021-12-31
6679,553,4,2021-12-31
6680,554,4,2021-12-31
6681,555,4,2021-12-31
6682,556,3,2021-12-31
6683,558,1,2021-12-31
6684,559,3,2021-12-31
6685,560,3,2021-12-31
6686,561,2,2021-12-31
6687,562,3,2021-12-31
6688,565,2,2021-12-31
6689,566,1,2021-12-31
6690,567,3,2021-12-31
6691,568,4,2021-12-31
6692,569,5,2021-12-31
6693,570,1,2021-12-31
6694,572,3,2021-12-31
6695,574,3,2021-12-31
6696,575,3,2021-12-31
6697,576,3,2021-12-31
6698,577,1,2021-12-31
6699,578,3,2021-12-31
6700,579,3,2021-12-31
6701,581,2,2021-12-31
6702,583,3,2021-12-31
6703,584,1,2021-12-31
6704,586,5,2021-12-31
6705,589,3,2021-12-31
6706,590,2,2021-12-31
6707,591,3,2021-12-31
6708,593,2,2021-12-31
6709,594,1,2021-12-31
6710,595,4,2021-12-31
6711,596,3,2021-12-31
6712,597,3,2021-12-31
6713,600,2,2021-12-31
6714,601,3,2021-12-31
6715,602,4,2021-12-31
6716,604,3,2021-12-31
6717,605,3,2021-12-31
6718,606,2,2021-12-31
6719,607,4,2021-12-31
6720,611,3,2021-12-31
6721,612,3,2021-12-31
6722,613,3,2021-12-31
6723,614,4,2021-12-31
6724,615,3,2021-12-31
6725,616,3,2021-12-31
6726,617,4,2021-12-31
6727,618,1,2021-12-31
6728,619,2,2021-12-31
6729,622,3,2021-12-31
6730,623,2,2021-12-31
6731,627,3,2021-12-31
6732,629,5,2021-12-31
6733,632,3,2021-12-31
6734,633,3,2021-12-31
6735,634,4,2021-12-31
6736,635,4,2021-12-31
6737,636,3,2021-12-31
6738,638,3,2021-12-31
6739,639,3,2021-12-31
6740,640,1,2021-12-31
6741,642,2,2021-12-31
6742,643,3,2021-12-31
6743,644,3,2021-12-31
6744,645,4,2021-12-31
6745,646,2,2021-12-31
6746,651,2,2021-12-31
6747,652,3,2021-12-31
6748,653,3,2021-12-31
6749,654,2,2021-12-31
6750,655,3,2021-12-31
6751,656,4,2021-12-31
6752,657,3,2021-12-31
6753,658,2,2021-12-31
6754,659,3,2021-12-31
6755,660,5,2021-12-31
6756,661,3,2021-12-31
6757,664,5,2021-12-31
6758,667,3,2021-12-31
6759,668,3,2021-12-31
6760,669,5,2021-12-31
6761,670,2,2021-12-31
6762,672,3,2021-12-31
6763,675,4,2021-12-31
6764,677,4,2021-12-31
6765,678,3,2021-12-31
6766,679,1,2021-12-31
6767,680,3,2021-12-31
6768,681,2,2021-12-31
6769,682,1,2021-12-31
6770,683,4,2021-12-31
6771,684,3,2021-12-31
6772,685,4,2021-12-31
6773,686,5,2021-12-31
6774,688,3,2021-12-31
6775,689,2,2021-12-31
6776,690,3,2021-12-31
6777,691,1,2021-12-31
6778,693,4,2021-12-31
6779,694,3,2021-12-31
6780,695,4,2021-12-31
6781,696,2,2021-12-31
6782,698,3,2021-12-31
6783,699,4,2021-12-31
6784,700,3,2021-12-31
6785,702,5,2021-12-31
6786,703,3,2021-12-31
6787,704,4,2021-12-31
6788,709,2,2021-12-31
6789,711,5,2021-12-31
6790,713,2,2021-12-31
6791,714,2,2021-12-31
6792,715,4,2021-12-31
6793,716,5,2021-12-31
6794,718,5,2021-12-31
6795,719,2,2021-12-31
6796,720,2,2021-12-31
6797,723,4,2021-12-31
6798,724,3,2021-12-31
6799,725,2,2021-12-31
6800,726,3,2021-12-31
6801,727,4,2021-12-31
6802,728,1,2021-12-31
6803,729,3,2021-12-31
6804,730,3,2021-12-31
6805,731,2,2021-12-31
6806,732,3,2021-12-31
6807,735,4,2021-12-31
6808,736,3,2021-12-31
6809,737,4,2021-12-31
6810,738,4,2021-12-31
6811,739,5,2021-12-31
6812,740,3,2021-12-31
6813,741,3,2021-12-31
6814,742,3,2021-12-31
6815,744,2,2021-12-31
6816,745,2,2021-12-31
6817,746,2,2021-12-31
6818,747,2,2021-12-31
6819,749,4,2021-12-31
6820,750,4,2021-12-31
6821,751,4,2021-12-31
6822,752,3,2021-12-31
6823,753,3,2021-12-31
6824,754,2,2021-12-31
6825,755,2,2021-12-31
6826,757,2,2021-12-31
6827,758,3,2021-12-31
6828,759,3,2021-12-31
6829,760,3,2021-12-31
6830,761,1,2021-12-31
6831,762,3,2021-12-31
6832,764,4,2021-12-31
6833,765,4,2021-12-31
6834,767,3,2021-12-31
6835,768,3,2021-12-31
6836,772,3,2021-12-31
6837,773,4,2021-12-31
6838,774,2,2021-12-31
6839,777,3,2021-12-31
6840,778,2,2021-12-31
6841,784,5,2021-12-31
6842,785,2,2021-12-31
6843,788,4,2021-12-31
6844,789,2,2021-12-31
6845,791,2,2021-12-31
6846,792,3,2021-12-31
6847,793,3,2021-12-31
6848,795,2,2021-12-31
6849,796,3,2021-12-31
6850,797,4,2021-12-31
6851,798,5,2021-12-31
6852,800,1,2021-12-31
6853,801,1,2021-12-31
6854,803,3,2021-12-31
6855,807,4,2021-12-31
6856,808,2,2021-12-31
6857,809,3,2021-12-31
6858,810,3,2021-12-31
6859,812,4,2021-12-31
6860,813,3,2021-12-31
6861,815,3,2021-12-31
6862,816,2,2021-12-31
6863,817,4,2021-12-31
6864,818,3,2021-12-31
6865,819,5,2021-12-31
6866,820,3,2021-12-31
6867,821,5,2021-12-31
6868,824,3,2021-12-31
6869,825,3,2021-12-31
6870,826,5,2021-12-31
6871,827,3,2021-12-31
6872,828,5,2021-12-31
6873,829,5,2021-12-31
6874,831,5,2021-12-31
6875,832,4,2021-12-31
6876,833,2,2021-12-31
6877,836,3,2021-12-31
6878,838,2,2021-12-31
6879,840,2,2021-12-31
6880,841,4,2021-12-31
6881,842,2,2021-12-31
6882,843,4,2021-12-31
6883,844,3,2021-12-31
6884,846,3,2021-12-31
6885,848,4,2021-12-31
6886,849,2,2021-12-31
6887,851,2,2021-12-31
6888,852,5,2021-12-31
6889,853,4,2021-12-31
6890,856,5,2021-12-31
6891,857,1,2021-12-31
6892,859,5,2021-12-31
6893,860,5,2021-12-31
6894,861,5,2021-12-31
6895,864,3,2021-12-31
6896,865,3,2021-12-31
6897,866,4,2021-12-31
6898,867,3,2021-12-31
6899,868,3,2021-12-31
6900,869,3,2021-12-31
6901,870,4,2021-12-31
6902,871,4,2021-12-31
6903,873,4,2021-12-31
6904,874,4,2021-12-31
6905,875,3,2021-12-31
6906,876,3,2021-12-31
6907,877,4,2021-12-31
6908,879,2,2021-12-31
6909,880,3,2021-12-31
6910,881,3,2021-12-31
6911,883,2,2021-12-31
6912,884,2,2021-12-31
6913,885,4,2021-12-31
6914,886,4,2021-12-31
6915,887,4,2021-12-31
6916,888,3,2021-12-31
6917,890,1,2021-12-31
6918,891,5,2021-12-31
6919,892,1,2021-12-31
6920,893,3,2021-12-31
6921,894,4,2021-12-31
6922,895,3,2021-12-31
6923,896,2,2021-12-31
6924,897,4,2021-12-31
6925,898,2,2021-12-31
6926,899,3,2021-12-31
6927,900,2,2021-12-31
6928,901,3,2021-12-31
6929,902,4,2021-12-31
6930,903,4,2021-12-31
6931,904,1,2021-12-31
6932,905,5,2021-12-31
6933,906,2,2021-12-31
6934,907,2,2021-12-31
6935,908,4,2021-12-31
6936,911,5,2021-12-31
6937,912,4,2021-12-31
6938,913,5,2021-12-31
6939,914,3,2021-12-31
6940,915,3,2021-12-31
6941,916,3,2021-12-31
6942,918,3,2021-12-31
6943,919,5,2021-12-31
6944,920,3,2021-12-31
6945,922,4,2021-12-31
6946,923,3,2021-12-31
6947,924,2,2021-12-31
6948,925,4,2021-12-31
6949,926,4,2021-12-31
6950,927,2,2021-12-31
6951,928,2,2021-12-31
6952,929,2,2021-12-31
6953,930,1,2021-12-31
6954,931,4,2021-12-31
6955,932,3,2021-12-31
6956,934,2,2021-12-31
6957,935,2,2021-12-31
6958,936,4,2021-12-31
6959,938,3,2021-12-31
6960,939,5,2021-12-31
6961,941,3,2021-12-31
6962,942,4,2021-12-31
6963,943,4,2021-12-31
6964,946,4,2021-12-31
6965,947,3,2021-12-31
6966,948,4,2021-12-31
6967,949,3,2021-12-31
6968,952,3,2021-12-31
6969,953,5,2021-12-31
6970,954,3,2021-12-31
6971,956,1,2021-12-31
6972,957,2,2021-12-31
6973,961,3,2021-12-31
6974,963,3,2021-12-31
6975,964,2,2021-12-31
6976,965,2,2021-12-31
6977,966,4,2021-12-31
6978,967,2,2021-12-31
6979,968,4,2021-12-31
6980,970,1,2021-12-31
6981,971,2,2021-12-31
6982,972,5,2021-12-31
6983,973,3,2021-12-31
6984,974,3,2021-12-31
6985,977,4,2021-12-31
6986,978,3,2021-12-31
6987,979,5,2021-12-31
6988,980,3,2021-12-31
6989,981,3,2021-12-31
6990,982,2,2021-12-31
6991,983,2,2021-12-31
6992,984,3,2021-12-31
6993,986,3,2021-12-31
6994,987,5,2021-12-31
6995,989,3,2021-12-31
6996,990,4,2021-12-31
6997,991,5,2021-12-31
6998,992,3,2021-12-31
6999,993,3,2021-12-31
7000,994,4,2021-12-31
7001,995,2,2021-12-31
7002,997,3,2021-12-31
7003,998,2,2021-12-31
7004,999,2,2021-12-31
7005,1000,2,2021-12-31
7006,1001,3,2021-12-31
7007,1002,3,2021-12-31
7008,1003,5,2021-12-31
7009,1004,3,2021-12-31
7010,1005,4,2021-12-31
7011,1008,1,2021-12-31
7012,1009,1,2021-12-31
7013,1010,1,2021-12-31
7014,1012,2,2021-12-31
7015,1013,2,2021-12-31
7016,1015,4,2021-12-31
7017,1016,1,2021-12-31
7018,1017,4,2021-12-31
7019,1018,1,2021-12-31
7020,1020,2,2021-12-31
7021,1022,2,2021-12-31
7022,1023,4,2021-12-31
7023,1024,4,2021-12-31
7024,1025,3,2021-12-31
7025,1026,1,2021-12-31
7026,1027,5,2021-12-31
7027,1029,4,2021-12-31
7028,1030,3,2021-12-31
7029,1032,4,2021-12-31
7030,1033,3,2021-12-31
7031,1034,3,2021-12-31
7032,1035,3,2021-12-31
7033,1036,1,2021-12-31
7034,1037,5,2021-12-31
7035,1038,5,2021-12-31
7036,1039,4,2021-12-31
7037,1041,4,2021-12-31
7038,1043,4,2021-12-31
7039,1044,4,2021-12-31
7040,1045,3,2021-12-31
7041,1047,2,2021-12-31
7042,1049,3,2021-12-31
7043,1050,1,2021-12-31
7044,1051,3,2021-12-31
7045,1054,3,2021-12-31
7046,1055,3,2021-12-31
7047,1057,1,2021-12-31
7048,1058,3,2021-12-31
7049,1059,4,2021-12-31
7050,1060,3,2021-12-31
7051,1061,4,2021-12-31
7052,1062,1,2021-12-31
7053,1063,2,2021-12-31
7054,1065,3,2021-12-31
7055,1066,3,2021-12-31
7056,1067,3,2021-12-31
7057,1068,3,2021-12-31
7058,1069,3,2021-12-31
7059,1072,4,2021-12-31
7060,1073,1,2021-12-31
7061,1074,4,2021-12-31
7062,1075,1,2021-12-31
7063,1076,3,2021-12-31
7064,1077,5,2021-12-31
7065,1078,2,2021-12-31
7066,1079,3,2021-12-31
7067,1080,4,2021-12-31
7068,1081,1,2021-12-31
7069,1083,4,2021-12-31
7070,1084,2,2021-12-31
7071,1085,2,2021-12-31
7072,1086,2,2021-12-31
7073,1087,3,2021-12-31
7074,1088,1,2021-12-31
7075,1089,3,2021-12-31
7076,1090,2,2021-12-31
7077,1091,1,2021-12-31
7078,1092,4,2021-12-31
7079,1093,2,2021-12-31
7080,1094,5,2021-12-31
7081,1095,3,2021-12-31
7082,1096,1,2021-12-31
7083,1097,3,2021-12-31
7084,1101,3,2021-12-31
7085,1102,4,2021-12-31
7086,1103,3,2021-12-31
7087,1104,1,2021-12-31
7088,1105,2,2021-12-31
7089,1106,2,2021-12-31
7090,1107,3,2021-12-31
7091,1108,4,2021-12-31
7092,1109,4,2021-12-31
7093,1110,2,2021-12-31
7094,1111,3,2021-12-31
7095,1112,3,2021-12-31
7096,1113,3,2021-12-31
7097,1114,1,2021-12-31
7098,1115,2,2021-12-31
7099,1117,4,2021-12-31
7100,1121,2,2021-12-31
7101,1122,3,2021-12-31
7102,1123,5,2021-12-31
7103,1124,2,2021-12-31
7104,1125,2,2021-12-31
7105,1126,4,2021-12-31
7106,1127,3,2021-12-31
7107,1128,2,2021-12-31
7108,1129,1,2021-12-31
7109,1130,5,2021-12-31
7110,1131,3,2021-12-31
7111,1132,2,2021-12-31
7112,1133,3,2021-12-31
7113,1134,3,2021-12-31
7114,1135,4,2021-12-31
7115,1136,5,2021-12-31
7116,1137,3,2021-12-31
7117,1138,4,2021-12-31
7118,1140,3,2021-12-31
7119,1141,1,2021-12-31
7120,1142,5,2021-12-31
7121,1143,3,2021-12-31
7122,1145,2,2021-12-31
7123,1146,3,2021-12-31
7124,1147,4,2021-12-31
7125,1148,2,2021-12-31
7126,1150,5,2021-12-31
7127,1151,1,2021-12-31
7128,1152,3,2021-12-31
7129,1154,4,2021-12-31
7130,1155,4,2021-12-31
7131,1157,3,2021-12-31
7132,1158,2,2021-12-31
7133,1160,4,2021-12-31
7134,1161,3,2021-12-31
7135,1162,2,2021-12-31
7136,1163,1,2021-12-31
7137,1164,2,2021-12-31
7138,1166,2,2021-12-31
7139,1167,1,2021-12-31
7140,1169,4,2021-12-31
7141,1170,4,2021-12-31
7142,1171,2,2021-12-31
7143,1172,3,2021-12-31
7144,1174,5,2021-12-31
7145,1175,1,2021-12-31
7146,1177,2,2021-12-31
7147,1178,3,2021-12-31
7148,1179,4,2021-12-31
7149,1180,4,2021-12-31
7150,1181,4,2021-12-31
7151,1182,3,2021-12-31
7152,1183,3,2021-12-31
7153,1184,3,2021-12-31
7154,1185,3,2021-12-31
7155,1186,4,2021-12-31
7156,1187,2,2021-12-31
7157,1188,4,2021-12-31
7158,1189,4,2021-12-31
7159,1190,1,2021-12-31
7160,1191,3,2021-12-31
7161,1192,3,2021-12-31
7162,1193,3,2021-12-31
7163,1194,1,2021-12-31
7164,1195,3,2021-12-31
7165,1196,3,2021-12-31
7166,1197,3,2021-12-31
7167,1199,2,2021-12-31
7168,1200,2,2021-12-31
7169,1201,3,2021-12-31
7170,1202,3,2021-12-31
7171,1203,5,2021-12-31
7172,1204,5,2021-12-31
7173,1205,3,2021-12-31
7174,1206,4,2021-12-31
7175,1207,4,2021-12-31
7176,1208,3,2021-12-31
7177,1209,5,2021-12-31
7178,1210,3,2021-12-31
7179,1211,2,2021-12-31
7180,1212,4,2021-12-31
7181,1213,5,2021-12-31
7182,1214,1,2021-12-31
7183,1216,3,2021-12-31
7184,1217,2,2021-12-31
7185,1218,4,2021-12-31
7186,1219,2,2021-12-31
7187,1220,3,2021-12-31
7188,1221,4,2021-12-31
7189,1222,3,2021-12-31
7190,1223,2,2021-12-31
7191,1224,3,2021-12-31
7192,1225,4,2021-12-31
7193,1226,4,2021-12-31
7194,1227,3,2021-12-31
7195,1228,1,2021-12-31
7196,1229,3,2021-12-31
7197,1230,4,2021-12-31
7198,1231,2,2021-12-31
7199,1232,3,2021-12-31
7200,1234,1,2021-12-31
7201,1236,2,2021-12-31
7202,1237,1,2021-12-31
7203,1238,3,2021-12-31
7204,1239,3,2021-12-31
7205,1240,3,2021-12-31
7206,1241,3,2021-12-31
7207,1242,3,2021-12-31
7208,1243,1,2021-12-31
7209,1245,2,2021-12-31
7210,1246,4,2021-12-31
7211,1247,4,2021-12-31
7212,1248,4,2021-12-31
7213,1249,4,2021-12-31
7214,1250,5,2021-12-31
7215,1251,2,2021-12-31
7216,1252,1,2021-12-31
7217,1253,3,2021-12-31
7218,1254,2,2021-12-31
7219,1255,3,2021-12-31
7220,1256,5,2021-12-31
7221,1257,4,2021-12-31
7222,1258,2,2021-12-31
7223,1259,2,2021-12-31
7224,1260,2,2021-12-31
7225,1261,5,2021-12-31
7226,1262,3,2021-12-31
7227,1263,2,2021-12-31
7228,1264,1,2021-12-31
7229,1265,3,2021-12-31
7230,1266,3,2021-12-31
7231,1267,4,2021-12-31
7232,1268,2,2021-12-31
7233,1269,3,2021-12-31
7234,1270,1,2021-12-31
7235,1271,3,2021-12-31
7236,1272,2,2021-12-31
7237,1273,2,2021-12-31
7238,1274,4,2021-12-31
7239,1275,5,2021-12-31
7240,1276,2,2021-12-31
7241,1277,2,2021-12-31
7242,1278,3,2021-12-31
7243,1279,3,2021-12-31
7244,1280,4,2021-12-31
7245,1281,4,2021-12-31
7246,1282,3,2021-12-31
7247,1283,1,2021-12-31
7248,1284,4,2021-12-31
7249,1285,3,2021-12-31
7250,1286,4,2021-12-31
7251,1287,1,2021-12-31
7252,1288,3,2021-12-31
7253,1290,3,2021-12-31
7254,1291,3,2021-12-31
7255,1293,1,2021-12-31
7256,1295,3,2021-12-31
7257,1296,3,2021-12-31
7258,1297,3,2021-12-31
7259,1299,3,2021-12-31
7260,1300,1,2021-12-31
7261,1302,3,2021-12-31
7262,1303,3,2021-12-31
7263,1304,1,2021-12-31
7264,1305,3,2021-12-31
7265,1306,3,2021-12-31
7266,1307,2,2021-12-31
7267,1308,2,2021-12-31
7268,1309,4,2021-12-31
7269,1311,3,2021-12-31
7270,1312,3,2021-12-31
7271,1313,3,2021-12-31
7272,1314,1,2021-12-31
7273,1315,2,2021-12-31
7274,1316,5,2021-12-31
7275,1317,3,2021-12-31
7276,1318,5,2021-12-31
7277,1320,5,2021-12-31
7278,1321,3,2021-12-31
7279,1322,3,2021-12-31
7280,1323,2,2021-12-31
7281,1324,2,2021-12-31
7282,1325,1,2021-12-31
7283,1326,3,2021-12-31
7284,1327,5,2021-12-31
7285,1328,3,2021-12-31
7286,1329,5,2021-12-31
7287,1330,3,2021-12-31
7288,1331,3,2021-12-31
7289,1332,3,2021-12-31
7290,1333,4,2021-12-31
7291,1334,4,2021-12-31
7292,1335,4,2021-12-31
7293,1336,4,2021-12-31
7294,1337,2,2021-12-31
7295,1338,2,2021-12-31
7296,1339,4,2021-12-31
7297,1340,3,2021-12-31
7298,1341,3,2021-12-31
7299,1342,1,2021-12-31
7300,1343,2,2021-12-31
7301,1344,2,2021-12-31
7302,1345,3,2021-12-31
7303,1346,4,2021-12-31
7304,1347,4,2021-12-31
7305,1348,1,2021-12-31
7306,1349,3,2021-12-31
7307,1350,3,2021-12-31
7308,1351,2,2021-12-31
7309,1352,4,2021-12-31
7310,1353,5,2021-12-31
7311,1354,3,2021-12-31
7312,1355,3,2021-12-31
7313,1356,3,2021-12-31
7314,1357,3,2021-12-31
7315,1358,2,2021-12-31
7316,1359,2,2021-12-31
7317,1360,1,2021-12-31
7318,1361,2,2021-12-31
7319,1362,2,2021-12-31
7320,1363,2,2021-12-31
7321,1364,3,2021-12-31
7322,1365,3,2021-12-31
7323,1366,5,2021-12-31
7324,1367,3,2021-12-31
7325,1368,1,2021-12-31
7326,1369,1,2021-12-31
7327,1370,3,2021-12-31
7328,1371,3,2021-12-31
7329,1372,3,2021-12-31
7330,1373,1,2021-12-31
7331,1374,3,2021-12-31
7332,1375,3,2021-12-31
7333,1376,2,2021-12-31
7334,1377,5,2021-12-31
7335,1378,2,2021-12-31
7336,1379,3,2021-12-31
7337,1380,3,2021-12-31
7338,1381,2,2021-12-31
7339,1382,1,2021-12-31
7340,1383,4,2021-12-31
7341,1384,3,2021-12-31
7342,1385,1,2021-12-31
7343,1386,4,2021-12-31
7344,1387,4,2021-12-31
7345,1388,4,2021-12-31
7346,1389,3,2021-12-31
7347,1390,1,2021-12-31
7348,1391,5,2021-12-31
7349,1392,1,2021-12-31
7350,1393,2,2021-12-31
7351,1394,3,2021-12-31
7352,1395,4,2021-12-31
7353,1396,5,2021-12-31
7354,1397,2,2021-12-31
7355,1398,4,2021-12-31
7356,1399,4,2021-12-31
7357,1400,3,2021-12-31
7358,1401,3,2021-12-31
7359,1402,1,2021-12-31
7360,1403,4,2021-12-31
7361,1404,2,2021-12-31
7362,1405,3,2021-12-31
7363,1406,3,2021-12-31
7364,1407,2,2021-12-31
7365,1408,2,2021-12-31
7366,1409,4,2021-12-31
7367,1410,5,2021-12-31
7368,1411,2,2021-12-31
7369,1412,3,2021-12-31
7370,1413,3,2021-12-31
7371,1414,3,2021-12-31
7372,1415,3,2021-12-31
7373,1427,3,2021-12-31
7374,2,5,2022-12-31
7375,4,3,2022-12-31
7376,8,5,2022-12-31
7377,12,4,2022-12-31
7378,13,4,2022-12-31
7379,14,4,2022-12-31
7380,15,5,2022-12-31
7381,16,5,2022-12-31
7382,17,1,2022-12-31
7383,18,3,2022-12-31
7384,19,5,2022-12-31
7385,20,3,2022-12-31
7386,21,2,2022-12-31
7387,23,3,2022-12-31
7388,24,2,2022-12-31
7389,25,3,2022-12-31
7390,26,3,2022-12-31
7391,27,3,2022-12-31
7392,29,3,2022-12-31
7393,30,1,2022-12-31
7394,32,5,2022-12-31
7395,33,5,2022-12-31
7396,34,5,2022-12-31
7397,35,3,2022-12-31
7398,36,4,2022-12-31
7399,37,5,2022-12-31
7400,38,1,2022-12-31
7401,39,1,2022-12-31
7402,44,2,2022-12-31
7403,45,4,2022-12-31
7404,46,4,2022-12-31
7405,47,3,2022-12-31
7406,48,4,2022-12-31
7407,50,4,2022-12-31
7408,54,4,2022-12-31
7409,55,3,2022-12-31
7410,56,5,2022-12-31
7411,57,1,2022-12-31
7412,58,3,2022-12-31
7413,59,5,2022-12-31
7414,60,4,2022-12-31
7415,62,1,2022-12-31
7416,64,2,2022-12-31
7417,65,4,2022-12-31
7418,66,4,2022-12-31
7419,67,3,2022-12-31
7420,68,1,2022-12-31
7421,69,4,2022-12-31
7422,74,4,2022-12-31
7423,75,5,2022-12-31
7424,77,3,2022-12-31
7425,78,1,2022-12-31
7426,79,3,2022-12-31
7427,80,1,2022-12-31
7428,83,2,2022-12-31
7429,84,3,2022-12-31
7430,85,3,2022-12-31
7431,86,3,2022-12-31
7432,87,3,2022-12-31
7433,88,3,2022-12-31
7434,89,3,2022-12-31
7435,90,1,2022-12-31
7436,91,3,2022-12-31
7437,92,3,2022-12-31
7438,93,3,2022-12-31
7439,94,4,2022-12-31
7440,96,3,2022-12-31
7441,98,3,2022-12-31
7442,99,3,2022-12-31
7443,100,4,2022-12-31
7444,101,3,2022-12-31
7445,102,4,2022-12-31
7446,104,4,2022-12-31
7447,105,3,2022-12-31
7448,107,3,2022-12-31
7449,108,1,2022-12-31
7450,109,3,2022-12-31
7451,110,3,2022-12-31
7452,111,4,2022-12-31
7453,112,4,2022-12-31
7454,113,4,2022-12-31
7455,114,2,2022-12-31
7456,115,3,2022-12-31
7457,116,3,2022-12-31
7458,118,3,2022-12-31
7459,119,4,2022-12-31
7460,122,4,2022-12-31
7461,123,3,2022-12-31
7462,125,3,2022-12-31
7463,127,2,2022-12-31
7464,128,3,2022-12-31
7465,129,4,2022-12-31
7466,130,5,2022-12-31
7467,131,3,2022-12-31
7468,134,2,2022-12-31
7469,135,4,2022-12-31
7470,136,5,2022-12-31
7471,137,3,2022-12-31
7472,139,4,2022-12-31
7473,143,3,2022-12-31
7474,144,4,2022-12-31
7475,145,4,2022-12-31
7476,146,3,2022-12-31
7477,148,5,2022-12-31
7478,149,4,2022-12-31
7479,150,1,2022-12-31
7480,152,2,2022-12-31
7481,154,5,2022-12-31
7482,156,3,2022-12-31
7483,157,2,2022-12-31
7484,160,4,2022-12-31
7485,162,3,2022-12-31
7486,163,3,2022-12-31
7487,166,5,2022-12-31
7488,168,4,2022-12-31
7489,169,4,2022-12-31
7490,170,3,2022-12-31
7491,171,5,2022-12-31
7492,172,3,2022-12-31
7493,174,1,2022-12-31
7494,176,2,2022-12-31
7495,179,3,2022-12-31
7496,181,2,2022-12-31
7497,182,4,2022-12-31
7498,185,5,2022-12-31
7499,186,2,2022-12-31
7500,187,3,2022-12-31
7501,188,5,2022-12-31
7502,189,2,2022-12-31
7503,191,5,2022-12-31
7504,193,5,2022-12-31
7505,194,3,2022-12-31
7506,196,4,2022-12-31
7507,197,3,2022-12-31
7508,198,5,2022-12-31
7509,200,3,2022-12-31
7510,204,4,2022-12-31
7511,205,2,2022-12-31
7512,206,1,2022-12-31
7513,208,3,2022-12-31
7514,209,2,2022-12-31
7515,212,3,2022-12-31
7516,213,4,2022-12-31
7517,216,3,2022-12-31
7518,218,3,2022-12-31
7519,219,5,2022-12-31
7520,220,3,2022-12-31
7521,221,1,2022-12-31
7522,222,3,2022-12-31
7523,223,2,2022-12-31
7524,224,3,2022-12-31
7525,225,4,2022-12-31
7526,227,1,2022-12-31
7527,229,2,2022-12-31
7528,230,5,2022-12-31
7529,231,3,2022-12-31
7530,235,4,2022-12-31
7531,236,3,2022-12-31
7532,237,4,2022-12-31
7533,238,3,2022-12-31
7534,239,4,2022-12-31
7535,240,4,2022-12-31
7536,241,3,2022-12-31
7537,242,1,2022-12-31
7538,244,2,2022-12-31
7539,245,3,2022-12-31
7540,246,2,2022-12-31
7541,247,2,2022-12-31
7542,248,4,2022-12-31
7543,249,3,2022-12-31
7544,251,3,2022-12-31
7545,252,5,2022-12-31
7546,255,2,2022-12-31
7547,256,3,2022-12-31
7548,258,3,2022-12-31
7549,259,2,2022-12-31
7550,260,3,2022-12-31
7551,261,1,2022-12-31
7552,262,3,2022-12-31
7553,263,2,2022-12-31
7554,264,4,2022-12-31
7555,265,3,2022-12-31
7556,267,3,2022-12-31
7557,268,3,2022-12-31
7558,269,2,2022-12-31
7559,270,3,2022-12-31
7560,271,3,2022-12-31
7561,272,2,2022-12-31
7562,274,5,2022-12-31
7563,277,3,2022-12-31
7564,278,4,2022-12-31
7565,279,5,2022-12-31
7566,280,3,2022-12-31
7567,281,3,2022-12-31
7568,282,3,2022-12-31
7569,283,3,2022-12-31
7570,284,3,2022-12-31
7571,286,5,2022-12-31
7572,288,4,2022-12-31
7573,289,5,2022-12-31
7574,291,4,2022-12-31
7575,294,3,2022-12-31
7576,295,3,2022-12-31
7577,296,1,2022-12-31
7578,297,5,2022-12-31
7579,298,3,2022-12-31
7580,302,2,2022-12-31
7581,304,4,2022-12-31
7582,305,4,2022-12-31
7583,306,1,2022-12-31
7584,307,4,2022-12-31
7585,308,4,2022-12-31
7586,310,3,2022-12-31
7587,312,3,2022-12-31
7588,313,3,2022-12-31
7589,315,3,2022-12-31
7590,318,3,2022-12-31
7591,319,5,2022-12-31
7592,320,2,2022-12-31
7593,323,4,2022-12-31
7594,324,3,2022-12-31
7595,325,3,2022-12-31
7596,326,2,2022-12-31
7597,327,3,2022-12-31
7598,329,4,2022-12-31
7599,330,5,2022-12-31
7600,331,3,2022-12-31
7601,332,2,2022-12-31
7602,333,3,2022-12-31
7603,335,3,2022-12-31
7604,336,4,2022-12-31
7605,337,1,2022-12-31
7606,339,1,2022-12-31
7607,340,3,2022-12-31
7608,341,3,2022-12-31
7609,342,1,2022-12-31
7610,344,4,2022-12-31
7611,346,4,2022-12-31
7612,349,3,2022-12-31
7613,352,4,2022-12-31
7614,354,5,2022-12-31
7615,355,3,2022-12-31
7616,357,3,2022-12-31
7617,359,4,2022-12-31
7618,360,2,2022-12-31
7619,362,2,2022-12-31
7620,363,3,2022-12-31
7621,364,1,2022-12-31
7622,365,2,2022-12-31
7623,366,4,2022-12-31
7624,367,3,2022-12-31
7625,369,3,2022-12-31
7626,371,3,2022-12-31
7627,372,4,2022-12-31
7628,374,3,2022-12-31
7629,375,1,2022-12-31
7630,376,4,2022-12-31
7631,377,2,2022-12-31
7632,379,5,2022-12-31
7633,380,3,2022-12-31
7634,381,4,2022-12-31
7635,382,3,2022-12-31
7636,383,4,2022-12-31
7637,384,2,2022-12-31
7638,385,2,2022-12-31
7639,386,3,2022-12-31
7640,388,2,2022-12-31
7641,389,2,2022-12-31
7642,390,3,2022-12-31
7643,392,2,2022-12-31
7644,393,2,2022-12-31
7645,394,2,2022-12-31
7646,395,3,2022-12-31
7647,396,2,2022-12-31
7648,397,3,2022-12-31
7649,398,1,2022-12-31
7650,399,2,2022-12-31
7651,400,3,2022-12-31
7652,402,1,2022-12-31
7653,403,2,2022-12-31
7654,404,4,2022-12-31
7655,405,1,2022-12-31
7656,406,4,2022-12-31
7657,407,3,2022-12-31
7658,408,3,2022-12-31
7659,410,3,2022-12-31
7660,411,3,2022-12-31
7661,412,4,2022-12-31
7662,413,2,2022-12-31
7663,415,2,2022-12-31
7664,416,3,2022-12-31
7665,417,3,2022-12-31
7666,418,3,2022-12-31
7667,419,2,2022-12-31
7668,423,1,2022-12-31
7669,424,3,2022-12-31
7670,427,4,2022-12-31
7671,428,4,2022-12-31
7672,429,3,2022-12-31
7673,430,2,2022-12-31
7674,431,4,2022-12-31
7675,432,3,2022-12-31
7676,433,5,2022-12-31
7677,434,4,2022-12-31
7678,435,2,2022-12-31
7679,436,2,2022-12-31
7680,437,5,2022-12-31
7681,438,3,2022-12-31
7682,439,4,2022-12-31
7683,442,3,2022-12-31
7684,443,3,2022-12-31
7685,444,3,2022-12-31
7686,446,3,2022-12-31
7687,447,2,2022-12-31
7688,448,5,2022-12-31
7689,449,5,2022-12-31
7690,450,2,2022-12-31
7691,452,3,2022-12-31
7692,453,3,2022-12-31
7693,454,3,2022-12-31
7694,455,3,2022-12-31
7695,456,5,2022-12-31
7696,458,3,2022-12-31
7697,460,3,2022-12-31
7698,462,1,2022-12-31
7699,466,3,2022-12-31
7700,467,1,2022-12-31
7701,468,3,2022-12-31
7702,469,3,2022-12-31
7703,470,3,2022-12-31
7704,471,3,2022-12-31
7705,472,2,2022-12-31
7706,473,3,2022-12-31
7707,475,5,2022-12-31
7708,476,2,2022-12-31
7709,478,2,2022-12-31
7710,479,4,2022-12-31
7711,480,3,2022-12-31
7712,483,2,2022-12-31
7713,484,3,2022-12-31
7714,485,3,2022-12-31
7715,487,3,2022-12-31
7716,490,5,2022-12-31
7717,491,1,2022-12-31
7718,492,2,2022-12-31
7719,493,3,2022-12-31
7720,494,4,2022-12-31
7721,496,3,2022-12-31
7722,497,3,2022-12-31
7723,498,2,2022-12-31
7724,499,1,2022-12-31
7725,505,3,2022-12-31
7726,506,1,2022-12-31
7727,507,5,2022-12-31
7728,508,3,2022-12-31
7729,510,4,2022-12-31
7730,511,3,2022-12-31
7731,512,4,2022-12-31
7732,515,3,2022-12-31
7733,516,3,2022-12-31
7734,517,2,2022-12-31
7735,518,4,2022-12-31
7736,519,3,2022-12-31
7737,520,3,2022-12-31
7738,521,1,2022-12-31
7739,522,1,2022-12-31
7740,523,1,2022-12-31
7741,524,3,2022-12-31
7742,526,3,2022-12-31
7743,527,3,2022-12-31
7744,528,1,2022-12-31
7745,529,1,2022-12-31
7746,530,2,2022-12-31
7747,532,5,2022-12-31
7748,533,1,2022-12-31
7749,534,1,2022-12-31
7750,535,1,2022-12-31
7751,536,2,2022-12-31
7752,537,5,2022-12-31
7753,538,2,2022-12-31
7754,539,3,2022-12-31
7755,540,3,2022-12-31
7756,542,5,2022-12-31
7757,543,3,2022-12-31
7758,544,2,2022-12-31
7759,545,2,2022-12-31
7760,546,4,2022-12-31
7761,547,3,2022-12-31
7762,549,3,2022-12-31
7763,550,3,2022-12-31
7764,551,3,2022-12-31
7765,552,4,2022-12-31
7766,553,2,2022-12-31
7767,554,4,2022-12-31
7768,556,5,2022-12-31
7769,558,3,2022-12-31
7770,559,3,2022-12-31
7771,560,5,2022-12-31
7772,561,3,2022-12-31
7773,562,3,2022-12-31
7774,565,1,2022-12-31
7775,566,2,2022-12-31
7776,568,2,2022-12-31
7777,569,1,2022-12-31
7778,570,1,2022-12-31
7779,572,2,2022-12-31
7780,574,2,2022-12-31
7781,575,2,2022-12-31
7782,576,4,2022-12-31
7783,577,3,2022-12-31
7784,578,4,2022-12-31
7785,579,2,2022-12-31
7786,581,3,2022-12-31
7787,583,2,2022-12-31
7788,584,2,2022-12-31
7789,586,3,2022-12-31
7790,589,4,2022-12-31
7791,590,1,2022-12-31
7792,591,3,2022-12-31
7793,593,3,2022-12-31
7794,594,2,2022-12-31
7795,595,3,2022-12-31
7796,596,3,2022-12-31
7797,597,3,2022-12-31
7798,600,3,2022-12-31
7799,601,3,2022-12-31
7800,602,3,2022-12-31
7801,604,4,2022-12-31
7802,605,4,2022-12-31
7803,606,5,2022-12-31
7804,607,3,2022-12-31
7805,611,2,2022-12-31
7806,612,2,2022-12-31
7807,613,1,2022-12-31
7808,614,1,2022-12-31
7809,615,3,2022-12-31
7810,616,4,2022-12-31
7811,617,3,2022-12-31
7812,618,3,2022-12-31
7813,619,3,2022-12-31
7814,622,3,2022-12-31
7815,623,3,2022-12-31
7816,627,3,2022-12-31
7817,629,3,2022-12-31
7818,632,2,2022-12-31
7819,633,3,2022-12-31
7820,634,3,2022-12-31
7821,635,2,2022-12-31
7822,636,4,2022-12-31
7823,638,3,2022-12-31
7824,639,2,2022-12-31
7825,640,3,2022-12-31
7826,642,3,2022-12-31
7827,643,3,2022-12-31
7828,644,1,2022-12-31
7829,645,2,2022-12-31
7830,646,5,2022-12-31
7831,651,4,2022-12-31
7832,652,3,2022-12-31
7833,653,3,2022-12-31
7834,654,1,2022-12-31
7835,658,2,2022-12-31
7836,659,3,2022-12-31
7837,660,2,2022-12-31
7838,661,3,2022-12-31
7839,664,3,2022-12-31
7840,667,3,2022-12-31
7841,668,4,2022-12-31
7842,669,3,2022-12-31
7843,670,2,2022-12-31
7844,672,3,2022-12-31
7845,675,3,2022-12-31
7846,677,4,2022-12-31
7847,679,3,2022-12-31
7848,680,2,2022-12-31
7849,681,3,2022-12-31
7850,682,4,2022-12-31
7851,683,4,2022-12-31
7852,684,3,2022-12-31
7853,685,2,2022-12-31
7854,688,3,2022-12-31
7855,689,3,2022-12-31
7856,690,3,2022-12-31
7857,691,3,2022-12-31
7858,693,5,2022-12-31
7859,694,3,2022-12-31
7860,695,3,2022-12-31
7861,696,1,2022-12-31
7862,698,4,2022-12-31
7863,699,4,2022-12-31
7864,700,4,2022-12-31
7865,702,3,2022-12-31
7866,703,3,2022-12-31
7867,704,2,2022-12-31
7868,709,1,2022-12-31
7869,711,3,2022-12-31
7870,713,3,2022-12-31
7871,714,4,2022-12-31
7872,716,4,2022-12-31
7873,718,3,2022-12-31
7874,719,5,2022-12-31
7875,720,1,2022-12-31
7876,723,4,2022-12-31
7877,724,4,2022-12-31
7878,725,5,2022-12-31
7879,726,3,2022-12-31
7880,727,4,2022-12-31
7881,729,3,2022-12-31
7882,730,2,2022-12-31
7883,731,3,2022-12-31
7884,732,3,2022-12-31
7885,736,2,2022-12-31
7886,737,3,2022-12-31
7887,738,2,2022-12-31
7888,739,3,2022-12-31
7889,740,2,2022-12-31
7890,741,4,2022-12-31
7891,742,1,2022-12-31
7892,744,3,2022-12-31
7893,745,3,2022-12-31
7894,746,3,2022-12-31
7895,747,2,2022-12-31
7896,749,2,2022-12-31
7897,750,3,2022-12-31
7898,751,3,2022-12-31
7899,752,2,2022-12-31
7900,754,2,2022-12-31
7901,755,2,2022-12-31
7902,757,3,2022-12-31
7903,759,5,2022-12-31
7904,760,2,2022-12-31
7905,761,2,2022-12-31
7906,762,2,2022-12-31
7907,764,3,2022-12-31
7908,765,3,2022-12-31
7909,767,5,2022-12-31
7910,768,5,2022-12-31
7911,773,3,2022-12-31
7912,774,3,2022-12-31
7913,777,2,2022-12-31
7914,778,3,2022-12-31
7915,784,3,2022-12-31
7916,785,2,2022-12-31
7917,788,4,2022-12-31
7918,789,3,2022-12-31
7919,791,3,2022-12-31
7920,792,3,2022-12-31
7921,793,3,2022-12-31
7922,795,4,2022-12-31
7923,796,3,2022-12-31
7924,797,4,2022-12-31
7925,798,3,2022-12-31
7926,800,3,2022-12-31
7927,801,1,2022-12-31
7928,803,1,2022-12-31
7929,807,3,2022-12-31
7930,808,2,2022-12-31
7931,809,3,2022-12-31
7932,810,3,2022-12-31
7933,813,1,2022-12-31
7934,815,4,2022-12-31
7935,816,2,2022-12-31
7936,817,3,2022-12-31
7937,818,5,2022-12-31
7938,819,3,2022-12-31
7939,820,1,2022-12-31
7940,821,4,2022-12-31
7941,824,5,2022-12-31
7942,825,2,2022-12-31
7943,826,2,2022-12-31
7944,827,2,2022-12-31
7945,828,5,2022-12-31
7946,829,3,2022-12-31
7947,831,5,2022-12-31
7948,832,4,2022-12-31
7949,833,3,2022-12-31
7950,836,3,2022-12-31
7951,838,4,2022-12-31
7952,840,4,2022-12-31
7953,841,2,2022-12-31
7954,842,2,2022-12-31
7955,843,4,2022-12-31
7956,844,1,2022-12-31
7957,848,3,2022-12-31
7958,849,2,2022-12-31
7959,851,3,2022-12-31
7960,853,1,2022-12-31
7961,857,1,2022-12-31
7962,859,1,2022-12-31
7963,860,4,2022-12-31
7964,861,5,2022-12-31
7965,864,1,2022-12-31
7966,865,3,2022-12-31
7967,866,3,2022-12-31
7968,868,3,2022-12-31
7969,869,4,2022-12-31
7970,870,4,2022-12-31
7971,871,3,2022-12-31
7972,873,2,2022-12-31
7973,874,2,2022-12-31
7974,875,1,2022-12-31
7975,876,3,2022-12-31
7976,877,3,2022-12-31
7977,879,2,2022-12-31
7978,880,3,2022-12-31
7979,881,1,2022-12-31
7980,883,4,2022-12-31
7981,884,2,2022-12-31
7982,885,4,2022-12-31
7983,886,3,2022-12-31
7984,887,2,2022-12-31
7985,888,3,2022-12-31
7986,890,3,2022-12-31
7987,891,2,2022-12-31
7988,892,4,2022-12-31
7989,893,1,2022-12-31
7990,894,4,2022-12-31
7991,895,1,2022-12-31
7992,896,3,2022-12-31
7993,897,4,2022-12-31
7994,898,4,2022-12-31
7995,899,4,2022-12-31
7996,900,2,2022-12-31
7997,902,2,2022-12-31
7998,903,3,2022-12-31
7999,904,5,2022-12-31
8000,905,2,2022-12-31
8001,906,4,2022-12-31
8002,907,3,2022-12-31
8003,908,3,2022-12-31
8004,911,2,2022-12-31
8005,912,2,2022-12-31
8006,913,5,2022-12-31
8007,914,5,2022-12-31
8008,915,3,2022-12-31
8009,916,4,2022-12-31
8010,918,3,2022-12-31
8011,919,3,2022-12-31
8012,920,3,2022-12-31
8013,922,2,2022-12-31
8014,923,5,2022-12-31
8015,925,2,2022-12-31
8016,926,5,2022-12-31
8017,927,4,2022-12-31
8018,928,3,2022-12-31
8019,929,3,2022-12-31
8020,930,1,2022-12-31
8021,931,2,2022-12-31
8022,932,4,2022-12-31
8023,934,4,2022-12-31
8024,935,4,2022-12-31
8025,936,5,2022-12-31
8026,938,2,2022-12-31
8027,939,2,2022-12-31
8028,941,2,2022-12-31
8029,942,3,2022-12-31
8030,943,3,2022-12-31
8031,946,4,2022-12-31
8032,947,3,2022-12-31
8033,948,2,2022-12-31
8034,949,2,2022-12-31
8035,952,3,2022-12-31
8036,953,4,2022-12-31
8037,956,3,2022-12-31
8038,957,2,2022-12-31
8039,961,3,2022-12-31
8040,963,2,2022-12-31
8041,964,5,2022-12-31
8042,965,4,2022-12-31
8043,966,3,2022-12-31
8044,967,3,2022-12-31
8045,968,4,2022-12-31
8046,970,2,2022-12-31
8047,971,3,2022-12-31
8048,972,3,2022-12-31
8049,973,3,2022-12-31
8050,974,1,2022-12-31
8051,977,3,2022-12-31
8052,978,2,2022-12-31
8053,979,2,2022-12-31
8054,980,3,2022-12-31
8055,981,5,2022-12-31
8056,982,4,2022-12-31
8057,983,4,2022-12-31
8058,984,2,2022-12-31
8059,986,2,2022-12-31
8060,987,4,2022-12-31
8061,989,1,2022-12-31
8062,990,2,2022-12-31
8063,991,2,2022-12-31
8064,992,4,2022-12-31
8065,993,3,2022-12-31
8066,994,4,2022-12-31
8067,995,3,2022-12-31
8068,997,3,2022-12-31
8069,998,3,2022-12-31
8070,999,3,2022-12-31
8071,1000,2,2022-12-31
8072,1001,1,2022-12-31
8073,1002,3,2022-12-31
8074,1003,2,2022-12-31
8075,1004,2,2022-12-31
8076,1005,2,2022-12-31
8077,1008,3,2022-12-31
8078,1009,2,2022-12-31
8079,1010,1,2022-12-31
8080,1012,2,2022-12-31
8081,1013,3,2022-12-31
8082,1015,3,2022-12-31
8083,1016,3,2022-12-31
8084,1017,4,2022-12-31
8085,1018,3,2022-12-31
8086,1020,3,2022-12-31
8087,1022,4,2022-12-31
8088,1023,4,2022-12-31
8089,1024,4,2022-12-31
8090,1025,4,2022-12-31
8091,1026,2,2022-12-31
8092,1027,2,2022-12-31
8093,1029,3,2022-12-31
8094,1030,3,2022-12-31
8095,1032,4,2022-12-31
8096,1033,2,2022-12-31
8097,1034,2,2022-12-31
8098,1035,1,2022-12-31
8099,1036,2,2022-12-31
8100,1037,2,2022-12-31
8101,1038,4,2022-12-31
8102,1039,1,2022-12-31
8103,1041,2,2022-12-31
8104,1043,3,2022-12-31
8105,1044,3,2022-12-31
8106,1045,3,2022-12-31
8107,1047,3,2022-12-31
8108,1049,4,2022-12-31
8109,1050,3,2022-12-31
8110,1051,4,2022-12-31
8111,1055,1,2022-12-31
8112,1057,2,2022-12-31
8113,1058,3,2022-12-31
8114,1059,4,2022-12-31
8115,1060,2,2022-12-31
8116,1061,5,2022-12-31
8117,1062,3,2022-12-31
8118,1063,3,2022-12-31
8119,1065,4,2022-12-31
8120,1066,3,2022-12-31
8121,1068,3,2022-12-31
8122,1069,3,2022-12-31
8123,1072,3,2022-12-31
8124,1073,4,2022-12-31
8125,1074,4,2022-12-31
8126,1075,2,2022-12-31
8127,1077,4,2022-12-31
8128,1078,4,2022-12-31
8129,1079,3,2022-12-31
8130,1080,1,2022-12-31
8131,1081,2,2022-12-31
8132,1083,2,2022-12-31
8133,1085,3,2022-12-31
8134,1086,4,2022-12-31
8135,1087,2,2022-12-31
8136,1088,2,2022-12-31
8137,1089,3,2022-12-31
8138,1090,3,2022-12-31
8139,1091,4,2022-12-31
8140,1092,2,2022-12-31
8141,1093,2,2022-12-31
8142,1094,3,2022-12-31
8143,1096,2,2022-12-31
8144,1097,3,2022-12-31
8145,1101,2,2022-12-31
8146,1102,4,2022-12-31
8147,1104,5,2022-12-31
8148,1105,2,2022-12-31
8149,1106,1,2022-12-31
8150,1107,1,2022-12-31
8151,1108,2,2022-12-31
8152,1109,5,2022-12-31
8153,1110,2,2022-12-31
8154,1111,5,2022-12-31
8155,1112,1,2022-12-31
8156,1113,5,2022-12-31
8157,1114,5,2022-12-31
8158,1115,4,2022-12-31
8159,1117,2,2022-12-31
8160,1121,2,2022-12-31
8161,1122,3,2022-12-31
8162,1123,2,2022-12-31
8163,1124,3,2022-12-31
8164,1125,2,2022-12-31
8165,1126,4,2022-12-31
8166,1127,2,2022-12-31
8167,1128,1,2022-12-31
8168,1129,5,2022-12-31
8169,1130,3,2022-12-31
8170,1131,3,2022-12-31
8171,1133,2,2022-12-31
8172,1134,3,2022-12-31
8173,1135,3,2022-12-31
8174,1136,3,2022-12-31
8175,1137,3,2022-12-31
8176,1138,3,2022-12-31
8177,1140,3,2022-12-31
8178,1141,3,2022-12-31
8179,1142,3,2022-12-31
8180,1143,4,2022-12-31
8181,1145,1,2022-12-31
8182,1146,3,2022-12-31
8183,1147,3,2022-12-31
8184,1150,3,2022-12-31
8185,1151,4,2022-12-31
8186,1152,3,2022-12-31
8187,1154,5,2022-12-31
8188,1155,5,2022-12-31
8189,1158,4,2022-12-31
8190,1160,4,2022-12-31
8191,1161,1,2022-12-31
8192,1162,5,2022-12-31
8193,1163,3,2022-12-31
8194,1164,2,2022-12-31
8195,1166,1,2022-12-31
8196,1167,3,2022-12-31
8197,1169,1,2022-12-31
8198,1170,3,2022-12-31
8199,1171,3,2022-12-31
8200,1172,5,2022-12-31
8201,1174,3,2022-12-31
8202,1175,2,2022-12-31
8203,1177,2,2022-12-31
8204,1178,3,2022-12-31
8205,1179,2,2022-12-31
8206,1180,4,2022-12-31
8207,1181,4,2022-12-31
8208,1182,1,2022-12-31
8209,1183,3,2022-12-31
8210,1184,3,2022-12-31
8211,1185,1,2022-12-31
8212,1186,3,2022-12-31
8213,1187,1,2022-12-31
8214,1188,2,2022-12-31
8215,1189,3,2022-12-31
8216,1190,3,2022-12-31
8217,1191,3,2022-12-31
8218,1192,2,2022-12-31
8219,1193,3,2022-12-31
8220,1195,2,2022-12-31
8221,1196,4,2022-12-31
8222,1197,1,2022-12-31
8223,1199,4,2022-12-31
8224,1200,4,2022-12-31
8225,1201,4,2022-12-31
8226,1202,4,2022-12-31
8227,1203,2,2022-12-31
8228,1204,1,2022-12-31
8229,1205,3,2022-12-31
8230,1206,5,2022-12-31
8231,1208,3,2022-12-31
8232,1210,3,2022-12-31
8233,1212,3,2022-12-31
8234,1213,4,2022-12-31
8235,1214,3,2022-12-31
8236,1216,4,2022-12-31
8237,1217,3,2022-12-31
8238,1219,4,2022-12-31
8239,1220,4,2022-12-31
8240,1221,3,2022-12-31
8241,1222,1,2022-12-31
8242,1223,4,2022-12-31
8243,1224,5,2022-12-31
8244,1225,2,2022-12-31
8245,1226,3,2022-12-31
8246,1227,3,2022-12-31
8247,1228,2,2022-12-31
8248,1229,4,2022-12-31
8249,1230,5,2022-12-31
8250,1231,2,2022-12-31
8251,1232,3,2022-12-31
8252,1234,3,2022-12-31
8253,1236,1,2022-12-31
8254,1237,1,2022-12-31
8255,1238,2,2022-12-31
8256,1239,4,2022-12-31
8257,1240,2,2022-12-31
8258,1241,4,2022-12-31
8259,1243,3,2022-12-31
8260,1246,3,2022-12-31
8261,1247,4,2022-12-31
8262,1249,4,2022-12-31
8263,1250,3,2022-12-31
8264,1251,3,2022-12-31
8265,1252,3,2022-12-31
8266,1253,4,2022-12-31
8267,1254,3,2022-12-31
8268,1255,3,2022-12-31
8269,1256,5,2022-12-31
8270,1257,3,2022-12-31
8271,1258,1,2022-12-31
8272,1259,5,2022-12-31
8273,1260,2,2022-12-31
8274,1261,3,2022-12-31
8275,1262,3,2022-12-31
8276,1263,4,2022-12-31
8277,1264,5,2022-12-31
8278,1265,3,2022-12-31
8279,1266,1,2022-12-31
8280,1267,5,2022-12-31
8281,1268,3,2022-12-31
8282,1269,2,2022-12-31
8283,1270,1,2022-12-31
8284,1271,1,2022-12-31
8285,1272,3,2022-12-31
8286,1273,2,2022-12-31
8287,1274,3,2022-12-31
8288,1275,3,2022-12-31
8289,1276,2,2022-12-31
8290,1277,4,2022-12-31
8291,1278,4,2022-12-31
8292,1279,4,2022-12-31
8293,1280,3,2022-12-31
8294,1281,1,2022-12-31
8295,1282,3,2022-12-31
8296,1283,5,2022-12-31
8297,1284,3,2022-12-31
8298,1285,2,2022-12-31
8299,1286,3,2022-12-31
8300,1287,3,2022-12-31
8301,1288,3,2022-12-31
8302,1291,3,2022-12-31
8303,1293,5,2022-12-31
8304,1295,5,2022-12-31
8305,1296,4,2022-12-31
8306,1297,3,2022-12-31
8307,1300,3,2022-12-31
8308,1302,2,2022-12-31
8309,1304,1,2022-12-31
8310,1305,1,2022-12-31
8311,1306,3,2022-12-31
8312,1307,1,2022-12-31
8313,1308,2,2022-12-31
8314,1309,2,2022-12-31
8315,1311,4,2022-12-31
8316,1312,4,2022-12-31
8317,1313,3,2022-12-31
8318,1314,2,2022-12-31
8319,1315,1,2022-12-31
8320,1316,1,2022-12-31
8321,1317,4,2022-12-31
8322,1318,5,2022-12-31
8323,1320,4,2022-12-31
8324,1322,2,2022-12-31
8325,1323,1,2022-12-31
8326,1324,3,2022-12-31
8327,1325,4,2022-12-31
8328,1326,4,2022-12-31
8329,1327,2,2022-12-31
8330,1328,3,2022-12-31
8331,1329,2,2022-12-31
8332,1330,4,2022-12-31
8333,1331,3,2022-12-31
8334,1332,3,2022-12-31
8335,1333,1,2022-12-31
8336,1334,3,2022-12-31
8337,1335,4,2022-12-31
8338,1336,3,2022-12-31
8339,1337,2,2022-12-31
8340,1338,4,2022-12-31
8341,1339,1,2022-12-31
8342,1340,2,2022-12-31
8343,1341,5,2022-12-31
8344,1342,4,2022-12-31
8345,1343,4,2022-12-31
8346,1344,4,2022-12-31
8347,1345,2,2022-12-31
8348,1346,5,2022-12-31
8349,1347,3,2022-12-31
8350,1348,2,2022-12-31
8351,1349,3,2022-12-31
8352,1350,2,2022-12-31
8353,1351,1,2022-12-31
8354,1352,2,2022-12-31
8355,1353,5,2022-12-31
8356,1354,4,2022-12-31
8357,1355,1,2022-12-31
8358,1356,4,2022-12-31
8359,1357,5,2022-12-31
8360,1358,3,2022-12-31
8361,1359,2,2022-12-31
8362,1360,1,2022-12-31
8363,1361,3,2022-12-31
8364,1362,4,2022-12-31
8365,1363,5,2022-12-31
8366,1364,1,2022-12-31
8367,1365,2,2022-12-31
8368,1366,3,2022-12-31
8369,1367,3,2022-12-31
8370,1368,1,2022-12-31
8371,1370,3,2022-12-31
8372,1371,1,2022-12-31
8373,1372,3,2022-12-31
8374,1373,3,2022-12-31
8375,1374,1,2022-12-31
8376,1375,3,2022-12-31
8377,1376,2,2022-12-31
8378,1378,5,2022-12-31
8379,1379,3,2022-12-31
8380,1380,3,2022-12-31
8381,1381,4,2022-12-31
8382,1382,4,2022-12-31
8383,1383,2,2022-12-31
8384,1384,4,2022-12-31
8385,1385,3,2022-12-31
8386,1386,5,2022-12-31
8387,1387,2,2022-12-31
8388,1388,3,2022-12-31
8389,1389,4,2022-12-31
8390,1390,3,2022-12-31
8391,1391,3,2022-12-31
8392,1392,3,2022-12-31
8393,1393,5,2022-12-31
8394,1394,5,2022-12-31
8395,1395,3,2022-12-31
8396,1396,3,2022-12-31
8397,1397,3,2022-12-31
8398,1398,2,2022-12-31
8399,1399,4,2022-12-31
8400,1400,3,2022-12-31
8401,1401,4,2022-12-31
8402,1402,4,2022-12-31
8403,1403,4,2022-12-31
8404,1404,5,2022-12-31
8405,1405,2,2022-12-31
8406,1406,4,2022-12-31
8407,1407,5,2022-12-31
8408,1408,3,2022-12-31
8409,1409,3,2022-12-31
8410,1410,3,2022-12-31
8411,1411,3,2022-12-31
8412,1412,3,2022-12-31
8413,1413,3,2022-12-31
8414,1414,2,2022-12-31
8415,1415,3,2022-12-31
8416,1416,3,2022-12-31
8417,1417,4,2022-12-31
8418,1418,3,2022-12-31
8419,1419,4,2022-12-31
8420,1421,3,2022-12-31
8421,1422,3,2022-12-31
8422,1423,3,2022-12-31
8423,1424,4,2022-12-31
8424,1425,4,2022-12-31
8425,1426,4,2022-12-31
8426,1427,3,2022-12-31
8427,1428,2,2022-12-31
8428,1429,4,2022-12-31
8429,1430,2,2022-12-31
8430,1431,4,2022-12-31
8431,1432,4,2022-12-31
8432,1433,2,2022-12-31
8433,1434,3,2022-12-31
8434,1435,3,2022-12-31
8435,1436,3,2022-12-31
8436,1437,4,2022-12-31
8437,1438,4,2022-12-31
8438,1439,2,2022-12-31
8439,1440,3,2022-12-31
8440,1441,5,2022-12-31
8441,1442,3,2022-12-31
8442,1443,3,2022-12-31
8443,1444,1,2022-12-31
8444,1445,5,2022-12-31
8445,1446,5,2022-12-31
8446,1447,4,2022-12-31
8447,1448,4,2022-12-31
8448,1449,2,2022-12-31
8449,1450,2,2022-12-31
8450,1451,2,2022-12-31
8451,1452,2,2022-12-31
8452,1454,4,2022-12-31
8453,1455,3,2022-12-31
8454,1456,4,2022-12-31
8455,1457,3,2022-12-31
8456,1458,3,2022-12-31
8457,1459,3,2022-12-31
8458,1460,3,2022-12-31
8459,1461,2,2022-12-31
8460,1462,3,2022-12-31
8461,1463,5,2022-12-31
8462,1464,2,2022-12-31
8463,1465,3,2022-12-31
8464,1466,4,2022-12-31
8465,1467,2,2022-12-31
8466,1468,2,2022-12-31
8467,1469,4,2022-12-31
8468,1470,3,2022-12-31
8469,1471,2,2022-12-31
8470,1472,4,2022-12-31
8471,1473,4,2022-12-31
8472,1474,3,2022-12-31
8473,1475,3,2022-12-31
8474,1476,3,2022-12-31
8475,1477,3,2022-12-31
8476,1478,5,2022-12-31
8477,1479,3,2022-12-31
8478,1480,4,2022-12-31
8479,1481,4,2022-12-31
8480,1482,1,2022-12-31
8481,1483,1,2022-12-31
8482,1484,2,2022-12-31
8483,1485,4,2022-12-31
8484,1486,1,2022-12-31
8485,1487,3,2022-12-31
8486,1504,5,2022-12-31
8487,1512,1,2022-12-31
8488,2,3,2023-12-31
8489,4,2,2023-12-31
8490,8,5,2023-12-31
8491,12,4,2023-12-31
8492,13,3,2023-12-31
8493,14,3,2023-12-31
8494,15,4,2023-12-31
8495,16,3,2023-12-31
8496,17,4,2023-12-31
8497,18,5,2023-12-31
8498,19,4,2023-12-31
8499,20,3,2023-12-31
8500,21,3,2023-12-31
8501,23,3,2023-12-31
8502,24,4,2023-12-31
8503,25,5,2023-12-31
8504,26,5,2023-12-31
8505,27,5,2023-12-31
8506,29,4,2023-12-31
8507,30,4,2023-12-31
8508,32,4,2023-12-31
8509,33,4,2023-12-31
8510,34,1,2023-12-31
8511,35,3,2023-12-31
8512,36,4,2023-12-31
8513,37,3,2023-12-31
8514,38,2,2023-12-31
8515,39,2,2023-12-31
8516,45,5,2023-12-31
8517,46,3,2023-12-31
8518,47,4,2023-12-31
8519,48,3,2023-12-31
8520,50,3,2023-12-31
8521,54,2,2023-12-31
8522,55,3,2023-12-31
8523,56,2,2023-12-31
8524,57,3,2023-12-31
8525,58,3,2023-12-31
8526,59,4,2023-12-31
8527,60,4,2023-12-31
8528,62,3,2023-12-31
8529,64,2,2023-12-31
8530,65,3,2023-12-31
8531,66,3,2023-12-31
8532,67,4,2023-12-31
8533,68,2,2023-12-31
8534,69,2,2023-12-31
8535,74,5,2023-12-31
8536,75,3,2023-12-31
8537,77,4,2023-12-31
8538,78,1,2023-12-31
8539,79,3,2023-12-31
8540,80,1,2023-12-31
8541,83,2,2023-12-31
8542,84,3,2023-12-31
8543,85,4,2023-12-31
8544,86,4,2023-12-31
8545,87,3,2023-12-31
8546,88,4,2023-12-31
8547,89,2,2023-12-31
8548,90,4,2023-12-31
8549,91,4,2023-12-31
8550,92,4,2023-12-31
8551,93,1,2023-12-31
8552,94,4,2023-12-31
8553,96,4,2023-12-31
8554,98,3,2023-12-31
8555,99,4,2023-12-31
8556,100,3,2023-12-31
8557,101,3,2023-12-31
8558,102,3,2023-12-31
8559,104,5,2023-12-31
8560,105,3,2023-12-31
8561,107,1,2023-12-31
8562,108,5,2023-12-31
8563,109,3,2023-12-31
8564,110,5,2023-12-31
8565,111,4,2023-12-31
8566,112,4,2023-12-31
8567,113,3,2023-12-31
8568,114,3,2023-12-31
8569,115,2,2023-12-31
8570,116,5,2023-12-31
8571,118,2,2023-12-31
8572,119,2,2023-12-31
8573,122,4,2023-12-31
8574,123,4,2023-12-31
8575,125,3,2023-12-31
8576,127,4,2023-12-31
8577,128,2,2023-12-31
8578,129,4,2023-12-31
8579,130,2,2023-12-31
8580,131,3,2023-12-31
8581,134,3,2023-12-31
8582,135,3,2023-12-31
8583,136,5,2023-12-31
8584,137,2,2023-12-31
8585,139,2,2023-12-31
8586,143,2,2023-12-31
8587,144,3,2023-12-31
8588,145,3,2023-12-31
8589,148,4,2023-12-31
8590,149,5,2023-12-31
8591,150,3,2023-12-31
8592,152,3,2023-12-31
8593,154,2,2023-12-31
8594,156,3,2023-12-31
8595,160,3,2023-12-31
8596,162,1,2023-12-31
8597,163,3,2023-12-31
8598,166,4,2023-12-31
8599,168,3,2023-12-31
8600,169,1,2023-12-31
8601,170,5,2023-12-31
8602,171,3,2023-12-31
8603,172,3,2023-12-31
8604,176,4,2023-12-31
8605,179,3,2023-12-31
8606,181,2,2023-12-31
8607,182,4,2023-12-31
8608,186,3,2023-12-31
8609,187,4,2023-12-31
8610,188,3,2023-12-31
8611,189,1,2023-12-31
8612,191,2,2023-12-31
8613,193,3,2023-12-31
8614,194,3,2023-12-31
8615,196,3,2023-12-31
8616,197,3,2023-12-31
8617,198,2,2023-12-31
8618,200,3,2023-12-31
8619,204,2,2023-12-31
8620,206,3,2023-12-31
8621,208,4,2023-12-31
8622,209,1,2023-12-31
8623,212,4,2023-12-31
8624,213,1,2023-12-31
8625,216,4,2023-12-31
8626,218,3,2023-12-31
8627,219,4,2023-12-31
8628,220,4,2023-12-31
8629,221,3,2023-12-31
8630,222,2,2023-12-31
8631,223,3,2023-12-31
8632,224,3,2023-12-31
8633,225,3,2023-12-31
8634,227,2,2023-12-31
8635,229,4,2023-12-31
8636,230,4,2023-12-31
8637,231,3,2023-12-31
8638,235,3,2023-12-31
8639,237,4,2023-12-31
8640,238,1,2023-12-31
8641,239,4,2023-12-31
8642,240,2,2023-12-31
8643,241,1,2023-12-31
8644,242,1,2023-12-31
8645,244,2,2023-12-31
8646,245,4,2023-12-31
8647,246,4,2023-12-31
8648,248,1,2023-12-31
8649,249,3,2023-12-31
8650,251,3,2023-12-31
8651,252,3,2023-12-31
8652,255,4,2023-12-31
8653,256,1,2023-12-31
8654,258,3,2023-12-31
8655,259,2,2023-12-31
8656,260,4,2023-12-31
8657,261,3,2023-12-31
8658,262,4,2023-12-31
8659,263,1,2023-12-31
8660,265,4,2023-12-31
8661,267,3,2023-12-31
8662,268,3,2023-12-31
8663,269,4,2023-12-31
8664,270,5,2023-12-31
8665,271,1,2023-12-31
8666,272,4,2023-12-31
8667,274,5,2023-12-31
8668,277,4,2023-12-31
8669,278,5,2023-12-31
8670,279,3,2023-12-31
8671,280,3,2023-12-31
8672,281,3,2023-12-31
8673,282,3,2023-12-31
8674,283,4,2023-12-31
8675,284,1,2023-12-31
8676,286,3,2023-12-31
8677,288,4,2023-12-31
8678,289,5,2023-12-31
8679,291,2,2023-12-31
8680,294,2,2023-12-31
8681,295,2,2023-12-31
8682,296,3,2023-12-31
8683,297,2,2023-12-31
8684,298,2,2023-12-31
8685,302,4,2023-12-31
8686,304,2,2023-12-31
8687,306,5,2023-12-31
8688,307,2,2023-12-31
8689,308,5,2023-12-31
8690,310,2,2023-12-31
8691,312,3,2023-12-31
8692,315,5,2023-12-31
8693,318,4,2023-12-31
8694,319,3,2023-12-31
8695,320,5,2023-12-31
8696,323,3,2023-12-31
8697,324,4,2023-12-31
8698,325,1,2023-12-31
8699,326,2,2023-12-31
8700,327,2,2023-12-31
8701,329,5,2023-12-31
8702,330,4,2023-12-31
8703,332,4,2023-12-31
8704,333,2,2023-12-31
8705,335,3,2023-12-31
8706,336,3,2023-12-31
8707,337,5,2023-12-31
8708,339,5,2023-12-31
8709,340,3,2023-12-31
8710,341,3,2023-12-31
8711,342,3,2023-12-31
8712,344,1,2023-12-31
8713,346,2,2023-12-31
8714,349,2,2023-12-31
8715,352,4,2023-12-31
8716,354,1,2023-12-31
8717,355,3,2023-12-31
8718,359,4,2023-12-31
8719,360,3,2023-12-31
8720,362,4,2023-12-31
8721,363,3,2023-12-31
8722,365,4,2023-12-31
8723,366,3,2023-12-31
8724,367,5,2023-12-31
8725,369,3,2023-12-31
8726,371,2,2023-12-31
8727,372,3,2023-12-31
8728,374,3,2023-12-31
8729,375,2,2023-12-31
8730,376,3,2023-12-31
8731,377,3,2023-12-31
8732,379,3,2023-12-31
8733,380,1,2023-12-31
8734,381,3,2023-12-31
8735,382,3,2023-12-31
8736,383,4,2023-12-31
8737,384,2,2023-12-31
8738,385,2,2023-12-31
8739,386,3,2023-12-31
8740,388,4,2023-12-31
8741,389,3,2023-12-31
8742,390,4,2023-12-31
8743,392,3,2023-12-31
8744,393,4,2023-12-31
8745,395,3,2023-12-31
8746,396,1,2023-12-31
8747,397,4,2023-12-31
8748,398,4,2023-12-31
8749,399,3,2023-12-31
8750,400,2,2023-12-31
8751,402,3,2023-12-31
8752,403,5,2023-12-31
8753,404,2,2023-12-31
8754,405,2,2023-12-31
8755,406,4,2023-12-31
8756,407,4,2023-12-31
8757,408,3,2023-12-31
8758,410,3,2023-12-31
8759,411,1,2023-12-31
8760,412,4,2023-12-31
8761,413,4,2023-12-31
8762,415,2,2023-12-31
8763,417,3,2023-12-31
8764,418,2,2023-12-31
8765,419,5,2023-12-31
8766,423,2,2023-12-31
8767,424,3,2023-12-31
8768,427,4,2023-12-31
8769,428,3,2023-12-31
8770,429,4,2023-12-31
8771,431,3,2023-12-31
8772,432,3,2023-12-31
8773,433,2,2023-12-31
8774,434,5,2023-12-31
8775,435,3,2023-12-31
8776,437,1,2023-12-31
8777,438,4,2023-12-31
8778,439,1,2023-12-31
8779,442,5,2023-12-31
8780,444,2,2023-12-31
8781,446,3,2023-12-31
8782,447,3,2023-12-31
8783,448,3,2023-12-31
8784,449,4,2023-12-31
8785,450,4,2023-12-31
8786,452,5,2023-12-31
8787,453,3,2023-12-31
8788,454,2,2023-12-31
8789,455,3,2023-12-31
8790,456,4,2023-12-31
8791,458,3,2023-12-31
8792,460,3,2023-12-31
8793,462,2,2023-12-31
8794,466,3,2023-12-31
8795,467,3,2023-12-31
8796,468,4,2023-12-31
8797,469,3,2023-12-31
8798,470,4,2023-12-31
8799,471,5,2023-12-31
8800,472,2,2023-12-31
8801,473,1,2023-12-31
8802,475,4,2023-12-31
8803,476,3,2023-12-31
8804,478,4,2023-12-31
8805,479,5,2023-12-31
8806,480,4,2023-12-31
8807,483,5,2023-12-31
8808,484,3,2023-12-31
8809,485,4,2023-12-31
8810,487,3,2023-12-31
8811,490,2,2023-12-31
8812,491,3,2023-12-31
8813,492,4,2023-12-31
8814,493,3,2023-12-31
8815,494,3,2023-12-31
8816,496,3,2023-12-31
8817,497,3,2023-12-31
8818,498,3,2023-12-31
8819,499,3,2023-12-31
8820,505,3,2023-12-31
8821,506,1,2023-12-31
8822,507,5,2023-12-31
8823,508,4,2023-12-31
8824,510,4,2023-12-31
8825,512,3,2023-12-31
8826,515,3,2023-12-31
8827,516,3,2023-12-31
8828,517,2,2023-12-31
8829,518,3,2023-12-31
8830,519,3,2023-12-31
8831,520,3,2023-12-31
8832,522,3,2023-12-31
8833,523,5,2023-12-31
8834,524,3,2023-12-31
8835,526,5,2023-12-31
8836,527,2,2023-12-31
8837,528,3,2023-12-31
8838,529,4,2023-12-31
8839,530,2,2023-12-31
8840,532,1,2023-12-31
8841,533,4,2023-12-31
8842,534,5,2023-12-31
8843,535,3,2023-12-31
8844,536,3,2023-12-31
8845,537,4,2023-12-31
8846,538,4,2023-12-31
8847,539,2,2023-12-31
8848,540,3,2023-12-31
8849,542,2,2023-12-31
8850,543,3,2023-12-31
8851,544,2,2023-12-31
8852,545,1,2023-12-31
8853,546,4,2023-12-31
8854,547,3,2023-12-31
8855,549,5,2023-12-31
8856,550,3,2023-12-31
8857,551,3,2023-12-31
8858,552,3,2023-12-31
8859,553,3,2023-12-31
8860,554,3,2023-12-31
8861,556,3,2023-12-31
8862,558,3,2023-12-31
8863,559,3,2023-12-31
8864,560,4,2023-12-31
8865,561,3,2023-12-31
8866,562,3,2023-12-31
8867,565,3,2023-12-31
8868,566,2,2023-12-31
8869,568,3,2023-12-31
8870,569,4,2023-12-31
8871,570,2,2023-12-31
8872,572,5,2023-12-31
8873,574,2,2023-12-31
8874,575,4,2023-12-31
8875,576,4,2023-12-31
8876,578,1,2023-12-31
8877,579,3,2023-12-31
8878,581,2,2023-12-31
8879,583,4,2023-12-31
8880,584,2,2023-12-31
8881,586,3,2023-12-31
8882,589,4,2023-12-31
8883,590,3,2023-12-31
8884,591,3,2023-12-31
8885,593,2,2023-12-31
8886,594,4,2023-12-31
8887,595,4,2023-12-31
8888,596,3,2023-12-31
8889,597,4,2023-12-31
8890,600,2,2023-12-31
8891,601,2,2023-12-31
8892,602,2,2023-12-31
8893,604,1,2023-12-31
8894,605,3,2023-12-31
8895,606,3,2023-12-31
8896,607,4,2023-12-31
8897,611,2,2023-12-31
8898,612,1,2023-12-31
8899,613,2,2023-12-31
8900,614,2,2023-12-31
8901,615,3,2023-12-31
8902,616,2,2023-12-31
8903,617,3,2023-12-31
8904,618,5,2023-12-31
8905,619,3,2023-12-31
8906,622,3,2023-12-31
8907,627,3,2023-12-31
8908,629,3,2023-12-31
8909,632,4,2023-12-31
8910,633,3,2023-12-31
8911,634,1,2023-12-31
8912,635,1,2023-12-31
8913,636,3,2023-12-31
8914,638,3,2023-12-31
8915,639,2,2023-12-31
8916,640,1,2023-12-31
8917,642,3,2023-12-31
8918,644,2,2023-12-31
8919,645,3,2023-12-31
8920,646,2,2023-12-31
8921,652,3,2023-12-31
8922,653,4,2023-12-31
8923,654,1,2023-12-31
8924,658,1,2023-12-31
8925,659,2,2023-12-31
8926,660,3,2023-12-31
8927,661,1,2023-12-31
8928,664,3,2023-12-31
8929,667,3,2023-12-31
8930,668,4,2023-12-31
8931,669,5,2023-12-31
8932,670,5,2023-12-31
8933,675,3,2023-12-31
8934,677,4,2023-12-31
8935,679,3,2023-12-31
8936,680,4,2023-12-31
8937,681,4,2023-12-31
8938,682,3,2023-12-31
8939,683,2,2023-12-31
8940,684,2,2023-12-31
8941,685,2,2023-12-31
8942,688,2,2023-12-31
8943,689,3,2023-12-31
8944,690,2,2023-12-31
8945,691,3,2023-12-31
8946,693,4,2023-12-31
8947,694,2,2023-12-31
8948,695,1,2023-12-31
8949,696,3,2023-12-31
8950,698,2,2023-12-31
8951,699,4,2023-12-31
8952,700,3,2023-12-31
8953,702,3,2023-12-31
8954,703,3,2023-12-31
8955,704,2,2023-12-31
8956,709,5,2023-12-31
8957,711,1,2023-12-31
8958,713,3,2023-12-31
8959,714,4,2023-12-31
8960,716,4,2023-12-31
8961,718,1,2023-12-31
8962,719,3,2023-12-31
8963,723,4,2023-12-31
8964,724,4,2023-12-31
8965,725,3,2023-12-31
8966,729,3,2023-12-31
8967,730,5,2023-12-31
8968,731,2,2023-12-31
8969,732,3,2023-12-31
8970,736,3,2023-12-31
8971,737,3,2023-12-31
8972,738,3,2023-12-31
8973,739,3,2023-12-31
8974,740,4,2023-12-31
8975,741,4,2023-12-31
8976,742,2,2023-12-31
8977,744,3,2023-12-31
8978,745,5,2023-12-31
8979,746,3,2023-12-31
8980,747,4,2023-12-31
8981,750,3,2023-12-31
8982,752,1,2023-12-31
8983,754,3,2023-12-31
8984,755,1,2023-12-31
8985,757,1,2023-12-31
8986,759,4,2023-12-31
8987,760,5,2023-12-31
8988,761,3,2023-12-31
8989,764,3,2023-12-31
8990,765,2,2023-12-31
8991,767,3,2023-12-31
8992,768,2,2023-12-31
8993,773,2,2023-12-31
8994,774,3,2023-12-31
8995,777,3,2023-12-31
8996,778,3,2023-12-31
8997,784,1,2023-12-31
8998,785,4,2023-12-31
8999,788,3,2023-12-31
9000,789,3,2023-12-31
9001,791,4,2023-12-31
9002,792,4,2023-12-31
9003,793,2,2023-12-31
9004,795,3,2023-12-31
9005,796,3,2023-12-31
9006,797,4,2023-12-31
9007,798,3,2023-12-31
9008,800,3,2023-12-31
9009,801,5,2023-12-31
9010,803,2,2023-12-31
9011,807,3,2023-12-31
9012,808,2,2023-12-31
9013,809,1,2023-12-31
9014,810,4,2023-12-31
9015,813,4,2023-12-31
9016,815,2,2023-12-31
9017,816,3,2023-12-31
9018,817,3,2023-12-31
9019,818,3,2023-12-31
9020,819,3,2023-12-31
9021,821,3,2023-12-31
9022,825,3,2023-12-31
9023,826,3,2023-12-31
9024,827,1,2023-12-31
9025,828,2,2023-12-31
9026,829,2,2023-12-31
9027,831,4,2023-12-31
9028,832,3,2023-12-31
9029,833,3,2023-12-31
9030,836,3,2023-12-31
9031,838,4,2023-12-31
9032,841,1,2023-12-31
9033,842,3,2023-12-31
9034,843,5,2023-12-31
9035,844,5,2023-12-31
9036,848,3,2023-12-31
9037,849,2,2023-12-31
9038,851,4,2023-12-31
9039,853,1,2023-12-31
9040,857,5,2023-12-31
9041,859,2,2023-12-31
9042,860,3,2023-12-31
9043,861,3,2023-12-31
9044,864,2,2023-12-31
9045,865,4,2023-12-31
9046,866,4,2023-12-31
9047,868,2,2023-12-31
9048,869,3,2023-12-31
9049,870,2,2023-12-31
9050,871,3,2023-12-31
9051,873,2,2023-12-31
9052,874,2,2023-12-31
9053,875,3,2023-12-31
9054,876,3,2023-12-31
9055,877,1,2023-12-31
9056,879,4,2023-12-31
9057,880,5,2023-12-31
9058,881,5,2023-12-31
9059,883,5,2023-12-31
9060,884,3,2023-12-31
9061,885,4,2023-12-31
9062,886,3,2023-12-31
9063,887,3,2023-12-31
9064,890,5,2023-12-31
9065,891,3,2023-12-31
9066,892,2,2023-12-31
9067,893,3,2023-12-31
9068,894,3,2023-12-31
9069,895,1,2023-12-31
9070,896,4,2023-12-31
9071,897,3,2023-12-31
9072,898,1,2023-12-31
9073,899,4,2023-12-31
9074,900,5,2023-12-31
9075,902,1,2023-12-31
9076,903,3,2023-12-31
9077,904,2,2023-12-31
9078,905,3,2023-12-31
9079,906,2,2023-12-31
9080,907,4,2023-12-31
9081,908,3,2023-12-31
9082,911,2,2023-12-31
9083,912,5,2023-12-31
9084,913,3,2023-12-31
9085,914,3,2023-12-31
9086,915,2,2023-12-31
9087,916,1,2023-12-31
9088,918,3,2023-12-31
9089,919,3,2023-12-31
9090,922,3,2023-12-31
9091,923,2,2023-12-31
9092,925,2,2023-12-31
9093,926,3,2023-12-31
9094,927,2,2023-12-31
9095,928,4,2023-12-31
9096,929,3,2023-12-31
9097,931,2,2023-12-31
9098,932,2,2023-12-31
9099,934,3,2023-12-31
9100,936,3,2023-12-31
9101,938,2,2023-12-31
9102,939,2,2023-12-31
9103,941,2,2023-12-31
9104,942,3,2023-12-31
9105,943,3,2023-12-31
9106,946,4,2023-12-31
9107,947,3,2023-12-31
9108,948,2,2023-12-31
9109,949,3,2023-12-31
9110,952,1,2023-12-31
9111,953,2,2023-12-31
9112,956,2,2023-12-31
9113,957,3,2023-12-31
9114,961,3,2023-12-31
9115,963,3,2023-12-31
9116,964,3,2023-12-31
9117,966,4,2023-12-31
9118,967,3,2023-12-31
9119,968,1,2023-12-31
9120,970,3,2023-12-31
9121,971,3,2023-12-31
9122,972,3,2023-12-31
9123,973,4,2023-12-31
9124,974,5,2023-12-31
9125,978,1,2023-12-31
9126,979,2,2023-12-31
9127,980,2,2023-12-31
9128,982,2,2023-12-31
9129,983,2,2023-12-31
9130,984,1,2023-12-31
9131,986,4,2023-12-31
9132,987,3,2023-12-31
9133,989,3,2023-12-31
9134,990,4,2023-12-31
9135,991,3,2023-12-31
9136,992,2,2023-12-31
9137,993,3,2023-12-31
9138,994,1,2023-12-31
9139,995,2,2023-12-31
9140,997,1,2023-12-31
9141,998,1,2023-12-31
9142,999,3,2023-12-31
9143,1000,2,2023-12-31
9144,1001,4,2023-12-31
9145,1002,4,2023-12-31
9146,1003,3,2023-12-31
9147,1004,3,2023-12-31
9148,1005,3,2023-12-31
9149,1008,2,2023-12-31
9150,1013,3,2023-12-31
9151,1015,1,2023-12-31
9152,1016,3,2023-12-31
9153,1017,1,2023-12-31
9154,1018,1,2023-12-31
9155,1020,3,2023-12-31
9156,1023,5,2023-12-31
9157,1025,2,2023-12-31
9158,1026,4,2023-12-31
9159,1027,2,2023-12-31
9160,1029,3,2023-12-31
9161,1030,3,2023-12-31
9162,1032,2,2023-12-31
9163,1033,2,2023-12-31
9164,1034,1,2023-12-31
9165,1035,5,2023-12-31
9166,1036,4,2023-12-31
9167,1037,1,2023-12-31
9168,1038,2,2023-12-31
9169,1039,3,2023-12-31
9170,1041,4,2023-12-31
9171,1043,3,2023-12-31
9172,1044,2,2023-12-31
9173,1045,2,2023-12-31
9174,1047,1,2023-12-31
9175,1049,3,2023-12-31
9176,1050,4,2023-12-31
9177,1051,2,2023-12-31
9178,1055,3,2023-12-31
9179,1057,1,2023-12-31
9180,1058,1,2023-12-31
9181,1059,3,2023-12-31
9182,1060,2,2023-12-31
9183,1061,3,2023-12-31
9184,1062,3,2023-12-31
9185,1063,5,2023-12-31
9186,1065,4,2023-12-31
9187,1066,1,2023-12-31
9188,1068,1,2023-12-31
9189,1069,3,2023-12-31
9190,1072,1,2023-12-31
9191,1073,1,2023-12-31
9192,1074,3,2023-12-31
9193,1075,5,2023-12-31
9194,1077,2,2023-12-31
9195,1078,1,2023-12-31
9196,1079,3,2023-12-31
9197,1080,3,2023-12-31
9198,1081,2,2023-12-31
9199,1083,4,2023-12-31
9200,1085,4,2023-12-31
9201,1086,3,2023-12-31
9202,1087,3,2023-12-31
9203,1088,3,2023-12-31
9204,1089,3,2023-12-31
9205,1090,2,2023-12-31
9206,1091,4,2023-12-31
9207,1092,3,2023-12-31
9208,1093,3,2023-12-31
9209,1094,3,2023-12-31
9210,1096,4,2023-12-31
9211,1097,4,2023-12-31
9212,1101,3,2023-12-31
9213,1102,3,2023-12-31
9214,1104,3,2023-12-31
9215,1105,3,2023-12-31
9216,1106,3,2023-12-31
9217,1107,5,2023-12-31
9218,1108,3,2023-12-31
9219,1109,5,2023-12-31
9220,1110,2,2023-12-31
9221,1111,5,2023-12-31
9222,1112,2,2023-12-31
9223,1113,5,2023-12-31
9224,1114,3,2023-12-31
9225,1115,2,2023-12-31
9226,1117,3,2023-12-31
9227,1121,4,2023-12-31
9228,1122,2,2023-12-31
9229,1123,1,2023-12-31
9230,1124,3,2023-12-31
9231,1125,2,2023-12-31
9232,1126,4,2023-12-31
9233,1127,3,2023-12-31
9234,1128,3,2023-12-31
9235,1129,3,2023-12-31
9236,1130,3,2023-12-31
9237,1131,3,2023-12-31
9238,1133,2,2023-12-31
9239,1134,4,2023-12-31
9240,1135,4,2023-12-31
9241,1136,3,2023-12-31
9242,1137,3,2023-12-31
9243,1138,3,2023-12-31
9244,1140,4,2023-12-31
9245,1141,3,2023-12-31
9246,1142,1,2023-12-31
9247,1143,3,2023-12-31
9248,1146,3,2023-12-31
9249,1147,4,2023-12-31
9250,1150,2,2023-12-31
9251,1151,3,2023-12-31
9252,1152,1,2023-12-31
9253,1154,3,2023-12-31
9254,1155,4,2023-12-31
9255,1158,5,2023-12-31
9256,1160,5,2023-12-31
9257,1161,2,2023-12-31
9258,1162,5,2023-12-31
9259,1163,3,2023-12-31
9260,1166,5,2023-12-31
9261,1167,4,2023-12-31
9262,1169,2,2023-12-31
9263,1170,5,2023-12-31
9264,1171,3,2023-12-31
9265,1172,1,2023-12-31
9266,1174,3,2023-12-31
9267,1175,4,2023-12-31
9268,1177,1,2023-12-31
9269,1178,3,2023-12-31
9270,1179,2,2023-12-31
9271,1180,3,2023-12-31
9272,1181,3,2023-12-31
9273,1182,3,2023-12-31
9274,1184,4,2023-12-31
9275,1185,3,2023-12-31
9276,1186,4,2023-12-31
9277,1187,5,2023-12-31
9278,1188,3,2023-12-31
9279,1189,1,2023-12-31
9280,1190,2,2023-12-31
9281,1191,1,2023-12-31
9282,1192,1,2023-12-31
9283,1193,5,2023-12-31
9284,1195,3,2023-12-31
9285,1196,2,2023-12-31
9286,1197,2,2023-12-31
9287,1199,4,2023-12-31
9288,1200,2,2023-12-31
9289,1201,2,2023-12-31
9290,1202,2,2023-12-31
9291,1203,3,2023-12-31
9292,1204,2,2023-12-31
9293,1205,3,2023-12-31
9294,1206,2,2023-12-31
9295,1208,2,2023-12-31
9296,1210,4,2023-12-31
9297,1212,5,2023-12-31
9298,1213,2,2023-12-31
9299,1216,2,2023-12-31
9300,1217,1,2023-12-31
9301,1219,1,2023-12-31
9302,1221,2,2023-12-31
9303,1222,1,2023-12-31
9304,1223,1,2023-12-31
9305,1224,4,2023-12-31
9306,1225,5,2023-12-31
9307,1226,3,2023-12-31
9308,1227,2,2023-12-31
9309,1229,4,2023-12-31
9310,1230,4,2023-12-31
9311,1231,2,2023-12-31
9312,1234,3,2023-12-31
9313,1236,3,2023-12-31
9314,1238,4,2023-12-31
9315,1239,3,2023-12-31
9316,1240,2,2023-12-31
9317,1241,2,2023-12-31
9318,1243,2,2023-12-31
9319,1246,5,2023-12-31
9320,1247,4,2023-12-31
9321,1249,5,2023-12-31
9322,1250,5,2023-12-31
9323,1251,4,2023-12-31
9324,1252,2,2023-12-31
9325,1253,4,2023-12-31
9326,1254,4,2023-12-31
9327,1255,3,2023-12-31
9328,1256,4,2023-12-31
9329,1257,2,2023-12-31
9330,1258,3,2023-12-31
9331,1259,3,2023-12-31
9332,1260,3,2023-12-31
9333,1261,3,2023-12-31
9334,1262,3,2023-12-31
9335,1263,3,2023-12-31
9336,1264,4,2023-12-31
9337,1265,3,2023-12-31
9338,1266,4,2023-12-31
9339,1267,5,2023-12-31
9340,1268,3,2023-12-31
9341,1269,3,2023-12-31
9342,1270,2,2023-12-31
9343,1271,3,2023-12-31
9344,1273,3,2023-12-31
9345,1274,3,2023-12-31
9346,1275,4,2023-12-31
9347,1276,4,2023-12-31
9348,1277,5,2023-12-31
9349,1278,2,2023-12-31
9350,1280,1,2023-12-31
9351,1281,4,2023-12-31
9352,1282,4,2023-12-31
9353,1283,4,2023-12-31
9354,1285,2,2023-12-31
9355,1286,1,2023-12-31
9356,1287,1,2023-12-31
9357,1288,4,2023-12-31
9358,1291,3,2023-12-31
9359,1293,2,2023-12-31
9360,1296,3,2023-12-31
9361,1297,1,2023-12-31
9362,1300,5,2023-12-31
9363,1302,1,2023-12-31
9364,1304,5,2023-12-31
9365,1305,3,2023-12-31
9366,1306,4,2023-12-31
9367,1307,3,2023-12-31
9368,1308,2,2023-12-31
9369,1309,4,2023-12-31
9370,1311,5,2023-12-31
9371,1312,2,2023-12-31
9372,1313,3,2023-12-31
9373,1314,2,2023-12-31
9374,1315,5,2023-12-31
9375,1316,1,2023-12-31
9376,1317,2,2023-12-31
9377,1318,4,2023-12-31
9378,1320,3,2023-12-31
9379,1322,3,2023-12-31
9380,1323,4,2023-12-31
9381,1324,2,2023-12-31
9382,1325,2,2023-12-31
9383,1326,3,2023-12-31
9384,1327,4,2023-12-31
9385,1328,3,2023-12-31
9386,1330,1,2023-12-31
9387,1331,3,2023-12-31
9388,1332,2,2023-12-31
9389,1333,2,2023-12-31
9390,1334,5,2023-12-31
9391,1335,2,2023-12-31
9392,1336,5,2023-12-31
9393,1337,3,2023-12-31
9394,1338,1,2023-12-31
9395,1340,5,2023-12-31
9396,1341,2,2023-12-31
9397,1342,4,2023-12-31
9398,1343,4,2023-12-31
9399,1344,3,2023-12-31
9400,1345,2,2023-12-31
9401,1346,5,2023-12-31
9402,1347,1,2023-12-31
9403,1348,3,2023-12-31
9404,1349,4,2023-12-31
9405,1350,2,2023-12-31
9406,1351,3,2023-12-31
9407,1352,2,2023-12-31
9408,1353,3,2023-12-31
9409,1354,1,2023-12-31
9410,1355,3,2023-12-31
9411,1356,2,2023-12-31
9412,1358,3,2023-12-31
9413,1359,3,2023-12-31
9414,1361,3,2023-12-31
9415,1362,2,2023-12-31
9416,1363,5,2023-12-31
9417,1364,5,2023-12-31
9418,1365,2,2023-12-31
9419,1366,4,2023-12-31
9420,1367,5,2023-12-31
9421,1368,3,2023-12-31
9422,1370,2,2023-12-31
9423,1371,3,2023-12-31
9424,1372,3,2023-12-31
9425,1373,1,2023-12-31
9426,1374,3,2023-12-31
9427,1375,5,2023-12-31
9428,1376,4,2023-12-31
9429,1378,3,2023-12-31
9430,1379,2,2023-12-31
9431,1380,4,2023-12-31
9432,1381,4,2023-12-31
9433,1382,1,2023-12-31
9434,1383,3,2023-12-31
9435,1384,2,2023-12-31
9436,1385,3,2023-12-31
9437,1386,1,2023-12-31
9438,1387,2,2023-12-31
9439,1388,3,2023-12-31
9440,1389,4,2023-12-31
9441,1390,2,2023-12-31
9442,1391,2,2023-12-31
9443,1392,3,2023-12-31
9444,1393,3,2023-12-31
9445,1394,4,2023-12-31
9446,1395,1,2023-12-31
9447,1396,3,2023-12-31
9448,1397,3,2023-12-31
9449,1398,3,2023-12-31
9450,1399,1,2023-12-31
9451,1400,5,2023-12-31
9452,1401,3,2023-12-31
9453,1402,1,2023-12-31
9454,1403,3,2023-12-31
9455,1405,4,2023-12-31
9456,1406,2,2023-12-31
9457,1407,4,2023-12-31
9458,1408,3,2023-12-31
9459,1409,3,2023-12-31
9460,1410,5,2023-12-31
9461,1411,2,2023-12-31
9462,1412,3,2023-12-31
9463,1413,4,2023-12-31
9464,1414,2,2023-12-31
9465,1415,2,2023-12-31
9466,1416,2,2023-12-31
9467,1418,1,2023-12-31
9468,1419,4,2023-12-31
9469,1420,3,2023-12-31
9470,1421,2,2023-12-31
9471,1422,4,2023-12-31
9472,1423,3,2023-12-31
9473,1424,2,2023-12-31
9474,1425,3,2023-12-31
9475,1426,3,2023-12-31
9476,1428,3,2023-12-31
9477,1429,3,2023-12-31
9478,1430,3,2023-12-31
9479,1431,3,2023-12-31
9480,1432,3,2023-12-31
9481,1433,4,2023-12-31
9482,1434,3,2023-12-31
9483,1435,2,2023-12-31
9484,1436,4,2023-12-31
9485,1437,2,2023-12-31
9486,1439,3,2023-12-31
9487,1440,1,2023-12-31
9488,1441,3,2023-12-31
9489,1442,4,2023-12-31
9490,1443,3,2023-12-31
9491,1444,3,2023-12-31
9492,1445,2,2023-12-31
9493,1446,5,2023-12-31
9494,1447,5,2023-12-31
9495,1448,5,2023-12-31
9496,1449,2,2023-12-31
9497,1450,3,2023-12-31
9498,1451,3,2023-12-31
9499,1452,4,2023-12-31
9500,1454,5,2023-12-31
9501,1455,4,2023-12-31
9502,1456,3,2023-12-31
9503,1457,3,2023-12-31
9504,1458,3,2023-12-31
9505,1459,3,2023-12-31
9506,1460,2,2023-12-31
9507,1461,5,2023-12-31
9508,1462,5,2023-12-31
9509,1463,3,2023-12-31
9510,1464,3,2023-12-31
9511,1465,3,2023-12-31
9512,1466,1,2023-12-31
9513,1467,3,2023-12-31
9514,1468,4,2023-12-31
9515,1469,3,2023-12-31
9516,1470,3,2023-12-31
9517,1471,3,2023-12-31
9518,1472,3,2023-12-31
9519,1473,2,2023-12-31
9520,1474,4,2023-12-31
9521,1475,2,2023-12-31
9522,1476,5,2023-12-31
9523,1477,1,2023-12-31
9524,1478,3,2023-12-31
9525,1479,3,2023-12-31
9526,1480,2,2023-12-31
9527,1481,5,2023-12-31
9528,1482,3,2023-12-31
9529,1483,3,2023-12-31
9530,1484,3,2023-12-31
9531,1485,1,2023-12-31
9532,1486,2,2023-12-31
9533,1487,5,2023-12-31
9534,1488,3,2023-12-31
9535,1489,4,2023-12-31
9536,1490,3,2023-12-31
9537,1491,3,2023-12-31
9538,1492,4,2023-12-31
9539,1493,3,2023-12-31
9540,1494,3,2023-12-31
9541,1495,3,2023-12-31
9542,1496,2,2023-12-31
9543,1497,2,2023-12-31
9544,1498,3,2023-12-31
9545,1499,3,2023-12-31
9546,1500,5,2023-12-31
9547,1501,5,2023-12-31
9548,1502,3,2023-12-31
9549,1504,3,2023-12-31
9550,1505,4,2023-12-31
9551,1506,5,2023-12-31
9552,1507,3,2023-12-31
9553,1508,1,2023-12-31
9554,1509,3,2023-12-31
9555,1510,2,2023-12-31
9556,1511,5,2023-12-31
9557,1512,4,2023-12-31
9558,1513,3,2023-12-31
9559,1514,4,2023-12-31
9560,1515,3,2023-12-31
9561,1516,3,2023-12-31
9562,1517,3,2023-12-31
9563,1518,4,2023-12-31
9564,1519,2,2023-12-31
9565,1520,3,2023-12-31
9566,1521,2,2023-12-31
9567,1522,1,2023-12-31
9568,1523,1,2023-12-31
9569,1524,2,2023-12-31
9570,1525,4,2023-12-31
9571,1526,2,2023-12-31
9572,1527,3,2023-12-31
9573,1528,4,2023-12-31
9574,1529,4,2023-12-31
9575,1530,3,2023-12-31
9576,1531,3,2023-12-31
9577,1532,4,2023-12-31
9578,1533,4,2023-12-31
9579,1534,1,2023-12-31
9580,1535,5,2023-12-31
9581,1537,2,2023-12-31
9582,1538,3,2023-12-31
9583,1539,3,2023-12-31
9584,1540,2,2023-12-31
9585,1541,3,2023-12-31
9586,1542,5,2023-12-31
9587,1543,5,2023-12-31
9588,1544,4,2023-12-31
9589,1545,3,2023-12-31
9590,1546,3,2023-12-31
9591,1548,3,2023-12-31
9592,1549,4,2023-12-31
9593,1550,3,2023-12-31
9594,1551,3,2023-12-31
9595,1552,4,2023-12-31
9596,1553,3,2023-12-31
9597,1554,4,2023-12-31
9598,1555,2,2023-12-31
9599,1556,1,2023-12-31
9600,1557,5,2023-12-31
9601,1558,3,2023-12-31
9602,1559,2,2023-12-31
9603,1560,4,2023-12-31
9604,1561,2,2023-12-31
9605,1562,2,2023-12-31
